2026-03-10 16:44:08.368 | INFO     | __main__:main:51 - Initialisation de la base de données...
2026-03-10 16:44:08.409 | SUCCESS  | db:init_db:113 - Base de données initialisée avec succès
2026-03-10 16:44:08.410 | INFO     | __main__:scraper_ligue:28 - === Début scraping : Premier League ===
2026-03-10 16:44:08.410 | INFO     | __main__:scraper_ligue:30 - [Premier League] Scraping classement...
2026-03-10 16:44:10.304 | INFO     | browser:charger_page:52 - Chargement : https://fbref.com/en/comps/9/2024-2025/2024-2025-Premier-League-Stats
2026-03-10 16:45:10.326 | ERROR    | browser:charger_page:62 - Erreur chargement https://fbref.com/en/comps/9/2024-2025/2024-2025-Premier-League-Stats : Page.goto: Timeout 60000ms exceeded.
Call log:
  - navigating to "https://fbref.com/en/comps/9/2024-2025/2024-2025-Premier-League-Stats", waiting until "networkidle"

2026-03-10 16:45:10.497 | WARNING  | fixtures:scraper_classement:23 - Aucun HTML récupéré pour classement Premier League
2026-03-10 16:45:10.497 | INFO     | __main__:scraper_ligue:34 - [Premier League] Scraping résultats...
2026-03-10 16:45:11.293 | INFO     | browser:charger_page:52 - Chargement : https://fbref.com/en/comps/9/2024-2025/schedule/2024-2025-Premier-League-Scores-and-Fixtures
2026-03-10 16:46:11.313 | ERROR    | browser:charger_page:62 - Erreur chargement https://fbref.com/en/comps/9/2024-2025/schedule/2024-2025-Premier-League-Scores-and-Fixtures : Page.goto: Timeout 60000ms exceeded.
Call log:
  - navigating to "https://fbref.com/en/comps/9/2024-2025/schedule/2024-2025-Premier-League-Scores-and-Fixtures", waiting until "networkidle"

2026-03-10 16:46:11.435 | WARNING  | fixtures:scraper_resultats:107 - Aucun HTML récupéré pour résultats Premier League
2026-03-10 16:46:11.436 | INFO     | __main__:scraper_ligue:38 - [Premier League] Scraping stats joueurs...
2026-03-10 16:46:12.222 | INFO     | browser:charger_page:52 - Chargement : https://fbref.com/en/comps/9/2024-2025/stats/2024-2025-Premier-League-Stats
2026-03-10 16:47:12.237 | ERROR    | browser:charger_page:62 - Erreur chargement https://fbref.com/en/comps/9/2024-2025/stats/2024-2025-Premier-League-Stats : Page.goto: Timeout 60000ms exceeded.
Call log:
  - navigating to "https://fbref.com/en/comps/9/2024-2025/stats/2024-2025-Premier-League-Stats", waiting until "networkidle"

2026-03-10 16:47:12.338 | WARNING  | players:scraper_stats_joueurs:34 - Aucun HTML récupéré pour stats joueurs Premier League
2026-03-10 16:47:12.338 | INFO     | __main__:scraper_ligue:42 - [Premier League] Scraping stats équipes...
2026-03-10 16:47:13.256 | INFO     | browser:charger_page:52 - Chargement : https://fbref.com/en/comps/9/2024-2025/2024-2025-Premier-League-Stats
2026-03-10 16:47:35.999 | ERROR    | browser:charger_page:62 - Erreur chargement https://fbref.com/en/comps/9/2024-2025/2024-2025-Premier-League-Stats : Page.goto: net::ERR_NETWORK_CHANGED at https://fbref.com/en/comps/9/2024-2025/2024-2025-Premier-League-Stats
Call log:
  - navigating to "https://fbref.com/en/comps/9/2024-2025/2024-2025-Premier-League-Stats", waiting until "networkidle"

2026-03-10 16:47:36.104 | WARNING  | teams:scraper_stats_equipes:23 - Aucun HTML récupéré pour stats équipes Premier League
2026-03-10 16:47:36.104 | SUCCESS  | __main__:scraper_ligue:46 - === Scraping terminé : Premier League ===
2026-03-10 16:47:36.105 | INFO     | __main__:scraper_ligue:28 - === Début scraping : La Liga ===
2026-03-10 16:47:36.105 | INFO     | __main__:scraper_ligue:30 - [La Liga] Scraping classement...
2026-03-10 16:47:36.982 | INFO     | browser:charger_page:52 - Chargement : https://fbref.com/en/comps/12/2024-2025/2024-2025-La-Liga-Stats
2026-03-10 16:47:49.016 | ERROR    | browser:charger_page:62 - Erreur chargement https://fbref.com/en/comps/12/2024-2025/2024-2025-La-Liga-Stats : Page.goto: net::ERR_NETWORK_CHANGED at https://fbref.com/en/comps/12/2024-2025/2024-2025-La-Liga-Stats
Call log:
  - navigating to "https://fbref.com/en/comps/12/2024-2025/2024-2025-La-Liga-Stats", waiting until "networkidle"

2026-03-10 16:47:49.370 | WARNING  | fixtures:scraper_classement:23 - Aucun HTML récupéré pour classement La Liga
2026-03-10 16:47:49.371 | INFO     | __main__:scraper_ligue:34 - [La Liga] Scraping résultats...
2026-03-10 16:47:50.431 | INFO     | browser:charger_page:52 - Chargement : https://fbref.com/en/comps/12/2024-2025/schedule/2024-2025-La-Liga-Scores-and-Fixtures
2026-03-10 16:47:50.450 | ERROR    | browser:charger_page:62 - Erreur chargement https://fbref.com/en/comps/12/2024-2025/schedule/2024-2025-La-Liga-Scores-and-Fixtures : Page.goto: net::ERR_INTERNET_DISCONNECTED at https://fbref.com/en/comps/12/2024-2025/schedule/2024-2025-La-Liga-Scores-and-Fixtures
Call log:
  - navigating to "https://fbref.com/en/comps/12/2024-2025/schedule/2024-2025-La-Liga-Scores-and-Fixtures", waiting until "networkidle"

2026-03-10 16:47:50.542 | WARNING  | fixtures:scraper_resultats:107 - Aucun HTML récupéré pour résultats La Liga
2026-03-10 16:47:50.542 | INFO     | __main__:scraper_ligue:38 - [La Liga] Scraping stats joueurs...
2026-03-10 16:47:51.434 | INFO     | browser:charger_page:52 - Chargement : https://fbref.com/en/comps/12/2024-2025/stats/2024-2025-La-Liga-Stats
2026-03-10 16:47:51.450 | ERROR    | browser:charger_page:62 - Erreur chargement https://fbref.com/en/comps/12/2024-2025/stats/2024-2025-La-Liga-Stats : Page.goto: net::ERR_INTERNET_DISCONNECTED at https://fbref.com/en/comps/12/2024-2025/stats/2024-2025-La-Liga-Stats
Call log:
  - navigating to "https://fbref.com/en/comps/12/2024-2025/stats/2024-2025-La-Liga-Stats", waiting until "networkidle"

2026-03-10 16:47:51.529 | WARNING  | players:scraper_stats_joueurs:34 - Aucun HTML récupéré pour stats joueurs La Liga
2026-03-10 16:47:51.529 | INFO     | __main__:scraper_ligue:42 - [La Liga] Scraping stats équipes...
2026-03-10 16:47:52.411 | INFO     | browser:charger_page:52 - Chargement : https://fbref.com/en/comps/12/2024-2025/2024-2025-La-Liga-Stats
2026-03-10 16:47:52.453 | ERROR    | browser:charger_page:62 - Erreur chargement https://fbref.com/en/comps/12/2024-2025/2024-2025-La-Liga-Stats : Page.goto: net::ERR_INTERNET_DISCONNECTED at https://fbref.com/en/comps/12/2024-2025/2024-2025-La-Liga-Stats
Call log:
  - navigating to "https://fbref.com/en/comps/12/2024-2025/2024-2025-La-Liga-Stats", waiting until "networkidle"

2026-03-10 16:47:52.631 | WARNING  | teams:scraper_stats_equipes:23 - Aucun HTML récupéré pour stats équipes La Liga
2026-03-10 16:47:52.631 | SUCCESS  | __main__:scraper_ligue:46 - === Scraping terminé : La Liga ===
2026-03-10 16:47:52.632 | INFO     | __main__:scraper_ligue:28 - === Début scraping : Serie A ===
2026-03-10 16:47:52.632 | INFO     | __main__:scraper_ligue:30 - [Serie A] Scraping classement...
2026-03-10 16:47:53.511 | INFO     | browser:charger_page:52 - Chargement : https://fbref.com/en/comps/11/2024-2025/2024-2025-Serie-A-Stats
2026-03-10 16:47:53.534 | ERROR    | browser:charger_page:62 - Erreur chargement https://fbref.com/en/comps/11/2024-2025/2024-2025-Serie-A-Stats : Page.goto: net::ERR_INTERNET_DISCONNECTED at https://fbref.com/en/comps/11/2024-2025/2024-2025-Serie-A-Stats
Call log:
  - navigating to "https://fbref.com/en/comps/11/2024-2025/2024-2025-Serie-A-Stats", waiting until "networkidle"

2026-03-10 16:47:53.619 | WARNING  | fixtures:scraper_classement:23 - Aucun HTML récupéré pour classement Serie A
2026-03-10 16:47:53.619 | INFO     | __main__:scraper_ligue:34 - [Serie A] Scraping résultats...
2026-03-10 16:47:54.428 | INFO     | browser:charger_page:52 - Chargement : https://fbref.com/en/comps/11/2024-2025/schedule/2024-2025-Serie-A-Scores-and-Fixtures
2026-03-10 16:47:54.448 | ERROR    | browser:charger_page:62 - Erreur chargement https://fbref.com/en/comps/11/2024-2025/schedule/2024-2025-Serie-A-Scores-and-Fixtures : Page.goto: net::ERR_INTERNET_DISCONNECTED at https://fbref.com/en/comps/11/2024-2025/schedule/2024-2025-Serie-A-Scores-and-Fixtures
Call log:
  - navigating to "https://fbref.com/en/comps/11/2024-2025/schedule/2024-2025-Serie-A-Scores-and-Fixtures", waiting until "networkidle"

2026-03-10 16:47:54.571 | WARNING  | fixtures:scraper_resultats:107 - Aucun HTML récupéré pour résultats Serie A
2026-03-10 16:47:54.571 | INFO     | __main__:scraper_ligue:38 - [Serie A] Scraping stats joueurs...
2026-03-10 16:47:55.534 | INFO     | browser:charger_page:52 - Chargement : https://fbref.com/en/comps/11/2024-2025/stats/2024-2025-Serie-A-Stats
2026-03-10 16:47:55.551 | ERROR    | browser:charger_page:62 - Erreur chargement https://fbref.com/en/comps/11/2024-2025/stats/2024-2025-Serie-A-Stats : Page.goto: net::ERR_INTERNET_DISCONNECTED at https://fbref.com/en/comps/11/2024-2025/stats/2024-2025-Serie-A-Stats
Call log:
  - navigating to "https://fbref.com/en/comps/11/2024-2025/stats/2024-2025-Serie-A-Stats", waiting until "networkidle"

2026-03-10 16:47:55.646 | WARNING  | players:scraper_stats_joueurs:34 - Aucun HTML récupéré pour stats joueurs Serie A
2026-03-10 16:47:55.646 | INFO     | __main__:scraper_ligue:42 - [Serie A] Scraping stats équipes...
2026-03-10 16:47:56.784 | INFO     | browser:charger_page:52 - Chargement : https://fbref.com/en/comps/11/2024-2025/2024-2025-Serie-A-Stats
2026-03-10 16:47:56.804 | ERROR    | browser:charger_page:62 - Erreur chargement https://fbref.com/en/comps/11/2024-2025/2024-2025-Serie-A-Stats : Page.goto: net::ERR_INTERNET_DISCONNECTED at https://fbref.com/en/comps/11/2024-2025/2024-2025-Serie-A-Stats
Call log:
  - navigating to "https://fbref.com/en/comps/11/2024-2025/2024-2025-Serie-A-Stats", waiting until "networkidle"

2026-03-10 16:47:56.902 | WARNING  | teams:scraper_stats_equipes:23 - Aucun HTML récupéré pour stats équipes Serie A
2026-03-10 16:47:56.902 | SUCCESS  | __main__:scraper_ligue:46 - === Scraping terminé : Serie A ===
2026-03-10 16:47:56.902 | INFO     | __main__:scraper_ligue:28 - === Début scraping : Ligue 1 ===
2026-03-10 16:47:56.903 | INFO     | __main__:scraper_ligue:30 - [Ligue 1] Scraping classement...
2026-03-10 16:47:57.855 | INFO     | browser:charger_page:52 - Chargement : https://fbref.com/en/comps/13/2024-2025/2024-2025-Ligue-1-Stats
2026-03-10 16:47:57.876 | ERROR    | browser:charger_page:62 - Erreur chargement https://fbref.com/en/comps/13/2024-2025/2024-2025-Ligue-1-Stats : Page.goto: net::ERR_INTERNET_DISCONNECTED at https://fbref.com/en/comps/13/2024-2025/2024-2025-Ligue-1-Stats
Call log:
  - navigating to "https://fbref.com/en/comps/13/2024-2025/2024-2025-Ligue-1-Stats", waiting until "networkidle"

2026-03-10 16:47:58.034 | WARNING  | fixtures:scraper_classement:23 - Aucun HTML récupéré pour classement Ligue 1
2026-03-10 16:47:58.034 | INFO     | __main__:scraper_ligue:34 - [Ligue 1] Scraping résultats...
2026-03-10 16:47:58.976 | INFO     | browser:charger_page:52 - Chargement : https://fbref.com/en/comps/13/2024-2025/schedule/2024-2025-Ligue-1-Scores-and-Fixtures
2026-03-10 16:48:01.020 | ERROR    | browser:charger_page:62 - Erreur chargement https://fbref.com/en/comps/13/2024-2025/schedule/2024-2025-Ligue-1-Scores-and-Fixtures : Page.goto: net::ERR_INTERNET_DISCONNECTED at https://fbref.com/en/comps/13/2024-2025/schedule/2024-2025-Ligue-1-Scores-and-Fixtures
Call log:
  - navigating to "https://fbref.com/en/comps/13/2024-2025/schedule/2024-2025-Ligue-1-Scores-and-Fixtures", waiting until "networkidle"

2026-03-10 16:48:01.109 | WARNING  | fixtures:scraper_resultats:107 - Aucun HTML récupéré pour résultats Ligue 1
2026-03-10 16:48:01.109 | INFO     | __main__:scraper_ligue:38 - [Ligue 1] Scraping stats joueurs...
2026-03-10 16:48:02.014 | INFO     | browser:charger_page:52 - Chargement : https://fbref.com/en/comps/13/2024-2025/stats/2024-2025-Ligue-1-Stats
2026-03-10 16:48:02.031 | ERROR    | browser:charger_page:62 - Erreur chargement https://fbref.com/en/comps/13/2024-2025/stats/2024-2025-Ligue-1-Stats : Page.goto: net::ERR_INTERNET_DISCONNECTED at https://fbref.com/en/comps/13/2024-2025/stats/2024-2025-Ligue-1-Stats
Call log:
  - navigating to "https://fbref.com/en/comps/13/2024-2025/stats/2024-2025-Ligue-1-Stats", waiting until "networkidle"

2026-03-10 16:48:02.120 | WARNING  | players:scraper_stats_joueurs:34 - Aucun HTML récupéré pour stats joueurs Ligue 1
2026-03-10 16:48:02.121 | INFO     | __main__:scraper_ligue:42 - [Ligue 1] Scraping stats équipes...
2026-03-10 16:48:03.030 | INFO     | browser:charger_page:52 - Chargement : https://fbref.com/en/comps/13/2024-2025/2024-2025-Ligue-1-Stats
2026-03-10 16:48:03.047 | ERROR    | browser:charger_page:62 - Erreur chargement https://fbref.com/en/comps/13/2024-2025/2024-2025-Ligue-1-Stats : Page.goto: net::ERR_INTERNET_DISCONNECTED at https://fbref.com/en/comps/13/2024-2025/2024-2025-Ligue-1-Stats
Call log:
  - navigating to "https://fbref.com/en/comps/13/2024-2025/2024-2025-Ligue-1-Stats", waiting until "networkidle"

2026-03-10 16:48:03.134 | WARNING  | teams:scraper_stats_equipes:23 - Aucun HTML récupéré pour stats équipes Ligue 1
2026-03-10 16:48:03.138 | SUCCESS  | __main__:scraper_ligue:46 - === Scraping terminé : Ligue 1 ===
2026-03-10 16:48:03.138 | INFO     | __main__:main:62 - Téléchargement des images joueurs...
2026-03-10 16:48:03.151 | INFO     | images:telecharger_toutes_images:105 - 0 images à télécharger
2026-03-10 16:48:03.157 | SUCCESS  | images:telecharger_toutes_images:121 - 0/0 images téléchargées avec succès
2026-03-10 16:48:03.159 | SUCCESS  | __main__:main:65 - Scraping complet terminé. Base de données prête.
2026-03-10 16:54:59.805 | INFO     | __main__:main:51 - Initialisation de la base de données...
2026-03-10 16:54:59.809 | SUCCESS  | db:init_db:113 - Base de données initialisée avec succès
2026-03-10 16:54:59.810 | INFO     | __main__:scraper_ligue:28 - === Début scraping : Premier League ===
2026-03-10 16:54:59.810 | INFO     | __main__:scraper_ligue:30 - [Premier League] Scraping classement...
2026-03-10 16:55:00.656 | INFO     | browser:charger_page:53 - Chargement : https://fbref.com/en/comps/9/2024-2025/2024-2025-Premier-League-Stats
2026-03-10 16:55:16.798 | WARNING  | fixtures:scraper_classement:37 - Table classement introuvable pour Premier League
2026-03-10 16:55:16.799 | INFO     | __main__:scraper_ligue:34 - [Premier League] Scraping résultats...
2026-03-10 16:55:17.667 | INFO     | browser:charger_page:53 - Chargement : https://fbref.com/en/comps/9/2024-2025/schedule/2024-2025-Premier-League-Scores-and-Fixtures
2026-03-10 16:55:26.949 | WARNING  | fixtures:scraper_resultats:121 - Table résultats introuvable pour Premier League
2026-03-10 16:55:26.950 | INFO     | __main__:scraper_ligue:38 - [Premier League] Scraping stats joueurs...
2026-03-10 16:55:27.736 | INFO     | browser:charger_page:53 - Chargement : https://fbref.com/en/comps/9/2024-2025/stats/2024-2025-Premier-League-Stats
2026-03-10 16:55:37.801 | WARNING  | players:scraper_stats_joueurs:48 - Table stats joueurs introuvable pour Premier League
2026-03-10 16:55:37.802 | INFO     | __main__:scraper_ligue:42 - [Premier League] Scraping stats équipes...
2026-03-10 16:55:38.589 | INFO     | browser:charger_page:53 - Chargement : https://fbref.com/en/comps/9/2024-2025/2024-2025-Premier-League-Stats
2026-03-10 16:55:49.726 | WARNING  | teams:scraper_stats_equipes:45 - Table stats équipes introuvable pour Premier League
2026-03-10 16:55:49.726 | SUCCESS  | __main__:scraper_ligue:46 - === Scraping terminé : Premier League ===
2026-03-10 16:55:49.727 | INFO     | __main__:scraper_ligue:28 - === Début scraping : La Liga ===
2026-03-10 16:55:49.727 | INFO     | __main__:scraper_ligue:30 - [La Liga] Scraping classement...
2026-03-10 16:55:50.510 | INFO     | browser:charger_page:53 - Chargement : https://fbref.com/en/comps/12/2024-2025/2024-2025-La-Liga-Stats
2026-03-10 16:56:02.772 | WARNING  | fixtures:scraper_classement:37 - Table classement introuvable pour La Liga
2026-03-10 16:56:02.773 | INFO     | __main__:scraper_ligue:34 - [La Liga] Scraping résultats...
2026-03-10 16:56:03.555 | INFO     | browser:charger_page:53 - Chargement : https://fbref.com/en/comps/12/2024-2025/schedule/2024-2025-La-Liga-Scores-and-Fixtures
2026-03-10 16:56:15.088 | WARNING  | fixtures:scraper_resultats:121 - Table résultats introuvable pour La Liga
2026-03-10 16:56:15.088 | INFO     | __main__:scraper_ligue:38 - [La Liga] Scraping stats joueurs...
2026-03-10 16:56:15.858 | INFO     | browser:charger_page:53 - Chargement : https://fbref.com/en/comps/12/2024-2025/stats/2024-2025-La-Liga-Stats
2026-03-10 16:56:27.202 | WARNING  | players:scraper_stats_joueurs:48 - Table stats joueurs introuvable pour La Liga
2026-03-10 16:56:27.203 | INFO     | __main__:scraper_ligue:42 - [La Liga] Scraping stats équipes...
2026-03-10 16:56:27.988 | INFO     | browser:charger_page:53 - Chargement : https://fbref.com/en/comps/12/2024-2025/2024-2025-La-Liga-Stats
2026-03-10 16:56:39.437 | WARNING  | teams:scraper_stats_equipes:45 - Table stats équipes introuvable pour La Liga
2026-03-10 16:56:39.437 | SUCCESS  | __main__:scraper_ligue:46 - === Scraping terminé : La Liga ===
2026-03-10 16:56:39.437 | INFO     | __main__:scraper_ligue:28 - === Début scraping : Serie A ===
2026-03-10 16:56:39.438 | INFO     | __main__:scraper_ligue:30 - [Serie A] Scraping classement...
2026-03-10 16:56:40.278 | INFO     | browser:charger_page:53 - Chargement : https://fbref.com/en/comps/11/2024-2025/2024-2025-Serie-A-Stats
2026-03-10 16:56:51.031 | WARNING  | fixtures:scraper_classement:37 - Table classement introuvable pour Serie A
2026-03-10 16:56:51.031 | INFO     | __main__:scraper_ligue:34 - [Serie A] Scraping résultats...
2026-03-10 16:56:51.814 | INFO     | browser:charger_page:53 - Chargement : https://fbref.com/en/comps/11/2024-2025/schedule/2024-2025-Serie-A-Scores-and-Fixtures
2026-03-10 16:57:04.249 | WARNING  | fixtures:scraper_resultats:121 - Table résultats introuvable pour Serie A
2026-03-10 16:57:04.250 | INFO     | __main__:scraper_ligue:38 - [Serie A] Scraping stats joueurs...
2026-03-10 16:57:05.045 | INFO     | browser:charger_page:53 - Chargement : https://fbref.com/en/comps/11/2024-2025/stats/2024-2025-Serie-A-Stats
2026-03-10 16:57:17.663 | WARNING  | players:scraper_stats_joueurs:48 - Table stats joueurs introuvable pour Serie A
2026-03-10 16:57:17.664 | INFO     | __main__:scraper_ligue:42 - [Serie A] Scraping stats équipes...
2026-03-10 16:57:18.487 | INFO     | browser:charger_page:53 - Chargement : https://fbref.com/en/comps/11/2024-2025/2024-2025-Serie-A-Stats
2026-03-10 16:57:32.258 | WARNING  | teams:scraper_stats_equipes:45 - Table stats équipes introuvable pour Serie A
2026-03-10 16:57:32.259 | SUCCESS  | __main__:scraper_ligue:46 - === Scraping terminé : Serie A ===
2026-03-10 16:57:32.259 | INFO     | __main__:scraper_ligue:28 - === Début scraping : Ligue 1 ===
2026-03-10 16:57:32.259 | INFO     | __main__:scraper_ligue:30 - [Ligue 1] Scraping classement...
2026-03-10 16:57:33.102 | INFO     | browser:charger_page:53 - Chargement : https://fbref.com/en/comps/13/2024-2025/2024-2025-Ligue-1-Stats
2026-03-10 16:57:42.572 | WARNING  | fixtures:scraper_classement:37 - Table classement introuvable pour Ligue 1
2026-03-10 16:57:42.573 | INFO     | __main__:scraper_ligue:34 - [Ligue 1] Scraping résultats...
2026-03-10 16:57:43.492 | INFO     | browser:charger_page:53 - Chargement : https://fbref.com/en/comps/13/2024-2025/schedule/2024-2025-Ligue-1-Scores-and-Fixtures
2026-03-10 16:57:54.665 | WARNING  | fixtures:scraper_resultats:121 - Table résultats introuvable pour Ligue 1
2026-03-10 16:57:54.666 | INFO     | __main__:scraper_ligue:38 - [Ligue 1] Scraping stats joueurs...
2026-03-10 16:57:55.467 | INFO     | browser:charger_page:53 - Chargement : https://fbref.com/en/comps/13/2024-2025/stats/2024-2025-Ligue-1-Stats
2026-03-10 16:58:04.854 | WARNING  | players:scraper_stats_joueurs:48 - Table stats joueurs introuvable pour Ligue 1
2026-03-10 16:58:04.854 | INFO     | __main__:scraper_ligue:42 - [Ligue 1] Scraping stats équipes...
2026-03-10 16:58:05.652 | INFO     | browser:charger_page:53 - Chargement : https://fbref.com/en/comps/13/2024-2025/2024-2025-Ligue-1-Stats
2026-03-10 16:58:18.321 | WARNING  | teams:scraper_stats_equipes:45 - Table stats équipes introuvable pour Ligue 1
2026-03-10 16:58:18.322 | SUCCESS  | __main__:scraper_ligue:46 - === Scraping terminé : Ligue 1 ===
2026-03-10 16:58:18.322 | INFO     | __main__:main:62 - Téléchargement des images joueurs...
2026-03-10 16:58:18.323 | INFO     | images:telecharger_toutes_images:105 - 0 images à télécharger
2026-03-10 16:58:18.324 | SUCCESS  | images:telecharger_toutes_images:121 - 0/0 images téléchargées avec succès
2026-03-10 16:58:18.324 | SUCCESS  | __main__:main:65 - Scraping complet terminé. Base de données prête.
2026-03-10 17:02:40.007 | INFO     | __main__:main:51 - Initialisation de la base de données...
2026-03-10 17:02:40.009 | SUCCESS  | db:init_db:113 - Base de données initialisée avec succès
2026-03-10 17:02:40.010 | INFO     | __main__:scraper_ligue:28 - === Début scraping : Premier League ===
2026-03-10 17:02:40.010 | INFO     | __main__:scraper_ligue:30 - [Premier League] Scraping classement...
2026-03-10 17:02:41.613 | INFO     | browser:charger_page:52 - Chargement : https://fbref.com/en/comps/9/2024-2025/2024-2025-Premier-League-Stats
2026-03-10 17:03:02.462 | WARNING  | browser:charger_page:61 - Aucune table détectée après 20s sur : https://fbref.com/en/comps/9/2024-2025/2024-2025-Premier-League-Stats
2026-03-10 17:03:11.375 | WARNING  | fixtures:scraper_classement:37 - Table classement introuvable pour Premier League
2026-03-10 17:03:11.376 | INFO     | __main__:scraper_ligue:34 - [Premier League] Scraping résultats...
2026-03-10 17:03:12.667 | INFO     | browser:charger_page:52 - Chargement : https://fbref.com/en/comps/9/2024-2025/schedule/2024-2025-Premier-League-Scores-and-Fixtures
2026-03-10 17:03:33.301 | WARNING  | browser:charger_page:61 - Aucune table détectée après 20s sur : https://fbref.com/en/comps/9/2024-2025/schedule/2024-2025-Premier-League-Scores-and-Fixtures
2026-03-10 17:03:35.610 | ERROR    | browser:charger_page:74 - Erreur chargement https://fbref.com/en/comps/9/2024-2025/schedule/2024-2025-Premier-League-Scores-and-Fixtures : Page.wait_for_timeout: Target page, context or browser has been closed
2026-03-10 17:03:35.943 | WARNING  | fixtures:scraper_resultats:107 - Aucun HTML récupéré pour résultats Premier League
2026-03-10 17:03:35.944 | INFO     | __main__:scraper_ligue:38 - [Premier League] Scraping stats joueurs...
2026-03-10 17:03:37.310 | INFO     | browser:charger_page:52 - Chargement : https://fbref.com/en/comps/9/2024-2025/stats/2024-2025-Premier-League-Stats
2026-03-10 17:03:54.379 | INFO     | __main__:main:51 - Initialisation de la base de données...
2026-03-10 17:03:54.381 | SUCCESS  | db:init_db:113 - Base de données initialisée avec succès
2026-03-10 17:03:54.381 | INFO     | __main__:scraper_ligue:28 - === Début scraping : Premier League ===
2026-03-10 17:03:54.382 | INFO     | __main__:scraper_ligue:30 - [Premier League] Scraping classement...
2026-03-10 17:03:55.570 | INFO     | browser:charger_page:52 - Chargement : https://fbref.com/en/comps/9/2024-2025/2024-2025-Premier-League-Stats
2026-03-10 17:04:16.270 | WARNING  | browser:charger_page:61 - Aucune table détectée après 20s sur : https://fbref.com/en/comps/9/2024-2025/2024-2025-Premier-League-Stats
2026-03-10 17:04:19.059 | ERROR    | browser:charger_page:74 - Erreur chargement https://fbref.com/en/comps/9/2024-2025/2024-2025-Premier-League-Stats : Page.wait_for_timeout: Target page, context or browser has been closed
2026-03-10 17:04:19.356 | WARNING  | fixtures:scraper_classement:23 - Aucun HTML récupéré pour classement Premier League
2026-03-10 17:04:19.357 | INFO     | __main__:scraper_ligue:34 - [Premier League] Scraping résultats...
2026-03-10 17:04:20.918 | INFO     | browser:charger_page:52 - Chargement : https://fbref.com/en/comps/9/2024-2025/schedule/2024-2025-Premier-League-Scores-and-Fixtures
2026-03-10 17:04:33.689 | WARNING  | browser:charger_page:61 - Aucune table détectée après 20s sur : https://fbref.com/en/comps/9/2024-2025/schedule/2024-2025-Premier-League-Scores-and-Fixtures
2026-03-10 17:04:33.694 | ERROR    | browser:charger_page:74 - Erreur chargement https://fbref.com/en/comps/9/2024-2025/schedule/2024-2025-Premier-League-Scores-and-Fixtures : Page.wait_for_timeout: Target page, context or browser has been closed
2026-03-10 17:04:33.967 | WARNING  | fixtures:scraper_resultats:107 - Aucun HTML récupéré pour résultats Premier League
2026-03-10 17:04:33.967 | INFO     | __main__:scraper_ligue:38 - [Premier League] Scraping stats joueurs...
2026-03-10 17:04:35.377 | INFO     | browser:charger_page:52 - Chargement : https://fbref.com/en/comps/9/2024-2025/stats/2024-2025-Premier-League-Stats
2026-03-10 17:06:43.056 | INFO     | __main__:main:51 - Initialisation de la base de données...
2026-03-10 17:06:43.058 | SUCCESS  | db:init_db:113 - Base de données initialisée avec succès
2026-03-10 17:06:43.059 | INFO     | __main__:scraper_ligue:28 - === Début scraping : Premier League ===
2026-03-10 17:06:43.059 | INFO     | __main__:scraper_ligue:30 - [Premier League] Scraping classement...
2026-03-10 17:06:44.192 | INFO     | browser:charger_page:56 - Chargement : https://fbref.com/en/comps/9/2024-2025/2024-2025-Premier-League-Stats
2026-03-10 17:06:54.417 | ERROR    | browser:charger_page:71 - Erreur chargement https://fbref.com/en/comps/9/2024-2025/2024-2025-Premier-League-Stats : Page.content: Unable to retrieve content because the page is navigating and changing the content.
2026-03-10 17:06:54.704 | WARNING  | fixtures:scraper_classement:23 - Aucun HTML récupéré pour classement Premier League
2026-03-10 17:06:54.705 | INFO     | __main__:scraper_ligue:34 - [Premier League] Scraping résultats...
2026-03-10 17:06:55.893 | INFO     | browser:charger_page:56 - Chargement : https://fbref.com/en/comps/9/2024-2025/schedule/2024-2025-Premier-League-Scores-and-Fixtures
2026-03-10 17:07:06.445 | ERROR    | browser:charger_page:71 - Erreur chargement https://fbref.com/en/comps/9/2024-2025/schedule/2024-2025-Premier-League-Scores-and-Fixtures : Page.content: Unable to retrieve content because the page is navigating and changing the content.
2026-03-10 17:07:06.748 | WARNING  | fixtures:scraper_resultats:107 - Aucun HTML récupéré pour résultats Premier League
2026-03-10 17:07:06.749 | INFO     | __main__:scraper_ligue:38 - [Premier League] Scraping stats joueurs...
2026-03-10 17:07:07.917 | INFO     | browser:charger_page:56 - Chargement : https://fbref.com/en/comps/9/2024-2025/stats/2024-2025-Premier-League-Stats
2026-03-10 17:07:19.315 | WARNING  | players:scraper_stats_joueurs:48 - Table stats joueurs introuvable pour Premier League
2026-03-10 17:07:19.316 | INFO     | __main__:scraper_ligue:42 - [Premier League] Scraping stats équipes...
2026-03-10 17:07:20.579 | INFO     | browser:charger_page:56 - Chargement : https://fbref.com/en/comps/9/2024-2025/2024-2025-Premier-League-Stats
2026-03-10 17:07:22.763 | ERROR    | browser:charger_page:71 - Erreur chargement https://fbref.com/en/comps/9/2024-2025/2024-2025-Premier-League-Stats : Page.wait_for_timeout: Target page, context or browser has been closed
2026-03-10 17:07:23.084 | WARNING  | teams:scraper_stats_equipes:23 - Aucun HTML récupéré pour stats équipes Premier League
2026-03-10 17:07:23.085 | SUCCESS  | __main__:scraper_ligue:46 - === Scraping terminé : Premier League ===
2026-03-10 17:07:23.086 | INFO     | __main__:scraper_ligue:28 - === Début scraping : La Liga ===
2026-03-10 17:07:23.087 | INFO     | __main__:scraper_ligue:30 - [La Liga] Scraping classement...
2026-03-10 17:07:59.845 | INFO     | __main__:main:51 - Initialisation de la base de données...
2026-03-10 17:07:59.847 | SUCCESS  | db:init_db:113 - Base de données initialisée avec succès
2026-03-10 17:07:59.847 | INFO     | __main__:scraper_ligue:28 - === Début scraping : Premier League ===
2026-03-10 17:07:59.848 | INFO     | __main__:scraper_ligue:30 - [Premier League] Scraping classement...
2026-03-10 17:08:01.020 | INFO     | browser:charger_page:56 - Chargement : https://fbref.com/en/comps/9/2024-2025/2024-2025-Premier-League-Stats
2026-03-10 17:08:11.557 | WARNING  | fixtures:scraper_classement:37 - Table classement introuvable pour Premier League
2026-03-10 17:08:11.557 | INFO     | __main__:scraper_ligue:34 - [Premier League] Scraping résultats...
2026-03-10 17:08:12.789 | INFO     | browser:charger_page:56 - Chargement : https://fbref.com/en/comps/9/2024-2025/schedule/2024-2025-Premier-League-Scores-and-Fixtures
2026-03-10 17:08:23.387 | WARNING  | fixtures:scraper_resultats:121 - Table résultats introuvable pour Premier League
2026-03-10 17:08:23.387 | INFO     | __main__:scraper_ligue:38 - [Premier League] Scraping stats joueurs...
2026-03-10 17:08:24.655 | INFO     | browser:charger_page:56 - Chargement : https://fbref.com/en/comps/9/2024-2025/stats/2024-2025-Premier-League-Stats
2026-03-10 17:08:27.411 | ERROR    | browser:charger_page:71 - Erreur chargement https://fbref.com/en/comps/9/2024-2025/stats/2024-2025-Premier-League-Stats : Page.wait_for_timeout: Target page, context or browser has been closed
2026-03-10 17:08:27.717 | WARNING  | players:scraper_stats_joueurs:34 - Aucun HTML récupéré pour stats joueurs Premier League
2026-03-10 17:08:27.718 | INFO     | __main__:scraper_ligue:42 - [Premier League] Scraping stats équipes...
2026-03-10 17:08:29.046 | INFO     | browser:charger_page:56 - Chargement : https://fbref.com/en/comps/9/2024-2025/2024-2025-Premier-League-Stats
2026-03-10 17:17:09.898 | INFO     | __main__:main:51 - Initialisation de la base de données...
2026-03-10 17:17:09.900 | SUCCESS  | db:init_db:113 - Base de données initialisée avec succès
2026-03-10 17:17:09.901 | INFO     | __main__:scraper_ligue:28 - === Début scraping : Premier League ===
2026-03-10 17:17:09.901 | INFO     | __main__:scraper_ligue:30 - [Premier League] Scraping classement...
2026-03-10 17:17:11.148 | INFO     | browser:charger_page:52 - Chargement : https://fbref.com/en/comps/9/2024-2025/2024-2025-Premier-League-Stats
2026-03-10 17:18:11.162 | ERROR    | browser:charger_page:62 - Erreur chargement https://fbref.com/en/comps/9/2024-2025/2024-2025-Premier-League-Stats : Page.goto: Timeout 60000ms exceeded.
Call log:
  - navigating to "https://fbref.com/en/comps/9/2024-2025/2024-2025-Premier-League-Stats", waiting until "networkidle"

2026-03-10 17:18:11.300 | WARNING  | fixtures:scraper_classement:23 - Aucun HTML récupéré pour classement Premier League
2026-03-10 17:18:11.301 | INFO     | __main__:scraper_ligue:34 - [Premier League] Scraping résultats...
2026-03-10 17:18:12.202 | INFO     | browser:charger_page:52 - Chargement : https://fbref.com/en/comps/9/2024-2025/schedule/2024-2025-Premier-League-Scores-and-Fixtures
2026-03-10 17:19:12.219 | ERROR    | browser:charger_page:62 - Erreur chargement https://fbref.com/en/comps/9/2024-2025/schedule/2024-2025-Premier-League-Scores-and-Fixtures : Page.goto: Timeout 60000ms exceeded.
Call log:
  - navigating to "https://fbref.com/en/comps/9/2024-2025/schedule/2024-2025-Premier-League-Scores-and-Fixtures", waiting until "networkidle"

2026-03-10 17:19:12.336 | WARNING  | fixtures:scraper_resultats:107 - Aucun HTML récupéré pour résultats Premier League
2026-03-10 17:19:12.337 | INFO     | __main__:scraper_ligue:38 - [Premier League] Scraping stats joueurs...
2026-03-10 17:19:13.135 | INFO     | browser:charger_page:52 - Chargement : https://fbref.com/en/comps/9/2024-2025/stats/2024-2025-Premier-League-Stats
2026-03-10 17:20:13.146 | ERROR    | browser:charger_page:62 - Erreur chargement https://fbref.com/en/comps/9/2024-2025/stats/2024-2025-Premier-League-Stats : Page.goto: Timeout 60000ms exceeded.
Call log:
  - navigating to "https://fbref.com/en/comps/9/2024-2025/stats/2024-2025-Premier-League-Stats", waiting until "networkidle"

2026-03-10 17:20:13.268 | WARNING  | players:scraper_stats_joueurs:34 - Aucun HTML récupéré pour stats joueurs Premier League
2026-03-10 17:20:13.269 | INFO     | __main__:scraper_ligue:42 - [Premier League] Scraping stats équipes...
2026-03-10 17:20:14.075 | INFO     | browser:charger_page:52 - Chargement : https://fbref.com/en/comps/9/2024-2025/2024-2025-Premier-League-Stats
2026-03-10 17:21:14.097 | ERROR    | browser:charger_page:62 - Erreur chargement https://fbref.com/en/comps/9/2024-2025/2024-2025-Premier-League-Stats : Page.goto: Timeout 60000ms exceeded.
Call log:
  - navigating to "https://fbref.com/en/comps/9/2024-2025/2024-2025-Premier-League-Stats", waiting until "networkidle"

2026-03-10 17:21:14.210 | WARNING  | teams:scraper_stats_equipes:23 - Aucun HTML récupéré pour stats équipes Premier League
2026-03-10 17:21:14.211 | SUCCESS  | __main__:scraper_ligue:46 - === Scraping terminé : Premier League ===
2026-03-10 17:21:14.211 | INFO     | __main__:scraper_ligue:28 - === Début scraping : La Liga ===
2026-03-10 17:21:14.211 | INFO     | __main__:scraper_ligue:30 - [La Liga] Scraping classement...
2026-03-10 17:21:15.084 | INFO     | browser:charger_page:52 - Chargement : https://fbref.com/en/comps/12/2024-2025/2024-2025-La-Liga-Stats
2026-03-10 17:22:15.091 | ERROR    | browser:charger_page:62 - Erreur chargement https://fbref.com/en/comps/12/2024-2025/2024-2025-La-Liga-Stats : Page.goto: Timeout 60000ms exceeded.
Call log:
  - navigating to "https://fbref.com/en/comps/12/2024-2025/2024-2025-La-Liga-Stats", waiting until "networkidle"

2026-03-10 17:22:15.258 | WARNING  | fixtures:scraper_classement:23 - Aucun HTML récupéré pour classement La Liga
2026-03-10 17:22:15.259 | INFO     | __main__:scraper_ligue:34 - [La Liga] Scraping résultats...
2026-03-10 17:22:16.230 | INFO     | browser:charger_page:52 - Chargement : https://fbref.com/en/comps/12/2024-2025/schedule/2024-2025-La-Liga-Scores-and-Fixtures
2026-03-10 17:23:16.242 | ERROR    | browser:charger_page:62 - Erreur chargement https://fbref.com/en/comps/12/2024-2025/schedule/2024-2025-La-Liga-Scores-and-Fixtures : Page.goto: Timeout 60000ms exceeded.
Call log:
  - navigating to "https://fbref.com/en/comps/12/2024-2025/schedule/2024-2025-La-Liga-Scores-and-Fixtures", waiting until "networkidle"

2026-03-10 17:23:16.368 | WARNING  | fixtures:scraper_resultats:107 - Aucun HTML récupéré pour résultats La Liga
2026-03-10 17:23:16.368 | INFO     | __main__:scraper_ligue:38 - [La Liga] Scraping stats joueurs...
2026-03-10 17:23:17.374 | INFO     | browser:charger_page:52 - Chargement : https://fbref.com/en/comps/12/2024-2025/stats/2024-2025-La-Liga-Stats
2026-03-10 17:24:17.391 | ERROR    | browser:charger_page:62 - Erreur chargement https://fbref.com/en/comps/12/2024-2025/stats/2024-2025-La-Liga-Stats : Page.goto: Timeout 60000ms exceeded.
Call log:
  - navigating to "https://fbref.com/en/comps/12/2024-2025/stats/2024-2025-La-Liga-Stats", waiting until "networkidle"

2026-03-10 17:24:17.521 | WARNING  | players:scraper_stats_joueurs:34 - Aucun HTML récupéré pour stats joueurs La Liga
2026-03-10 17:24:17.522 | INFO     | __main__:scraper_ligue:42 - [La Liga] Scraping stats équipes...
2026-03-10 17:24:18.707 | INFO     | browser:charger_page:52 - Chargement : https://fbref.com/en/comps/12/2024-2025/2024-2025-La-Liga-Stats
2026-03-10 17:25:18.715 | ERROR    | browser:charger_page:62 - Erreur chargement https://fbref.com/en/comps/12/2024-2025/2024-2025-La-Liga-Stats : Page.goto: Timeout 60000ms exceeded.
Call log:
  - navigating to "https://fbref.com/en/comps/12/2024-2025/2024-2025-La-Liga-Stats", waiting until "networkidle"

2026-03-10 17:25:18.846 | WARNING  | teams:scraper_stats_equipes:23 - Aucun HTML récupéré pour stats équipes La Liga
2026-03-10 17:25:18.847 | SUCCESS  | __main__:scraper_ligue:46 - === Scraping terminé : La Liga ===
2026-03-10 17:25:18.848 | INFO     | __main__:scraper_ligue:28 - === Début scraping : Serie A ===
2026-03-10 17:25:18.848 | INFO     | __main__:scraper_ligue:30 - [Serie A] Scraping classement...
2026-03-10 17:25:19.717 | INFO     | browser:charger_page:52 - Chargement : https://fbref.com/en/comps/11/2024-2025/2024-2025-Serie-A-Stats
2026-03-10 17:26:19.727 | ERROR    | browser:charger_page:62 - Erreur chargement https://fbref.com/en/comps/11/2024-2025/2024-2025-Serie-A-Stats : Page.goto: Timeout 60000ms exceeded.
Call log:
  - navigating to "https://fbref.com/en/comps/11/2024-2025/2024-2025-Serie-A-Stats", waiting until "networkidle"

2026-03-10 17:26:19.909 | WARNING  | fixtures:scraper_classement:23 - Aucun HTML récupéré pour classement Serie A
2026-03-10 17:26:19.909 | INFO     | __main__:scraper_ligue:34 - [Serie A] Scraping résultats...
2026-03-10 17:26:20.834 | INFO     | browser:charger_page:52 - Chargement : https://fbref.com/en/comps/11/2024-2025/schedule/2024-2025-Serie-A-Scores-and-Fixtures
2026-03-10 17:27:20.849 | ERROR    | browser:charger_page:62 - Erreur chargement https://fbref.com/en/comps/11/2024-2025/schedule/2024-2025-Serie-A-Scores-and-Fixtures : Page.goto: Timeout 60000ms exceeded.
Call log:
  - navigating to "https://fbref.com/en/comps/11/2024-2025/schedule/2024-2025-Serie-A-Scores-and-Fixtures", waiting until "networkidle"

2026-03-10 17:27:21.037 | WARNING  | fixtures:scraper_resultats:107 - Aucun HTML récupéré pour résultats Serie A
2026-03-10 17:27:21.037 | INFO     | __main__:scraper_ligue:38 - [Serie A] Scraping stats joueurs...
2026-03-10 17:27:22.031 | INFO     | browser:charger_page:52 - Chargement : https://fbref.com/en/comps/11/2024-2025/stats/2024-2025-Serie-A-Stats
2026-03-10 17:31:36.459 | INFO     | __main__:main:51 - Initialisation de la base de données...
2026-03-10 17:31:36.461 | SUCCESS  | db:init_db:113 - Base de données initialisée avec succès
2026-03-10 17:31:36.461 | INFO     | __main__:scraper_ligue:28 - === Début scraping : Premier League ===
2026-03-10 17:31:36.462 | INFO     | __main__:scraper_ligue:30 - [Premier League] Scraping classement...
2026-03-10 17:31:37.285 | INFO     | browser:charger_page:53 - Chargement : https://fbref.com/en/comps/9/2024-2025/2024-2025-Premier-League-Stats
2026-03-10 17:31:50.878 | WARNING  | fixtures:scraper_classement:37 - Table classement introuvable pour Premier League
2026-03-10 17:31:50.878 | INFO     | __main__:scraper_ligue:34 - [Premier League] Scraping résultats...
2026-03-10 17:31:51.672 | INFO     | browser:charger_page:53 - Chargement : https://fbref.com/en/comps/9/2024-2025/schedule/2024-2025-Premier-League-Scores-and-Fixtures
2026-03-10 17:32:02.817 | WARNING  | fixtures:scraper_resultats:121 - Table résultats introuvable pour Premier League
2026-03-10 17:32:02.818 | INFO     | __main__:scraper_ligue:38 - [Premier League] Scraping stats joueurs...
2026-03-10 17:32:03.591 | INFO     | browser:charger_page:53 - Chargement : https://fbref.com/en/comps/9/2024-2025/stats/2024-2025-Premier-League-Stats
2026-03-10 17:32:14.029 | WARNING  | players:scraper_stats_joueurs:48 - Table stats joueurs introuvable pour Premier League
2026-03-10 17:32:14.029 | INFO     | __main__:scraper_ligue:42 - [Premier League] Scraping stats équipes...
2026-03-10 17:32:14.887 | INFO     | browser:charger_page:53 - Chargement : https://fbref.com/en/comps/9/2024-2025/2024-2025-Premier-League-Stats
2026-03-10 17:32:32.692 | INFO     | __main__:main:51 - Initialisation de la base de données...
2026-03-10 17:32:32.694 | SUCCESS  | db:init_db:113 - Base de données initialisée avec succès
2026-03-10 17:32:32.695 | INFO     | __main__:scraper_ligue:28 - === Début scraping : Premier League ===
2026-03-10 17:32:32.695 | INFO     | __main__:scraper_ligue:30 - [Premier League] Scraping classement...
2026-03-10 17:32:33.525 | INFO     | browser:charger_page:53 - Chargement : https://fbref.com/en/comps/9/2024-2025/2024-2025-Premier-League-Stats
2026-03-10 17:32:46.614 | WARNING  | fixtures:scraper_classement:37 - Table classement introuvable pour Premier League
2026-03-10 17:32:46.616 | INFO     | __main__:scraper_ligue:34 - [Premier League] Scraping résultats...
2026-03-10 17:32:47.682 | INFO     | browser:charger_page:53 - Chargement : https://fbref.com/en/comps/9/2024-2025/schedule/2024-2025-Premier-League-Scores-and-Fixtures
2026-03-10 17:32:59.938 | WARNING  | fixtures:scraper_resultats:121 - Table résultats introuvable pour Premier League
2026-03-10 17:32:59.939 | INFO     | __main__:scraper_ligue:38 - [Premier League] Scraping stats joueurs...
2026-03-10 17:33:00.809 | INFO     | browser:charger_page:53 - Chargement : https://fbref.com/en/comps/9/2024-2025/stats/2024-2025-Premier-League-Stats
2026-03-10 17:33:15.105 | WARNING  | players:scraper_stats_joueurs:48 - Table stats joueurs introuvable pour Premier League
2026-03-10 17:33:15.105 | INFO     | __main__:scraper_ligue:42 - [Premier League] Scraping stats équipes...
2026-03-10 17:33:15.950 | INFO     | browser:charger_page:53 - Chargement : https://fbref.com/en/comps/9/2024-2025/2024-2025-Premier-League-Stats
2026-03-10 17:33:29.805 | WARNING  | teams:scraper_stats_equipes:45 - Table stats équipes introuvable pour Premier League
2026-03-10 17:33:29.806 | SUCCESS  | __main__:scraper_ligue:46 - === Scraping terminé : Premier League ===
2026-03-10 17:33:29.806 | INFO     | __main__:scraper_ligue:28 - === Début scraping : La Liga ===
2026-03-10 17:33:29.806 | INFO     | __main__:scraper_ligue:30 - [La Liga] Scraping classement...
2026-03-10 17:33:30.670 | INFO     | browser:charger_page:53 - Chargement : https://fbref.com/en/comps/12/2024-2025/2024-2025-La-Liga-Stats
2026-03-10 17:33:44.490 | WARNING  | fixtures:scraper_classement:37 - Table classement introuvable pour La Liga
2026-03-10 17:33:44.491 | INFO     | __main__:scraper_ligue:34 - [La Liga] Scraping résultats...
2026-03-10 17:33:45.572 | INFO     | browser:charger_page:53 - Chargement : https://fbref.com/en/comps/12/2024-2025/schedule/2024-2025-La-Liga-Scores-and-Fixtures
2026-03-10 17:33:55.572 | WARNING  | fixtures:scraper_resultats:121 - Table résultats introuvable pour La Liga
2026-03-10 17:33:55.573 | INFO     | __main__:scraper_ligue:38 - [La Liga] Scraping stats joueurs...
2026-03-10 17:33:56.626 | INFO     | browser:charger_page:53 - Chargement : https://fbref.com/en/comps/12/2024-2025/stats/2024-2025-La-Liga-Stats
2026-03-10 17:34:09.138 | WARNING  | players:scraper_stats_joueurs:48 - Table stats joueurs introuvable pour La Liga
2026-03-10 17:34:09.138 | INFO     | __main__:scraper_ligue:42 - [La Liga] Scraping stats équipes...
2026-03-10 17:34:10.091 | INFO     | browser:charger_page:53 - Chargement : https://fbref.com/en/comps/12/2024-2025/2024-2025-La-Liga-Stats
2026-03-10 17:34:20.783 | WARNING  | teams:scraper_stats_equipes:45 - Table stats équipes introuvable pour La Liga
2026-03-10 17:34:20.784 | SUCCESS  | __main__:scraper_ligue:46 - === Scraping terminé : La Liga ===
2026-03-10 17:34:20.784 | INFO     | __main__:scraper_ligue:28 - === Début scraping : Serie A ===
2026-03-10 17:34:20.784 | INFO     | __main__:scraper_ligue:30 - [Serie A] Scraping classement...
2026-03-10 17:34:21.644 | INFO     | browser:charger_page:53 - Chargement : https://fbref.com/en/comps/11/2024-2025/2024-2025-Serie-A-Stats
2026-03-10 17:34:32.916 | WARNING  | fixtures:scraper_classement:37 - Table classement introuvable pour Serie A
2026-03-10 17:34:32.917 | INFO     | __main__:scraper_ligue:34 - [Serie A] Scraping résultats...
2026-03-10 17:34:33.765 | INFO     | browser:charger_page:53 - Chargement : https://fbref.com/en/comps/11/2024-2025/schedule/2024-2025-Serie-A-Scores-and-Fixtures
2026-03-10 17:34:45.057 | WARNING  | fixtures:scraper_resultats:121 - Table résultats introuvable pour Serie A
2026-03-10 17:34:45.058 | INFO     | __main__:scraper_ligue:38 - [Serie A] Scraping stats joueurs...
2026-03-10 17:34:45.836 | INFO     | browser:charger_page:53 - Chargement : https://fbref.com/en/comps/11/2024-2025/stats/2024-2025-Serie-A-Stats
2026-03-10 17:37:34.200 | INFO     | __main__:main:51 - Initialisation de la base de données...
2026-03-10 17:37:34.202 | SUCCESS  | db:init_db:113 - Base de données initialisée avec succès
2026-03-10 17:37:34.202 | INFO     | __main__:scraper_ligue:28 - === Début scraping : Premier League ===
2026-03-10 17:37:34.202 | INFO     | __main__:scraper_ligue:30 - [Premier League] Scraping classement...
2026-03-10 17:37:35.115 | INFO     | browser:charger_page:60 - Chargement : https://fbref.com/en/comps/9/2024-2025/2024-2025-Premier-League-Stats
2026-03-10 17:37:46.946 | WARNING  | browser:charger_page:79 - HTML trop court, nouvelle attente...
2026-03-10 17:37:52.153 | WARNING  | fixtures:scraper_classement:37 - Table classement introuvable pour Premier League
2026-03-10 17:37:52.153 | INFO     | __main__:scraper_ligue:34 - [Premier League] Scraping résultats...
2026-03-10 17:37:53.010 | INFO     | browser:charger_page:60 - Chargement : https://fbref.com/en/comps/9/2024-2025/schedule/2024-2025-Premier-League-Scores-and-Fixtures
2026-03-10 17:38:05.675 | WARNING  | browser:charger_page:79 - HTML trop court, nouvelle attente...
2026-03-10 17:38:10.860 | WARNING  | fixtures:scraper_resultats:121 - Table résultats introuvable pour Premier League
2026-03-10 17:38:10.861 | INFO     | __main__:scraper_ligue:38 - [Premier League] Scraping stats joueurs...
2026-03-10 17:38:11.783 | INFO     | browser:charger_page:60 - Chargement : https://fbref.com/en/comps/9/2024-2025/stats/2024-2025-Premier-League-Stats
2026-03-10 17:38:25.882 | WARNING  | browser:charger_page:79 - HTML trop court, nouvelle attente...
2026-03-10 17:38:31.025 | WARNING  | players:scraper_stats_joueurs:48 - Table stats joueurs introuvable pour Premier League
2026-03-10 17:38:31.025 | INFO     | __main__:scraper_ligue:42 - [Premier League] Scraping stats équipes...
2026-03-10 17:38:32.026 | INFO     | browser:charger_page:60 - Chargement : https://fbref.com/en/comps/9/2024-2025/2024-2025-Premier-League-Stats
2026-03-11 08:32:53.731 | INFO     | __main__:main:51 - Initialisation de la base de données...
2026-03-11 08:32:53.734 | SUCCESS  | db:init_db:113 - Base de données initialisée avec succès
2026-03-11 08:32:53.735 | INFO     | __main__:scraper_ligue:28 - === Début scraping : Premier League ===
2026-03-11 08:32:53.735 | INFO     | __main__:scraper_ligue:30 - [Premier League] Scraping classement...
2026-03-11 08:32:54.869 | INFO     | browser:charger_page:60 - Chargement : https://fbref.com/en/comps/9/2024-2025/2024-2025-Premier-League-Stats
2026-03-11 08:33:08.181 | WARNING  | browser:charger_page:79 - HTML trop court, nouvelle attente...
2026-03-11 08:33:13.387 | WARNING  | fixtures:scraper_classement:37 - Table classement introuvable pour Premier League
2026-03-11 08:33:13.388 | INFO     | __main__:scraper_ligue:34 - [Premier League] Scraping résultats...
2026-03-11 08:33:14.371 | INFO     | browser:charger_page:60 - Chargement : https://fbref.com/en/comps/9/2024-2025/schedule/2024-2025-Premier-League-Scores-and-Fixtures
2026-03-11 08:33:26.487 | WARNING  | browser:charger_page:79 - HTML trop court, nouvelle attente...
2026-03-11 08:37:50.731 | INFO     | __main__:main:51 - Initialisation de la base de données...
2026-03-11 08:37:50.733 | SUCCESS  | db:init_db:113 - Base de données initialisée avec succès
2026-03-11 08:37:50.733 | INFO     | __main__:scraper_ligue:28 - === Début scraping : Premier League ===
2026-03-11 08:37:50.733 | INFO     | __main__:scraper_ligue:30 - [Premier League] Scraping classement...
2026-03-11 08:37:52.534 | INFO     | browser:charger_page:98 - Chargement : https://fbref.com/en/comps/9/2024-2025/2024-2025-Premier-League-Stats
2026-03-11 08:38:12.788 | WARNING  | browser:resoudre_captcha_manuellement:73 - 🔐 CAPTCHA détecté — règle-le manuellement dans le navigateur...
2026-03-11 08:38:12.791 | WARNING  | browser:resoudre_captcha_manuellement:74 - ⏳ Tu as 60 secondes pour cocher la case 'Je ne suis pas un robot'
2026-03-11 08:38:17.859 | INFO     | browser:resoudre_captcha_manuellement:87 - ⏳ Attente CAPTCHA... (5s / 60s)
2026-03-11 08:38:22.867 | INFO     | browser:resoudre_captcha_manuellement:87 - ⏳ Attente CAPTCHA... (10s / 60s)
2026-03-11 08:38:27.925 | INFO     | browser:resoudre_captcha_manuellement:87 - ⏳ Attente CAPTCHA... (15s / 60s)
2026-03-11 08:38:32.940 | WARNING  | browser:charger_page:126 - Tentative 1/3 échouée pour https://fbref.com/en/comps/9/2024-2025/2024-2025-Premier-League-Stats : Page.content: Target page, context or browser has been closed
2026-03-11 08:38:42.944 | INFO     | browser:charger_page:98 - Chargement : https://fbref.com/en/comps/9/2024-2025/2024-2025-Premier-League-Stats
2026-03-11 08:38:42.947 | WARNING  | browser:charger_page:126 - Tentative 2/3 échouée pour https://fbref.com/en/comps/9/2024-2025/2024-2025-Premier-League-Stats : Page.goto: Target page, context or browser has been closed
2026-03-11 08:38:51.428 | INFO     | __main__:main:51 - Initialisation de la base de données...
2026-03-11 08:38:51.430 | SUCCESS  | db:init_db:113 - Base de données initialisée avec succès
2026-03-11 08:38:51.431 | INFO     | __main__:scraper_ligue:28 - === Début scraping : Premier League ===
2026-03-11 08:38:51.431 | INFO     | __main__:scraper_ligue:30 - [Premier League] Scraping classement...
2026-03-11 08:38:52.810 | INFO     | browser:charger_page:98 - Chargement : https://fbref.com/en/comps/9/2024-2025/2024-2025-Premier-League-Stats
2026-03-11 08:39:08.286 | WARNING  | browser:resoudre_captcha_manuellement:73 - 🔐 CAPTCHA détecté — règle-le manuellement dans le navigateur...
2026-03-11 08:39:08.287 | WARNING  | browser:resoudre_captcha_manuellement:74 - ⏳ Tu as 60 secondes pour cocher la case 'Je ne suis pas un robot'
2026-03-11 08:39:13.295 | INFO     | browser:resoudre_captcha_manuellement:87 - ⏳ Attente CAPTCHA... (5s / 60s)
2026-03-11 08:40:26.556 | INFO     | __main__:main:51 - Initialisation de la base de données...
2026-03-11 08:40:26.557 | SUCCESS  | db:init_db:113 - Base de données initialisée avec succès
2026-03-11 08:40:26.558 | INFO     | __main__:scraper_ligue:28 - === Début scraping : Premier League ===
2026-03-11 08:40:26.558 | INFO     | __main__:scraper_ligue:30 - [Premier League] Scraping classement...
2026-03-11 08:40:27.217 | INFO     | browser:lancer_chrome_debug:24 - Lancement de Chrome réel avec profil utilisateur...
2026-03-11 08:40:27.218 | ERROR    | __main__:main:59 - Erreur pour Premier League : [WinError 2] Le fichier spécifié est introuvable
2026-03-11 08:40:27.219 | INFO     | __main__:scraper_ligue:28 - === Début scraping : La Liga ===
2026-03-11 08:40:27.219 | INFO     | __main__:scraper_ligue:30 - [La Liga] Scraping classement...
2026-03-11 08:40:27.219 | ERROR    | __main__:main:59 - Erreur pour La Liga : It looks like you are using Playwright Sync API inside the asyncio loop.
Please use the Async API instead.
2026-03-11 08:40:27.220 | INFO     | __main__:scraper_ligue:28 - === Début scraping : Serie A ===
2026-03-11 08:40:27.220 | INFO     | __main__:scraper_ligue:30 - [Serie A] Scraping classement...
2026-03-11 08:40:27.221 | ERROR    | __main__:main:59 - Erreur pour Serie A : It looks like you are using Playwright Sync API inside the asyncio loop.
Please use the Async API instead.
2026-03-11 08:40:27.221 | INFO     | __main__:scraper_ligue:28 - === Début scraping : Ligue 1 ===
2026-03-11 08:40:27.222 | INFO     | __main__:scraper_ligue:30 - [Ligue 1] Scraping classement...
2026-03-11 08:40:27.222 | ERROR    | __main__:main:59 - Erreur pour Ligue 1 : It looks like you are using Playwright Sync API inside the asyncio loop.
Please use the Async API instead.
2026-03-11 08:40:27.222 | INFO     | __main__:main:62 - Téléchargement des images joueurs...
2026-03-11 08:40:27.226 | INFO     | images:telecharger_toutes_images:109 - 0 images à télécharger
2026-03-11 08:40:27.227 | SUCCESS  | images:telecharger_toutes_images:126 - 0/0 images téléchargées avec succès
2026-03-11 08:40:27.227 | SUCCESS  | __main__:main:65 - Scraping complet terminé. Base de données prête.
2026-03-11 08:48:16.332 | INFO     | __main__:main:51 - Initialisation de la base de données...
2026-03-11 08:48:16.342 | SUCCESS  | db:init_db:113 - Base de données initialisée avec succès
2026-03-11 08:48:16.343 | INFO     | __main__:scraper_ligue:28 - === Début scraping : Premier League ===
2026-03-11 08:48:16.343 | INFO     | __main__:scraper_ligue:30 - [Premier League] Scraping classement...
2026-03-11 08:48:17.351 | SUCCESS  | browser:trouver_chrome:34 - Chrome trouvé : C:\Users\TOURE\AppData\Local\Google\Chrome\Application\chrome.exe
2026-03-11 08:48:17.352 | INFO     | browser:lancer_chrome_debug:44 - Lancement de Chrome : C:\Users\TOURE\AppData\Local\Google\Chrome\Application\chrome.exe
2026-03-11 08:48:17.395 | INFO     | browser:lancer_chrome_debug:57 - Attente démarrage Chrome...
2026-03-11 08:48:21.754 | ERROR    | browser:navigateur:85 - Erreur connexion Chrome : BrowserType.connect_over_cdp: connect ECONNREFUSED ::1:9222
Call log:
  - <ws preparing> retrieving websocket url from http://localhost:9222

2026-03-11 08:48:21.800 | ERROR    | __main__:main:59 - Erreur pour Premier League : BrowserType.connect_over_cdp: connect ECONNREFUSED ::1:9222
Call log:
  - <ws preparing> retrieving websocket url from http://localhost:9222

2026-03-11 08:48:21.801 | INFO     | __main__:scraper_ligue:28 - === Début scraping : La Liga ===
2026-03-11 08:48:21.801 | INFO     | __main__:scraper_ligue:30 - [La Liga] Scraping classement...
2026-03-11 08:48:22.892 | SUCCESS  | browser:trouver_chrome:34 - Chrome trouvé : C:\Users\TOURE\AppData\Local\Google\Chrome\Application\chrome.exe
2026-03-11 08:48:22.893 | INFO     | browser:lancer_chrome_debug:44 - Lancement de Chrome : C:\Users\TOURE\AppData\Local\Google\Chrome\Application\chrome.exe
2026-03-11 08:48:22.896 | INFO     | browser:lancer_chrome_debug:57 - Attente démarrage Chrome...
2026-03-11 08:48:27.237 | ERROR    | browser:navigateur:85 - Erreur connexion Chrome : BrowserType.connect_over_cdp: connect ECONNREFUSED ::1:9222
Call log:
  - <ws preparing> retrieving websocket url from http://localhost:9222

2026-03-11 08:48:27.260 | ERROR    | __main__:main:59 - Erreur pour La Liga : BrowserType.connect_over_cdp: connect ECONNREFUSED ::1:9222
Call log:
  - <ws preparing> retrieving websocket url from http://localhost:9222

2026-03-11 08:48:27.260 | INFO     | __main__:scraper_ligue:28 - === Début scraping : Serie A ===
2026-03-11 08:48:27.261 | INFO     | __main__:scraper_ligue:30 - [Serie A] Scraping classement...
2026-03-11 08:48:28.115 | SUCCESS  | browser:trouver_chrome:34 - Chrome trouvé : C:\Users\TOURE\AppData\Local\Google\Chrome\Application\chrome.exe
2026-03-11 08:48:28.115 | INFO     | browser:lancer_chrome_debug:44 - Lancement de Chrome : C:\Users\TOURE\AppData\Local\Google\Chrome\Application\chrome.exe
2026-03-11 08:48:28.119 | INFO     | browser:lancer_chrome_debug:57 - Attente démarrage Chrome...
2026-03-11 08:48:32.455 | ERROR    | browser:navigateur:85 - Erreur connexion Chrome : BrowserType.connect_over_cdp: connect ECONNREFUSED ::1:9222
Call log:
  - <ws preparing> retrieving websocket url from http://localhost:9222

2026-03-11 08:48:32.501 | ERROR    | __main__:main:59 - Erreur pour Serie A : BrowserType.connect_over_cdp: connect ECONNREFUSED ::1:9222
Call log:
  - <ws preparing> retrieving websocket url from http://localhost:9222

2026-03-11 08:48:32.502 | INFO     | __main__:scraper_ligue:28 - === Début scraping : Ligue 1 ===
2026-03-11 08:48:32.502 | INFO     | __main__:scraper_ligue:30 - [Ligue 1] Scraping classement...
2026-03-11 08:48:33.314 | SUCCESS  | browser:trouver_chrome:34 - Chrome trouvé : C:\Users\TOURE\AppData\Local\Google\Chrome\Application\chrome.exe
2026-03-11 08:48:33.314 | INFO     | browser:lancer_chrome_debug:44 - Lancement de Chrome : C:\Users\TOURE\AppData\Local\Google\Chrome\Application\chrome.exe
2026-03-11 08:48:33.317 | INFO     | browser:lancer_chrome_debug:57 - Attente démarrage Chrome...
2026-03-11 08:48:37.652 | ERROR    | browser:navigateur:85 - Erreur connexion Chrome : BrowserType.connect_over_cdp: connect ECONNREFUSED ::1:9222
Call log:
  - <ws preparing> retrieving websocket url from http://localhost:9222

2026-03-11 08:48:37.675 | ERROR    | __main__:main:59 - Erreur pour Ligue 1 : BrowserType.connect_over_cdp: connect ECONNREFUSED ::1:9222
Call log:
  - <ws preparing> retrieving websocket url from http://localhost:9222

2026-03-11 08:48:37.676 | INFO     | __main__:main:62 - Téléchargement des images joueurs...
2026-03-11 08:48:37.680 | INFO     | images:telecharger_toutes_images:109 - 0 images à télécharger
2026-03-11 08:48:37.681 | SUCCESS  | images:telecharger_toutes_images:126 - 0/0 images téléchargées avec succès
2026-03-11 08:48:37.686 | SUCCESS  | __main__:main:65 - Scraping complet terminé. Base de données prête.
2026-03-11 08:51:06.273 | INFO     | __main__:main:51 - Initialisation de la base de données...
2026-03-11 08:51:06.275 | SUCCESS  | db:init_db:113 - Base de données initialisée avec succès
2026-03-11 08:51:06.275 | INFO     | __main__:scraper_ligue:28 - === Début scraping : Premier League ===
2026-03-11 08:51:06.275 | INFO     | __main__:scraper_ligue:30 - [Premier League] Scraping classement...
2026-03-11 08:51:08.220 | SUCCESS  | browser:navigateur:62 - Navigateur lancé avec profil persistant
2026-03-11 08:51:08.229 | INFO     | browser:charger_page:76 - Chargement : https://fbref.com/en/comps/9/2024-2025/2024-2025-Premier-League-Stats
2026-03-11 08:51:12.681 | WARNING  | browser:charger_page:92 - ⚠️  Cloudflare détecté — attente passage automatique...
2026-03-11 08:51:17.688 | INFO     | browser:charger_page:98 - Attente Cloudflare... (5s / 120s)
2026-03-11 08:51:22.697 | INFO     | browser:charger_page:98 - Attente Cloudflare... (10s / 120s)
2026-03-11 08:51:27.707 | INFO     | browser:charger_page:98 - Attente Cloudflare... (15s / 120s)
2026-03-11 08:51:32.717 | INFO     | browser:charger_page:98 - Attente Cloudflare... (20s / 120s)
2026-03-11 08:51:37.726 | INFO     | browser:charger_page:98 - Attente Cloudflare... (25s / 120s)
2026-03-11 08:51:42.735 | INFO     | browser:charger_page:98 - Attente Cloudflare... (30s / 120s)
2026-03-11 08:51:47.744 | INFO     | browser:charger_page:98 - Attente Cloudflare... (35s / 120s)
2026-03-11 08:51:52.755 | INFO     | browser:charger_page:98 - Attente Cloudflare... (40s / 120s)
2026-03-11 08:51:57.764 | INFO     | browser:charger_page:98 - Attente Cloudflare... (45s / 120s)
2026-03-11 08:52:02.776 | INFO     | browser:charger_page:98 - Attente Cloudflare... (50s / 120s)
2026-03-11 08:52:07.804 | INFO     | browser:charger_page:98 - Attente Cloudflare... (55s / 120s)
2026-03-11 08:52:11.132 | ERROR    | __main__:main:59 - Erreur pour Premier League : BrowserContext.close: Connection closed while reading from the driver
2026-03-11 08:52:11.133 | INFO     | __main__:scraper_ligue:28 - === Début scraping : La Liga ===
2026-03-11 08:52:11.134 | INFO     | __main__:scraper_ligue:30 - [La Liga] Scraping classement...
2026-03-11 08:52:11.135 | ERROR    | __main__:main:59 - Erreur pour La Liga : It looks like you are using Playwright Sync API inside the asyncio loop.
Please use the Async API instead.
2026-03-11 08:52:11.136 | INFO     | __main__:scraper_ligue:28 - === Début scraping : Serie A ===
2026-03-11 08:52:11.137 | INFO     | __main__:scraper_ligue:30 - [Serie A] Scraping classement...
2026-03-11 08:52:11.138 | ERROR    | __main__:main:59 - Erreur pour Serie A : It looks like you are using Playwright Sync API inside the asyncio loop.
Please use the Async API instead.
2026-03-11 08:52:11.140 | INFO     | __main__:scraper_ligue:28 - === Début scraping : Ligue 1 ===
2026-03-11 08:52:11.141 | INFO     | __main__:scraper_ligue:30 - [Ligue 1] Scraping classement...
2026-03-11 08:52:11.144 | ERROR    | __main__:main:59 - Erreur pour Ligue 1 : It looks like you are using Playwright Sync API inside the asyncio loop.
Please use the Async API instead.
2026-03-11 08:52:11.147 | INFO     | __main__:main:62 - Téléchargement des images joueurs...
2026-03-11 08:52:11.157 | INFO     | images:telecharger_toutes_images:109 - 0 images à télécharger
2026-03-11 08:52:11.158 | SUCCESS  | images:telecharger_toutes_images:126 - 0/0 images téléchargées avec succès
2026-03-11 08:52:11.160 | SUCCESS  | __main__:main:65 - Scraping complet terminé. Base de données prête.
2026-03-11 08:59:08.791 | INFO     | __main__:main:51 - Initialisation de la base de données...
2026-03-11 08:59:08.793 | SUCCESS  | db:init_db:113 - Base de données initialisée avec succès
2026-03-11 08:59:08.794 | INFO     | __main__:scraper_ligue:28 - === Début scraping : Premier League ===
2026-03-11 08:59:08.794 | INFO     | __main__:scraper_ligue:30 - [Premier League] Scraping classement...
2026-03-11 08:59:10.843 | SUCCESS  | browser:navigateur:55 - Navigateur Chrome lancé avec profil persistant
2026-03-11 08:59:10.844 | INFO     | browser:charger_page:69 - Chargement : https://fbref.com/en/comps/9/2024-2025/2024-2025-Premier-League-Stats
2026-03-11 08:59:15.186 | WARNING  | browser:charger_page:87 - ⚠️  Cloudflare détecté — attente passage automatique...
2026-03-11 08:59:20.197 | INFO     | browser:charger_page:93 - Attente Cloudflare... (5s / 120s)
2026-03-11 08:59:25.233 | INFO     | browser:charger_page:93 - Attente Cloudflare... (10s / 120s)
2026-03-11 08:59:30.240 | INFO     | browser:charger_page:93 - Attente Cloudflare... (15s / 120s)
2026-03-11 08:59:35.247 | INFO     | browser:charger_page:93 - Attente Cloudflare... (20s / 120s)
2026-03-11 08:59:40.255 | INFO     | browser:charger_page:93 - Attente Cloudflare... (25s / 120s)
2026-03-11 08:59:45.267 | INFO     | browser:charger_page:93 - Attente Cloudflare... (30s / 120s)
2026-03-11 08:59:50.276 | INFO     | browser:charger_page:93 - Attente Cloudflare... (35s / 120s)
2026-03-11 08:59:55.283 | INFO     | browser:charger_page:93 - Attente Cloudflare... (40s / 120s)
2026-03-11 09:00:00.288 | INFO     | browser:charger_page:93 - Attente Cloudflare... (45s / 120s)
2026-03-11 09:00:05.297 | INFO     | browser:charger_page:93 - Attente Cloudflare... (50s / 120s)
2026-03-11 09:00:10.334 | INFO     | browser:charger_page:93 - Attente Cloudflare... (55s / 120s)
2026-03-11 09:00:15.343 | INFO     | browser:charger_page:93 - Attente Cloudflare... (60s / 120s)
2026-03-11 09:00:20.351 | INFO     | browser:charger_page:93 - Attente Cloudflare... (65s / 120s)
2026-03-11 09:00:25.358 | INFO     | browser:charger_page:93 - Attente Cloudflare... (70s / 120s)
2026-03-11 09:00:30.375 | INFO     | browser:charger_page:93 - Attente Cloudflare... (75s / 120s)
2026-03-11 09:00:35.381 | INFO     | browser:charger_page:93 - Attente Cloudflare... (80s / 120s)
2026-03-11 09:00:40.391 | INFO     | browser:charger_page:93 - Attente Cloudflare... (85s / 120s)
2026-03-11 09:00:45.397 | INFO     | browser:charger_page:93 - Attente Cloudflare... (90s / 120s)
2026-03-11 09:00:50.405 | INFO     | browser:charger_page:93 - Attente Cloudflare... (95s / 120s)
2026-03-11 09:00:55.417 | INFO     | browser:charger_page:93 - Attente Cloudflare... (100s / 120s)
2026-03-11 09:01:00.424 | INFO     | browser:charger_page:93 - Attente Cloudflare... (105s / 120s)
2026-03-11 09:01:05.433 | INFO     | browser:charger_page:93 - Attente Cloudflare... (110s / 120s)
2026-03-11 09:01:10.442 | INFO     | browser:charger_page:93 - Attente Cloudflare... (115s / 120s)
2026-03-11 09:01:15.450 | INFO     | browser:charger_page:93 - Attente Cloudflare... (120s / 120s)
2026-03-11 09:01:15.450 | WARNING  | browser:charger_page:108 - ⚠️  Règle manuellement dans la fenêtre Chrome (60s supplémentaires)
2026-03-11 09:04:26.464 | INFO     | __main__:main:51 - Initialisation de la base de données...
2026-03-11 09:04:26.466 | SUCCESS  | db:init_db:113 - Base de données initialisée avec succès
2026-03-11 09:04:26.467 | INFO     | __main__:scraper_ligue:28 - === Début scraping : Premier League ===
2026-03-11 09:04:26.467 | INFO     | __main__:scraper_ligue:30 - [Premier League] Scraping classement...
2026-03-11 09:04:26.468 | SUCCESS  | browser:get_session:19 - Session Chrome créée avec curl_cffi
2026-03-11 09:04:26.468 | INFO     | browser:charger_page:29 - Chargement : https://fbref.com/en/comps/9/2024-2025/2024-2025-Premier-League-Stats
2026-03-11 09:04:26.585 | WARNING  | browser:charger_page:61 - ⚠️  Cloudflare actif (tentative 1/3) — attente 30s...
2026-03-11 09:04:56.588 | INFO     | browser:charger_page:29 - Chargement : https://fbref.com/en/comps/9/2024-2025/2024-2025-Premier-League-Stats
2026-03-11 09:04:56.627 | WARNING  | browser:charger_page:61 - ⚠️  Cloudflare actif (tentative 2/3) — attente 30s...
2026-03-11 09:05:26.629 | INFO     | browser:charger_page:29 - Chargement : https://fbref.com/en/comps/9/2024-2025/2024-2025-Premier-League-Stats
2026-03-11 09:05:26.692 | WARNING  | browser:charger_page:61 - ⚠️  Cloudflare actif (tentative 3/3) — attente 30s...
2026-03-11 09:05:56.694 | ERROR    | browser:charger_page:77 - Échec définitif du chargement : https://fbref.com/en/comps/9/2024-2025/2024-2025-Premier-League-Stats
2026-03-11 09:05:56.697 | WARNING  | fixtures:scraper_classement:23 - Aucun HTML récupéré pour classement Premier League
2026-03-11 09:05:56.699 | INFO     | __main__:scraper_ligue:34 - [Premier League] Scraping résultats...
2026-03-11 09:05:56.700 | INFO     | browser:charger_page:29 - Chargement : https://fbref.com/en/comps/9/2024-2025/schedule/2024-2025-Premier-League-Scores-and-Fixtures
2026-03-11 09:05:56.744 | WARNING  | browser:charger_page:61 - ⚠️  Cloudflare actif (tentative 1/3) — attente 30s...
2026-03-11 09:06:20.169 | INFO     | __main__:main:51 - Initialisation de la base de données...
2026-03-11 09:06:20.171 | SUCCESS  | db:init_db:113 - Base de données initialisée avec succès
2026-03-11 09:06:20.172 | INFO     | __main__:scraper_ligue:28 - === Début scraping : Premier League ===
2026-03-11 09:06:20.172 | INFO     | __main__:scraper_ligue:30 - [Premier League] Scraping classement...
2026-03-11 09:06:20.172 | SUCCESS  | browser:get_session:19 - Session Chrome créée avec curl_cffi
2026-03-11 09:06:20.173 | INFO     | browser:charger_page:29 - Chargement : https://fbref.com/en/comps/9/2024-2025/2024-2025-Premier-League-Stats
2026-03-11 09:06:20.285 | WARNING  | browser:charger_page:61 - ⚠️  Cloudflare actif (tentative 1/3) — attente 30s...
2026-03-11 09:06:50.286 | INFO     | browser:charger_page:29 - Chargement : https://fbref.com/en/comps/9/2024-2025/2024-2025-Premier-League-Stats
2026-03-11 09:06:50.349 | WARNING  | browser:charger_page:61 - ⚠️  Cloudflare actif (tentative 2/3) — attente 30s...
2026-03-11 09:07:20.350 | INFO     | browser:charger_page:29 - Chargement : https://fbref.com/en/comps/9/2024-2025/2024-2025-Premier-League-Stats
2026-03-11 09:07:20.402 | WARNING  | browser:charger_page:61 - ⚠️  Cloudflare actif (tentative 3/3) — attente 30s...
2026-03-11 09:07:50.404 | ERROR    | browser:charger_page:77 - Échec définitif du chargement : https://fbref.com/en/comps/9/2024-2025/2024-2025-Premier-League-Stats
2026-03-11 09:07:50.405 | WARNING  | fixtures:scraper_classement:23 - Aucun HTML récupéré pour classement Premier League
2026-03-11 09:07:50.406 | INFO     | __main__:scraper_ligue:34 - [Premier League] Scraping résultats...
2026-03-11 09:07:50.407 | INFO     | browser:charger_page:29 - Chargement : https://fbref.com/en/comps/9/2024-2025/schedule/2024-2025-Premier-League-Scores-and-Fixtures
2026-03-11 09:07:50.447 | WARNING  | browser:charger_page:61 - ⚠️  Cloudflare actif (tentative 1/3) — attente 30s...
2026-03-11 09:08:20.449 | INFO     | browser:charger_page:29 - Chargement : https://fbref.com/en/comps/9/2024-2025/schedule/2024-2025-Premier-League-Scores-and-Fixtures
2026-03-11 09:08:20.504 | WARNING  | browser:charger_page:61 - ⚠️  Cloudflare actif (tentative 2/3) — attente 30s...
2026-03-11 09:08:50.506 | INFO     | browser:charger_page:29 - Chargement : https://fbref.com/en/comps/9/2024-2025/schedule/2024-2025-Premier-League-Scores-and-Fixtures
2026-03-11 09:08:50.541 | WARNING  | browser:charger_page:61 - ⚠️  Cloudflare actif (tentative 3/3) — attente 30s...
2026-03-11 09:08:59.652 | INFO     | __main__:main:51 - Initialisation de la base de données...
2026-03-11 09:08:59.654 | SUCCESS  | db:init_db:113 - Base de données initialisée avec succès
2026-03-11 09:08:59.655 | INFO     | __main__:scraper_ligue:28 - === Début scraping : Premier League ===
2026-03-11 09:08:59.655 | INFO     | __main__:scraper_ligue:30 - [Premier League] Scraping classement...
2026-03-11 09:08:59.656 | INFO     | browser:charger_page:20 - Attente de 9.0s avant chargement...
2026-03-11 09:09:10.210 | INFO     | browser:charger_page:46 - Chargement : https://fbref.com/en/comps/9/2024-2025/2024-2025-Premier-League-Stats
2026-03-11 09:09:10.593 | INFO     | browser:charger_page:50 - Attente passage Cloudflare (30s)...
2026-03-11 09:09:41.025 | SUCCESS  | browser:charger_page:63 - Page récupérée : 951821 caractères
2026-03-11 09:09:41.481 | SUCCESS  | fixtures:scraper_classement:81 - Classement Premier League : 20 équipes récupérées
2026-03-11 09:09:41.491 | SUCCESS  | db:insert_classement:132 - 20 lignes classement insérées
2026-03-11 09:09:41.491 | INFO     | __main__:scraper_ligue:34 - [Premier League] Scraping résultats...
2026-03-11 09:09:41.492 | INFO     | browser:charger_page:20 - Attente de 11.1s avant chargement...
2026-03-11 09:09:53.806 | INFO     | browser:charger_page:46 - Chargement : https://fbref.com/en/comps/9/2024-2025/schedule/2024-2025-Premier-League-Scores-and-Fixtures
2026-03-11 09:09:54.167 | INFO     | browser:charger_page:50 - Attente passage Cloudflare (30s)...
2026-03-11 09:10:24.606 | SUCCESS  | browser:charger_page:63 - Page récupérée : 810896 caractères
2026-03-11 09:10:25.130 | SUCCESS  | fixtures:scraper_resultats:164 - Résultats Premier League : 380 matchs récupérés
2026-03-11 09:10:25.147 | SUCCESS  | db:insert_resultats:151 - 380 résultats insérés
2026-03-11 09:10:25.148 | INFO     | __main__:scraper_ligue:38 - [Premier League] Scraping stats joueurs...
2026-03-11 09:10:25.148 | INFO     | browser:charger_page:20 - Attente de 14.3s avant chargement...
2026-03-11 09:10:40.997 | INFO     | browser:charger_page:46 - Chargement : https://fbref.com/en/comps/9/2024-2025/stats/2024-2025-Premier-League-Stats
2026-03-11 09:10:41.411 | INFO     | browser:charger_page:50 - Attente passage Cloudflare (30s)...
2026-03-11 09:11:12.131 | SUCCESS  | browser:charger_page:63 - Page récupérée : 2664981 caractères
2026-03-11 09:11:13.344 | SUCCESS  | players:scraper_stats_joueurs:104 - Stats joueurs Premier League : 574 joueurs récupérés
2026-03-11 09:11:13.359 | SUCCESS  | db:insert_stats_joueurs:170 - 574 stats joueurs insérées
2026-03-11 09:11:13.360 | INFO     | __main__:scraper_ligue:42 - [Premier League] Scraping stats équipes...
2026-03-11 09:11:13.360 | INFO     | browser:charger_page:20 - Attente de 13.5s avant chargement...
2026-03-11 09:11:27.989 | INFO     | browser:charger_page:46 - Chargement : https://fbref.com/en/comps/9/2024-2025/2024-2025-Premier-League-Stats
2026-03-11 09:11:28.278 | INFO     | browser:charger_page:50 - Attente passage Cloudflare (30s)...
2026-03-11 09:11:58.712 | SUCCESS  | browser:charger_page:63 - Page récupérée : 951693 caractères
2026-03-11 09:11:59.188 | SUCCESS  | teams:scraper_stats_equipes:91 - Stats équipes Premier League : 20 équipes récupérées
2026-03-11 09:11:59.198 | SUCCESS  | db:insert_stats_equipes:187 - 20 stats équipes insérées
2026-03-11 09:11:59.199 | SUCCESS  | __main__:scraper_ligue:46 - === Scraping terminé : Premier League ===
2026-03-11 09:11:59.200 | INFO     | __main__:scraper_ligue:28 - === Début scraping : La Liga ===
2026-03-11 09:11:59.201 | INFO     | __main__:scraper_ligue:30 - [La Liga] Scraping classement...
2026-03-11 09:11:59.202 | INFO     | browser:charger_page:20 - Attente de 11.4s avant chargement...
2026-03-11 09:12:11.744 | INFO     | browser:charger_page:46 - Chargement : https://fbref.com/en/comps/12/2024-2025/2024-2025-La-Liga-Stats
2026-03-11 09:12:12.108 | INFO     | browser:charger_page:50 - Attente passage Cloudflare (30s)...
2026-03-11 09:12:42.532 | SUCCESS  | browser:charger_page:63 - Page récupérée : 959090 caractères
2026-03-11 09:12:43.060 | SUCCESS  | fixtures:scraper_classement:81 - Classement La Liga : 20 équipes récupérées
2026-03-11 09:12:43.077 | SUCCESS  | db:insert_classement:132 - 20 lignes classement insérées
2026-03-11 09:12:43.078 | INFO     | __main__:scraper_ligue:34 - [La Liga] Scraping résultats...
2026-03-11 09:12:43.078 | INFO     | browser:charger_page:20 - Attente de 11.0s avant chargement...
2026-03-11 09:12:55.391 | INFO     | browser:charger_page:46 - Chargement : https://fbref.com/en/comps/12/2024-2025/schedule/2024-2025-La-Liga-Scores-and-Fixtures
2026-03-11 09:12:55.736 | INFO     | browser:charger_page:50 - Attente passage Cloudflare (30s)...
2026-03-11 09:13:26.318 | SUCCESS  | browser:charger_page:63 - Page récupérée : 798246 caractères
2026-03-11 09:13:27.001 | SUCCESS  | fixtures:scraper_resultats:164 - Résultats La Liga : 380 matchs récupérés
2026-03-11 09:13:27.015 | SUCCESS  | db:insert_resultats:151 - 380 résultats insérés
2026-03-11 09:13:27.016 | INFO     | __main__:scraper_ligue:38 - [La Liga] Scraping stats joueurs...
2026-03-11 09:13:27.016 | INFO     | browser:charger_page:20 - Attente de 10.2s avant chargement...
2026-03-11 09:13:38.452 | INFO     | browser:charger_page:46 - Chargement : https://fbref.com/en/comps/12/2024-2025/stats/2024-2025-La-Liga-Stats
2026-03-11 09:13:38.771 | INFO     | browser:charger_page:50 - Attente passage Cloudflare (30s)...
2026-03-11 09:14:09.446 | SUCCESS  | browser:charger_page:63 - Page récupérée : 2768715 caractères
2026-03-11 09:14:10.726 | SUCCESS  | players:scraper_stats_joueurs:104 - Stats joueurs La Liga : 601 joueurs récupérés
2026-03-11 09:14:10.741 | SUCCESS  | db:insert_stats_joueurs:170 - 601 stats joueurs insérées
2026-03-11 09:14:10.742 | INFO     | __main__:scraper_ligue:42 - [La Liga] Scraping stats équipes...
2026-03-11 09:14:10.742 | INFO     | browser:charger_page:20 - Attente de 11.9s avant chargement...
2026-03-11 09:14:23.819 | INFO     | browser:charger_page:46 - Chargement : https://fbref.com/en/comps/12/2024-2025/2024-2025-La-Liga-Stats
2026-03-11 09:14:24.174 | INFO     | browser:charger_page:50 - Attente passage Cloudflare (30s)...
2026-03-11 09:14:54.612 | SUCCESS  | browser:charger_page:63 - Page récupérée : 959153 caractères
2026-03-11 09:14:55.214 | SUCCESS  | teams:scraper_stats_equipes:91 - Stats équipes La Liga : 20 équipes récupérées
2026-03-11 09:14:55.225 | SUCCESS  | db:insert_stats_equipes:187 - 20 stats équipes insérées
2026-03-11 09:14:55.226 | SUCCESS  | __main__:scraper_ligue:46 - === Scraping terminé : La Liga ===
2026-03-11 09:14:55.227 | INFO     | __main__:scraper_ligue:28 - === Début scraping : Serie A ===
2026-03-11 09:14:55.228 | INFO     | __main__:scraper_ligue:30 - [Serie A] Scraping classement...
2026-03-11 09:14:55.229 | INFO     | browser:charger_page:20 - Attente de 12.7s avant chargement...
2026-03-11 09:15:09.078 | INFO     | browser:charger_page:46 - Chargement : https://fbref.com/en/comps/11/2024-2025/2024-2025-Serie-A-Stats
2026-03-11 09:15:09.392 | INFO     | browser:charger_page:50 - Attente passage Cloudflare (30s)...
2026-03-11 09:15:39.872 | SUCCESS  | browser:charger_page:63 - Page récupérée : 951407 caractères
2026-03-11 09:15:40.378 | SUCCESS  | fixtures:scraper_classement:81 - Classement Serie A : 20 équipes récupérées
2026-03-11 09:15:40.395 | SUCCESS  | db:insert_classement:132 - 20 lignes classement insérées
2026-03-11 09:15:40.396 | INFO     | __main__:scraper_ligue:34 - [Serie A] Scraping résultats...
2026-03-11 09:15:40.397 | INFO     | browser:charger_page:20 - Attente de 14.8s avant chargement...
2026-03-11 09:15:56.462 | INFO     | browser:charger_page:46 - Chargement : https://fbref.com/en/comps/11/2024-2025/schedule/2024-2025-Serie-A-Scores-and-Fixtures
2026-03-11 09:15:56.992 | INFO     | browser:charger_page:50 - Attente passage Cloudflare (30s)...
2026-03-11 09:16:27.407 | SUCCESS  | browser:charger_page:63 - Page récupérée : 785610 caractères
2026-03-11 09:16:27.916 | SUCCESS  | fixtures:scraper_resultats:164 - Résultats Serie A : 380 matchs récupérés
2026-03-11 09:16:27.928 | SUCCESS  | db:insert_resultats:151 - 380 résultats insérés
2026-03-11 09:16:27.928 | INFO     | __main__:scraper_ligue:38 - [Serie A] Scraping stats joueurs...
2026-03-11 09:16:27.929 | INFO     | browser:charger_page:20 - Attente de 12.4s avant chargement...
2026-03-11 09:16:41.406 | INFO     | browser:charger_page:46 - Chargement : https://fbref.com/en/comps/11/2024-2025/stats/2024-2025-Serie-A-Stats
2026-03-11 09:16:41.754 | INFO     | browser:charger_page:50 - Attente passage Cloudflare (30s)...
2026-03-11 09:17:12.376 | SUCCESS  | browser:charger_page:63 - Page récupérée : 2901819 caractères
2026-03-11 09:17:13.859 | SUCCESS  | players:scraper_stats_joueurs:104 - Stats joueurs Serie A : 634 joueurs récupérés
2026-03-11 09:17:13.879 | SUCCESS  | db:insert_stats_joueurs:170 - 634 stats joueurs insérées
2026-03-11 09:17:13.880 | INFO     | __main__:scraper_ligue:42 - [Serie A] Scraping stats équipes...
2026-03-11 09:17:13.881 | INFO     | browser:charger_page:20 - Attente de 12.7s avant chargement...
2026-03-11 09:17:27.728 | INFO     | browser:charger_page:46 - Chargement : https://fbref.com/en/comps/11/2024-2025/2024-2025-Serie-A-Stats
2026-03-11 09:17:28.035 | INFO     | browser:charger_page:50 - Attente passage Cloudflare (30s)...
2026-03-11 09:17:58.476 | SUCCESS  | browser:charger_page:63 - Page récupérée : 951471 caractères
2026-03-11 09:17:58.932 | SUCCESS  | teams:scraper_stats_equipes:91 - Stats équipes Serie A : 20 équipes récupérées
2026-03-11 09:17:58.943 | SUCCESS  | db:insert_stats_equipes:187 - 20 stats équipes insérées
2026-03-11 09:17:58.944 | SUCCESS  | __main__:scraper_ligue:46 - === Scraping terminé : Serie A ===
2026-03-11 09:17:58.945 | INFO     | __main__:scraper_ligue:28 - === Début scraping : Ligue 1 ===
2026-03-11 09:17:58.946 | INFO     | __main__:scraper_ligue:30 - [Ligue 1] Scraping classement...
2026-03-11 09:17:58.946 | INFO     | browser:charger_page:20 - Attente de 10.9s avant chargement...
2026-03-11 09:18:10.977 | INFO     | browser:charger_page:46 - Chargement : https://fbref.com/en/comps/13/2024-2025/2024-2025-Ligue-1-Stats
2026-03-11 09:18:11.292 | INFO     | browser:charger_page:50 - Attente passage Cloudflare (30s)...
2026-03-11 09:18:41.761 | SUCCESS  | browser:charger_page:63 - Page récupérée : 913257 caractères
2026-03-11 09:18:42.214 | SUCCESS  | fixtures:scraper_classement:81 - Classement Ligue 1 : 18 équipes récupérées
2026-03-11 09:18:42.225 | SUCCESS  | db:insert_classement:132 - 18 lignes classement insérées
2026-03-11 09:18:42.225 | INFO     | __main__:scraper_ligue:34 - [Ligue 1] Scraping résultats...
2026-03-11 09:18:42.226 | INFO     | browser:charger_page:20 - Attente de 12.5s avant chargement...
2026-03-11 09:18:56.002 | INFO     | browser:charger_page:46 - Chargement : https://fbref.com/en/comps/13/2024-2025/schedule/2024-2025-Ligue-1-Scores-and-Fixtures
2026-03-11 09:18:56.500 | INFO     | browser:charger_page:50 - Attente passage Cloudflare (30s)...
2026-03-11 09:19:26.970 | SUCCESS  | browser:charger_page:63 - Page récupérée : 1146580 caractères
2026-03-11 09:19:27.814 | SUCCESS  | fixtures:scraper_resultats:164 - Résultats Ligue 1 : 308 matchs récupérés
2026-03-11 09:19:27.826 | SUCCESS  | db:insert_resultats:151 - 308 résultats insérés
2026-03-11 09:19:27.827 | INFO     | __main__:scraper_ligue:38 - [Ligue 1] Scraping stats joueurs...
2026-03-11 09:19:27.827 | INFO     | browser:charger_page:20 - Attente de 9.4s avant chargement...
2026-03-11 09:19:38.372 | INFO     | browser:charger_page:46 - Chargement : https://fbref.com/en/comps/13/2024-2025/stats/2024-2025-Ligue-1-Stats
2026-03-11 09:19:38.702 | INFO     | browser:charger_page:50 - Attente passage Cloudflare (30s)...
2026-03-11 09:20:09.364 | SUCCESS  | browser:charger_page:63 - Page récupérée : 2572945 caractères
2026-03-11 09:20:10.603 | SUCCESS  | players:scraper_stats_joueurs:104 - Stats joueurs Ligue 1 : 553 joueurs récupérés
2026-03-11 09:20:10.625 | SUCCESS  | db:insert_stats_joueurs:170 - 553 stats joueurs insérées
2026-03-11 09:20:10.626 | INFO     | __main__:scraper_ligue:42 - [Ligue 1] Scraping stats équipes...
2026-03-11 09:20:10.627 | INFO     | browser:charger_page:20 - Attente de 9.2s avant chargement...
2026-03-11 09:20:21.018 | INFO     | browser:charger_page:46 - Chargement : https://fbref.com/en/comps/13/2024-2025/2024-2025-Ligue-1-Stats
2026-03-11 09:20:21.379 | INFO     | browser:charger_page:50 - Attente passage Cloudflare (30s)...
2026-03-11 09:20:51.815 | SUCCESS  | browser:charger_page:63 - Page récupérée : 913250 caractères
2026-03-11 09:20:52.393 | SUCCESS  | teams:scraper_stats_equipes:91 - Stats équipes Ligue 1 : 18 équipes récupérées
2026-03-11 09:20:52.407 | SUCCESS  | db:insert_stats_equipes:187 - 18 stats équipes insérées
2026-03-11 09:20:52.408 | SUCCESS  | __main__:scraper_ligue:46 - === Scraping terminé : Ligue 1 ===
2026-03-11 09:20:52.410 | INFO     | __main__:main:62 - Téléchargement des images joueurs...
2026-03-11 09:20:52.461 | INFO     | images:telecharger_toutes_images:109 - 2249 images à télécharger
2026-03-11 09:20:52.463 | INFO     | images:telecharger_toutes_images:112 - [1/2249] Téléchargement : Moussa Niakhate
2026-03-11 09:21:10.672 | SUCCESS  | images:telecharger_image:63 - Image sauvegardée : 00242715_moussa_niakhate.jpg
2026-03-11 09:21:10.776 | INFO     | images:telecharger_toutes_images:112 - [2/2249] Téléchargement : Jayden Danns
2026-03-11 09:21:25.578 | SUCCESS  | images:telecharger_image:63 - Image sauvegardée : 003cf4d1_jayden_danns.jpg
2026-03-11 09:21:25.685 | INFO     | images:telecharger_toutes_images:112 - [3/2249] Téléchargement : Marko Arnautović
2026-03-11 09:21:40.052 | SUCCESS  | images:telecharger_image:63 - Image sauvegardée : 00459419_marko_arnautović.jpg
2026-03-11 09:21:40.139 | INFO     | images:telecharger_toutes_images:112 - [4/2249] Téléchargement : Tete Morente
2026-03-11 09:21:51.980 | SUCCESS  | images:telecharger_image:63 - Image sauvegardée : 004d185e_tete_morente.jpg
2026-03-11 09:21:52.069 | INFO     | images:telecharger_toutes_images:112 - [5/2249] Téléchargement : Zinedine Ferhat
2026-03-11 09:22:06.847 | SUCCESS  | images:telecharger_image:63 - Image sauvegardée : 005c0807_zinedine_ferhat.jpg
2026-03-11 09:22:06.936 | INFO     | images:telecharger_toutes_images:112 - [6/2249] Téléchargement : Léo Pétrot
2026-03-11 09:22:24.873 | SUCCESS  | images:telecharger_image:63 - Image sauvegardée : 00638016_léo_pétrot.jpg
2026-03-11 09:22:24.972 | INFO     | images:telecharger_toutes_images:112 - [7/2249] Téléchargement : Samuel Edozie
2026-03-11 09:22:38.124 | SUCCESS  | images:telecharger_image:63 - Image sauvegardée : 007414dd_samuel_edozie.jpg
2026-03-11 09:22:38.223 | INFO     | images:telecharger_toutes_images:112 - [8/2249] Téléchargement : Nemanja Gudelj
2026-03-11 09:22:51.963 | SUCCESS  | images:telecharger_image:63 - Image sauvegardée : 0076ab7f_nemanja_gudelj.jpg
2026-03-11 09:22:52.060 | INFO     | images:telecharger_toutes_images:112 - [9/2249] Téléchargement : Lucas Da Cunha
2026-03-11 09:23:06.261 | SUCCESS  | images:telecharger_image:63 - Image sauvegardée : 007faf7a_lucas_da_cunha.jpg
2026-03-11 09:23:06.359 | INFO     | images:telecharger_toutes_images:112 - [10/2249] Téléchargement : Cédric Hountondji
2026-03-11 09:23:18.260 | SUCCESS  | images:telecharger_image:63 - Image sauvegardée : 00891164_cédric_hountondji.jpg
2026-03-11 09:23:18.360 | INFO     | images:telecharger_toutes_images:112 - [11/2249] Téléchargement : Mikey Moore
2026-03-11 09:23:36.544 | INFO     | images:telecharger_toutes_images:112 - [12/2249] Téléchargement : Konstantinos Mavropanos
2026-03-11 09:23:50.605 | SUCCESS  | images:telecharger_image:63 - Image sauvegardée : 00963611_konstantinos_mavropanos.jpg
2026-03-11 09:23:50.707 | INFO     | images:telecharger_toutes_images:112 - [13/2249] Téléchargement : Przemysław Frankowski
2026-03-11 09:24:02.880 | SUCCESS  | images:telecharger_image:63 - Image sauvegardée : 00a8d210_przemysław_frankowski.jpg
2026-03-11 09:24:02.965 | INFO     | images:telecharger_toutes_images:112 - [14/2249] Téléchargement : Selim Amallah
2026-03-11 09:24:17.133 | SUCCESS  | images:telecharger_image:63 - Image sauvegardée : 00eba9c9_selim_amallah.jpg
2026-03-11 09:24:17.224 | INFO     | images:telecharger_toutes_images:112 - [15/2249] Téléchargement : Faride Alidou
2026-03-11 09:24:30.921 | SUCCESS  | images:telecharger_image:63 - Image sauvegardée : 00f518d8_faride_alidou.jpg
2026-03-11 09:24:31.006 | INFO     | images:telecharger_toutes_images:112 - [16/2249] Téléchargement : Filip Jørgensen
2026-03-11 09:24:48.800 | SUCCESS  | images:telecharger_image:63 - Image sauvegardée : 0107757e_filip_jørgensen.jpg
2026-03-11 09:24:48.890 | INFO     | images:telecharger_toutes_images:112 - [17/2249] Téléchargement : Saba Goglichidze
2026-03-11 09:25:06.835 | SUCCESS  | images:telecharger_image:63 - Image sauvegardée : 011d370e_saba_goglichidze.jpg
2026-03-11 09:25:06.922 | INFO     | images:telecharger_toutes_images:112 - [18/2249] Téléchargement : Álvaro Aguado
2026-03-11 09:25:21.145 | SUCCESS  | images:telecharger_image:63 - Image sauvegardée : 014aa7bd_álvaro_aguado.jpg
2026-03-11 09:25:21.238 | INFO     | images:telecharger_toutes_images:112 - [19/2249] Téléchargement : Valentino Lazaro
2026-03-11 09:25:37.884 | SUCCESS  | images:telecharger_image:63 - Image sauvegardée : 016ff750_valentino_lazaro.jpg
2026-03-11 09:25:37.958 | INFO     | images:telecharger_toutes_images:112 - [20/2249] Téléchargement : Mohamed Lamine Bayo
2026-03-11 09:25:53.863 | SUCCESS  | images:telecharger_image:63 - Image sauvegardée : 01870104_mohamed_lamine_bayo.jpg
2026-03-11 09:25:53.966 | INFO     | images:telecharger_toutes_images:112 - [21/2249] Téléchargement : Wojciech Szczęsny
2026-03-11 09:26:05.400 | SUCCESS  | images:telecharger_image:63 - Image sauvegardée : 01b8a2b2_wojciech_szczęsny.jpg
2026-03-11 09:26:05.504 | INFO     | images:telecharger_toutes_images:112 - [22/2249] Téléchargement : Nicolás Paz
2026-03-11 09:26:22.668 | SUCCESS  | images:telecharger_image:63 - Image sauvegardée : 01bb93d5_nicolás_paz.jpg
2026-03-11 09:26:22.820 | INFO     | images:telecharger_toutes_images:112 - [23/2249] Téléchargement : Weston McKennie
2026-03-11 09:26:37.890 | SUCCESS  | images:telecharger_image:63 - Image sauvegardée : 01c3aff5_weston_mckennie.jpg
2026-03-11 09:26:38.003 | INFO     | images:telecharger_toutes_images:112 - [24/2249] Téléchargement : Sergio Gómez
2026-03-11 09:26:50.299 | SUCCESS  | images:telecharger_image:63 - Image sauvegardée : 01e5f06e_sergio_gómez.jpg
2026-03-11 09:26:50.402 | INFO     | images:telecharger_toutes_images:112 - [25/2249] Téléchargement : Ángel Correa
2026-03-11 09:27:02.886 | SUCCESS  | images:telecharger_image:63 - Image sauvegardée : 01eb744d_ángel_correa.jpg
2026-03-11 09:27:02.975 | INFO     | images:telecharger_toutes_images:112 - [26/2249] Téléchargement : Antonín Barák
2026-03-11 09:27:15.619 | SUCCESS  | images:telecharger_image:63 - Image sauvegardée : 01efac19_antonín_barák.jpg
2026-03-11 09:27:15.717 | INFO     | images:telecharger_toutes_images:112 - [27/2249] Téléchargement : Souleymane Touré
2026-03-11 09:27:33.712 | SUCCESS  | images:telecharger_image:63 - Image sauvegardée : 01fd01e8_souleymane_touré.jpg
2026-03-11 09:27:33.805 | INFO     | images:telecharger_toutes_images:112 - [28/2249] Téléchargement : Jaime Mata
2026-03-11 09:27:49.243 | SUCCESS  | images:telecharger_image:63 - Image sauvegardée : 02319ad7_jaime_mata.jpg
2026-03-11 09:27:49.339 | INFO     | images:telecharger_toutes_images:112 - [29/2249] Téléchargement : Joshua Zirkzee
2026-03-11 09:28:02.619 | SUCCESS  | images:telecharger_image:63 - Image sauvegardée : 028e70b9_joshua_zirkzee.jpg
2026-03-11 09:28:02.720 | INFO     | images:telecharger_toutes_images:112 - [30/2249] Téléchargement : Abdoulaye Doucouré
2026-03-11 09:28:15.950 | SUCCESS  | images:telecharger_image:63 - Image sauvegardée : 02b29014_abdoulaye_doucouré.jpg
2026-03-11 09:28:16.043 | INFO     | images:telecharger_toutes_images:112 - [31/2249] Téléchargement : Lucas Mincarelli
2026-03-11 09:28:31.766 | SUCCESS  | images:telecharger_image:63 - Image sauvegardée : 02b3733e_lucas_mincarelli.jpg
2026-03-11 09:28:31.846 | INFO     | images:telecharger_toutes_images:112 - [32/2249] Téléchargement : Bilal Brahimi
2026-03-11 09:28:43.440 | SUCCESS  | images:telecharger_image:63 - Image sauvegardée : 02bcaf8e_bilal_brahimi.jpg
2026-03-11 09:28:43.539 | INFO     | images:telecharger_toutes_images:112 - [33/2249] Téléchargement : Marcos Llorente
2026-03-11 09:28:54.943 | SUCCESS  | images:telecharger_image:63 - Image sauvegardée : 02c15616_marcos_llorente.jpg
2026-03-11 09:28:55.049 | INFO     | images:telecharger_toutes_images:112 - [34/2249] Téléchargement : Manuel Lazzari
2026-03-11 09:29:08.958 | SUCCESS  | images:telecharger_image:63 - Image sauvegardée : 02caf6e0_manuel_lazzari.jpg
2026-03-11 09:29:09.065 | INFO     | images:telecharger_toutes_images:112 - [35/2249] Téléchargement : Raúl de Tomás
2026-03-11 09:29:22.413 | SUCCESS  | images:telecharger_image:63 - Image sauvegardée : 02ef8778_raúl_de_tomás.jpg
2026-03-11 09:29:22.501 | INFO     | images:telecharger_toutes_images:112 - [36/2249] Téléchargement : Jofre
2026-03-11 09:29:37.462 | SUCCESS  | images:telecharger_image:63 - Image sauvegardée : 030ef8d6_jofre.jpg
2026-03-11 09:29:37.545 | INFO     | images:telecharger_toutes_images:112 - [37/2249] Téléchargement : Ezri Konsa
2026-03-11 09:29:48.535 | SUCCESS  | images:telecharger_image:63 - Image sauvegardée : 0313a347_ezri_konsa.jpg
2026-03-11 09:29:48.631 | INFO     | images:telecharger_toutes_images:112 - [38/2249] Téléchargement : Junior Ndiaye
2026-03-11 09:30:05.580 | SUCCESS  | images:telecharger_image:63 - Image sauvegardée : 03412e45_junior_ndiaye.jpg
2026-03-11 09:30:05.675 | INFO     | images:telecharger_toutes_images:112 - [39/2249] Téléchargement : Simone Verdi
2026-03-11 09:30:22.904 | SUCCESS  | images:telecharger_image:63 - Image sauvegardée : 0375723e_simone_verdi.jpg
2026-03-11 09:30:23.009 | INFO     | images:telecharger_toutes_images:112 - [40/2249] Téléchargement : Alfie Pond
2026-03-11 09:30:35.157 | INFO     | images:telecharger_toutes_images:112 - [41/2249] Téléchargement : Joseph Okumu
2026-03-11 09:30:51.637 | SUCCESS  | images:telecharger_image:63 - Image sauvegardée : 039f1983_joseph_okumu.jpg
2026-03-11 09:30:51.740 | INFO     | images:telecharger_toutes_images:112 - [42/2249] Téléchargement : Daniel Jebbison
2026-03-11 09:31:06.010 | SUCCESS  | images:telecharger_image:63 - Image sauvegardée : 03edb878_daniel_jebbison.jpg
2026-03-11 09:31:06.102 | INFO     | images:telecharger_toutes_images:112 - [43/2249] Téléchargement : Andrea Petagna
2026-03-11 09:31:22.945 | SUCCESS  | images:telecharger_image:63 - Image sauvegardée : 03f946ed_andrea_petagna.jpg
2026-03-11 09:31:23.045 | INFO     | images:telecharger_toutes_images:112 - [44/2249] Téléchargement : Badredine Bouanani
2026-03-11 09:31:40.337 | SUCCESS  | images:telecharger_image:63 - Image sauvegardée : 0400dd2f_badredine_bouanani.jpg
2026-03-11 09:31:40.427 | INFO     | images:telecharger_toutes_images:112 - [45/2249] Téléchargement : Séamus Coleman
2026-03-11 09:31:54.468 | SUCCESS  | images:telecharger_image:63 - Image sauvegardée : 0420d84f_séamus_coleman.jpg
2026-03-11 09:31:54.567 | INFO     | images:telecharger_toutes_images:112 - [46/2249] Téléchargement : Nathaniel Clyne
2026-03-11 09:32:05.934 | SUCCESS  | images:telecharger_image:63 - Image sauvegardée : 0442183b_nathaniel_clyne.jpg
2026-03-11 09:32:06.037 | INFO     | images:telecharger_toutes_images:112 - [47/2249] Téléchargement : Mykhailo Mudryk
2026-03-11 09:32:19.683 | SUCCESS  | images:telecharger_image:63 - Image sauvegardée : 049a888d_mykhailo_mudryk.jpg
2026-03-11 09:32:19.787 | INFO     | images:telecharger_toutes_images:112 - [48/2249] Téléchargement : Bamo Meïté
2026-03-11 09:32:35.689 | SUCCESS  | images:telecharger_image:63 - Image sauvegardée : 04ac78d2_bamo_meïté.jpg
2026-03-11 09:32:35.796 | INFO     | images:telecharger_toutes_images:112 - [49/2249] Téléchargement : Jasper Cillessen
2026-03-11 09:32:51.741 | SUCCESS  | images:telecharger_image:63 - Image sauvegardée : 04ac8285_jasper_cillessen.jpg
2026-03-11 09:32:51.836 | INFO     | images:telecharger_toutes_images:112 - [50/2249] Téléchargement : Lorenzo Colombo
2026-03-11 09:33:03.231 | SUCCESS  | images:telecharger_image:63 - Image sauvegardée : 04df29a5_lorenzo_colombo.jpg
2026-03-11 09:33:03.338 | INFO     | images:telecharger_toutes_images:112 - [51/2249] Téléchargement : Pablo Torre
2026-03-11 09:33:19.055 | SUCCESS  | images:telecharger_image:63 - Image sauvegardée : 04e531b6_pablo_torre.jpg
2026-03-11 09:33:19.150 | INFO     | images:telecharger_toutes_images:112 - [52/2249] Téléchargement : Ismaël Doukouré
2026-03-11 09:33:34.207 | SUCCESS  | images:telecharger_image:63 - Image sauvegardée : 0512a60a_ismaël_doukouré.jpg
2026-03-11 09:33:34.309 | INFO     | images:telecharger_toutes_images:112 - [53/2249] Téléchargement : Chuky san jose
2026-03-11 09:33:52.433 | INFO     | images:telecharger_toutes_images:112 - [54/2249] Téléchargement : David Alaba
2026-03-11 09:34:03.928 | SUCCESS  | images:telecharger_image:63 - Image sauvegardée : 05439de2_david_alaba.jpg
2026-03-11 09:34:04.019 | INFO     | images:telecharger_toutes_images:112 - [55/2249] Téléchargement : Walid Cheddira
2026-03-11 09:34:21.941 | SUCCESS  | images:telecharger_image:63 - Image sauvegardée : 0545a08e_walid_cheddira.jpg
2026-03-11 09:34:22.044 | INFO     | images:telecharger_toutes_images:112 - [56/2249] Téléchargement : Óscar Mingueza
2026-03-11 09:34:35.038 | SUCCESS  | images:telecharger_image:63 - Image sauvegardée : 056269d7_óscar_mingueza.jpg
2026-03-11 09:34:35.138 | INFO     | images:telecharger_toutes_images:112 - [57/2249] Téléchargement : Odsonne Édouard
2026-03-11 09:34:52.326 | SUCCESS  | images:telecharger_image:63 - Image sauvegardée : 0562b7f1_odsonne_édouard.jpg
2026-03-11 09:34:52.419 | INFO     | images:telecharger_toutes_images:112 - [58/2249] Téléchargement : Tanguy Coulibaly
2026-03-11 09:35:09.607 | SUCCESS  | images:telecharger_image:63 - Image sauvegardée : 05ba9d7c_tanguy_coulibaly.jpg
2026-03-11 09:35:09.713 | INFO     | images:telecharger_toutes_images:112 - [59/2249] Téléchargement : Mats Hummels
2026-03-11 09:35:24.989 | SUCCESS  | images:telecharger_image:63 - Image sauvegardée : 05d548d8_mats_hummels.jpg
2026-03-11 09:35:25.089 | INFO     | images:telecharger_toutes_images:112 - [60/2249] Téléchargement : Arnau Rafús
2026-03-11 09:35:42.881 | INFO     | images:telecharger_toutes_images:112 - [61/2249] Téléchargement : Cameron Archer
2026-03-11 09:35:56.846 | SUCCESS  | images:telecharger_image:63 - Image sauvegardée : 05e8ca6d_cameron_archer.jpg
2026-03-11 09:35:56.949 | INFO     | images:telecharger_toutes_images:112 - [62/2249] Téléchargement : Terem Moffi
2026-03-11 09:36:12.991 | SUCCESS  | images:telecharger_image:63 - Image sauvegardée : 065dc209_terem_moffi.jpg
2026-03-11 09:36:13.089 | INFO     | images:telecharger_toutes_images:112 - [63/2249] Téléchargement : Oumar Solet
2026-03-11 09:36:27.163 | SUCCESS  | images:telecharger_image:63 - Image sauvegardée : 0670ee51_oumar_solet.jpg
2026-03-11 09:36:27.273 | INFO     | images:telecharger_toutes_images:112 - [64/2249] Téléchargement : Beñat Turrientes
2026-03-11 09:36:39.150 | SUCCESS  | images:telecharger_image:63 - Image sauvegardée : 068f4dec_beñat_turrientes.jpg
2026-03-11 09:36:39.252 | INFO     | images:telecharger_toutes_images:112 - [65/2249] Téléchargement : Mohamed Daramy
2026-03-11 09:36:51.990 | SUCCESS  | images:telecharger_image:63 - Image sauvegardée : 06a1d642_mohamed_daramy.jpg
2026-03-11 09:36:52.091 | INFO     | images:telecharger_toutes_images:112 - [66/2249] Téléchargement : Jacopo Fazzini
2026-03-11 09:37:06.300 | SUCCESS  | images:telecharger_image:63 - Image sauvegardée : 06b08c45_jacopo_fazzini.jpg
2026-03-11 09:37:06.389 | INFO     | images:telecharger_toutes_images:112 - [67/2249] Téléchargement : Thiago Ojeda
2026-03-11 09:37:19.425 | INFO     | images:telecharger_toutes_images:112 - [68/2249] Téléchargement : Jonathan Gradit
2026-03-11 09:37:36.311 | SUCCESS  | images:telecharger_image:63 - Image sauvegardée : 06c48679_jonathan_gradit.jpg
2026-03-11 09:37:36.413 | INFO     | images:telecharger_toutes_images:112 - [69/2249] Téléchargement : Valentín Pezzolesi
2026-03-11 09:37:52.273 | INFO     | images:telecharger_toutes_images:112 - [70/2249] Téléchargement : Marin Šverko
2026-03-11 09:38:06.448 | SUCCESS  | images:telecharger_image:63 - Image sauvegardée : 06dba850_marin_šverko.jpg
2026-03-11 09:38:06.543 | INFO     | images:telecharger_toutes_images:112 - [71/2249] Téléchargement : Benoît Badiashile
2026-03-11 09:38:19.117 | SUCCESS  | images:telecharger_image:63 - Image sauvegardée : 06df8256_benoît_badiashile.jpg
2026-03-11 09:38:19.225 | INFO     | images:telecharger_toutes_images:112 - [72/2249] Téléchargement : Sergio Akieme
2026-03-11 09:38:32.574 | SUCCESS  | images:telecharger_image:63 - Image sauvegardée : 06efa9dc_sergio_akieme.jpg
2026-03-11 09:38:32.667 | INFO     | images:telecharger_toutes_images:112 - [73/2249] Téléchargement : Sergi Darder
2026-03-11 09:38:45.489 | SUCCESS  | images:telecharger_image:63 - Image sauvegardée : 070a3904_sergi_darder.jpg
2026-03-11 09:38:45.595 | INFO     | images:telecharger_toutes_images:112 - [74/2249] Téléchargement : Gaetano Castrovilli
2026-03-11 09:38:56.766 | SUCCESS  | images:telecharger_image:63 - Image sauvegardée : 0728bebe_gaetano_castrovilli.jpg
2026-03-11 09:38:56.869 | INFO     | images:telecharger_toutes_images:112 - [75/2249] Téléchargement : Altay Bayındır
2026-03-11 09:39:13.176 | SUCCESS  | images:telecharger_image:63 - Image sauvegardée : 072e68ed_altay_bayındır.jpg
2026-03-11 09:39:13.290 | INFO     | images:telecharger_toutes_images:112 - [76/2249] Téléchargement : Jayden Meghoma
2026-03-11 09:39:27.599 | SUCCESS  | images:telecharger_image:63 - Image sauvegardée : 07382f6c_jayden_meghoma.jpg
2026-03-11 09:39:27.707 | INFO     | images:telecharger_toutes_images:112 - [77/2249] Téléchargement : Matheus França
2026-03-11 09:39:39.917 | SUCCESS  | images:telecharger_image:63 - Image sauvegardée : 077faf72_matheus_frança.jpg
2026-03-11 09:39:40.046 | INFO     | images:telecharger_toutes_images:112 - [78/2249] Téléchargement : Danny Ings
2026-03-11 09:39:57.071 | SUCCESS  | images:telecharger_image:63 - Image sauvegardée : 07802f7f_danny_ings.jpg
2026-03-11 09:39:57.166 | INFO     | images:telecharger_toutes_images:112 - [79/2249] Téléchargement : Antoine Bernede
2026-03-11 09:40:09.676 | SUCCESS  | images:telecharger_image:63 - Image sauvegardée : 07a821e4_antoine_bernede.jpg
2026-03-11 09:40:09.789 | INFO     | images:telecharger_toutes_images:112 - [80/2249] Téléchargement : Anass Zaroury
2026-03-11 09:40:25.031 | SUCCESS  | images:telecharger_image:63 - Image sauvegardée : 07d65234_anass_zaroury.jpg
2026-03-11 09:40:25.136 | INFO     | images:telecharger_toutes_images:112 - [81/2249] Téléchargement : Mattia Bani
2026-03-11 09:40:38.361 | SUCCESS  | images:telecharger_image:63 - Image sauvegardée : 0821331c_mattia_bani.jpg
2026-03-11 09:40:38.483 | INFO     | images:telecharger_toutes_images:112 - [82/2249] Téléchargement : Alessio Iovine
2026-03-11 09:40:52.232 | INFO     | images:telecharger_toutes_images:112 - [83/2249] Téléchargement : Andrea Pinamonti
2026-03-11 09:41:05.353 | SUCCESS  | images:telecharger_image:63 - Image sauvegardée : 08aa9cd1_andrea_pinamonti.jpg
2026-03-11 09:41:05.650 | INFO     | images:telecharger_toutes_images:112 - [84/2249] Téléchargement : Alberto Manzoni
2026-03-11 09:41:20.032 | SUCCESS  | images:telecharger_image:63 - Image sauvegardée : 08cda374_alberto_manzoni.jpg
2026-03-11 09:41:20.265 | INFO     | images:telecharger_toutes_images:112 - [85/2249] Téléchargement : Ivan Smolčić
2026-03-11 09:41:34.940 | SUCCESS  | images:telecharger_image:63 - Image sauvegardée : 08e57960_ivan_smolčić.jpg
2026-03-11 09:41:35.045 | INFO     | images:telecharger_toutes_images:112 - [86/2249] Téléchargement : Javi Rodríguez
2026-03-11 09:41:51.538 | SUCCESS  | images:telecharger_image:63 - Image sauvegardée : 08ec5e71_javi_rodríguez.jpg
2026-03-11 09:41:51.689 | INFO     | images:telecharger_toutes_images:112 - [87/2249] Téléchargement : Gianluigi Donnarumma
2026-03-11 09:42:04.092 | SUCCESS  | images:telecharger_image:63 - Image sauvegardée : 08f5afaa_gianluigi_donnarumma.jpg
2026-03-11 09:42:04.245 | INFO     | images:telecharger_toutes_images:112 - [88/2249] Téléchargement : Pontus Almqvist
2026-03-11 09:42:19.794 | SUCCESS  | images:telecharger_image:63 - Image sauvegardée : 0917188a_pontus_almqvist.jpg
2026-03-11 09:42:19.898 | INFO     | images:telecharger_toutes_images:112 - [89/2249] Téléchargement : Daniel Mosquera
2026-03-11 09:42:36.386 | SUCCESS  | images:telecharger_image:63 - Image sauvegardée : 091b9eb8_daniel_mosquera.jpg
2026-03-11 09:42:36.515 | INFO     | images:telecharger_toutes_images:112 - [90/2249] Téléchargement : David López
2026-03-11 09:42:52.469 | SUCCESS  | images:telecharger_image:63 - Image sauvegardée : 0924357d_david_lópez.jpg
2026-03-11 09:42:52.574 | INFO     | images:telecharger_toutes_images:112 - [91/2249] Téléchargement : Federico Valverde
2026-03-11 09:43:10.678 | SUCCESS  | images:telecharger_image:63 - Image sauvegardée : 0959c2a2_federico_valverde.jpg
2026-03-11 09:43:10.767 | INFO     | images:telecharger_toutes_images:112 - [92/2249] Téléchargement : Fabiano Parisi
2026-03-11 09:43:25.771 | SUCCESS  | images:telecharger_image:63 - Image sauvegardée : 0967845b_fabiano_parisi.jpg
2026-03-11 09:43:25.870 | INFO     | images:telecharger_toutes_images:112 - [93/2249] Téléchargement : Chris Richards
2026-03-11 09:43:41.197 | SUCCESS  | images:telecharger_image:63 - Image sauvegardée : 0a3d6d2b_chris_richards.jpg
2026-03-11 09:43:41.297 | INFO     | images:telecharger_toutes_images:112 - [94/2249] Téléchargement : Antonio Sanabria
2026-03-11 09:43:55.186 | SUCCESS  | images:telecharger_image:63 - Image sauvegardée : 0a447501_antonio_sanabria.jpg
2026-03-11 09:43:55.298 | INFO     | images:telecharger_toutes_images:112 - [95/2249] Téléchargement : Giorgos Kyriakopoulos
2026-03-11 09:44:07.027 | SUCCESS  | images:telecharger_image:63 - Image sauvegardée : 0a483542_giorgos_kyriakopoulos.jpg
2026-03-11 09:44:07.120 | INFO     | images:telecharger_toutes_images:112 - [96/2249] Téléchargement : Eric da Silva Moreira
2026-03-11 09:44:22.768 | SUCCESS  | images:telecharger_image:63 - Image sauvegardée : 0a4f579a_eric_da_silva_moreira.jpg
2026-03-11 09:44:22.878 | INFO     | images:telecharger_toutes_images:112 - [97/2249] Téléchargement : Kike Salas
2026-03-11 09:44:37.364 | SUCCESS  | images:telecharger_image:63 - Image sauvegardée : 0a69de7b_kike_salas.jpg
2026-03-11 09:44:37.449 | INFO     | images:telecharger_toutes_images:112 - [98/2249] Téléchargement : Juan Cuadrado
2026-03-11 09:44:49.419 | SUCCESS  | images:telecharger_image:63 - Image sauvegardée : 0ab1f153_juan_cuadrado.jpg
2026-03-11 09:44:49.509 | INFO     | images:telecharger_toutes_images:112 - [99/2249] Téléchargement : Clément Akpa
2026-03-11 09:45:03.785 | SUCCESS  | images:telecharger_image:63 - Image sauvegardée : 0abb5072_clément_akpa.jpg
2026-03-11 09:45:03.885 | INFO     | images:telecharger_toutes_images:112 - [100/2249] Téléchargement : Jorge Cuenca
2026-03-11 09:45:16.278 | SUCCESS  | images:telecharger_image:63 - Image sauvegardée : 0abc51f2_jorge_cuenca.jpg
2026-03-11 09:45:16.382 | INFO     | images:telecharger_toutes_images:112 - [101/2249] Téléchargement : Yvan Neyou
2026-03-11 09:45:34.375 | SUCCESS  | images:telecharger_image:63 - Image sauvegardée : 0ad37003_yvan_neyou.jpg
2026-03-11 09:45:34.453 | INFO     | images:telecharger_toutes_images:112 - [102/2249] Téléchargement : Milos Kerkez
2026-03-11 09:45:47.861 | SUCCESS  | images:telecharger_image:63 - Image sauvegardée : 0ad53bdc_milos_kerkez.jpg
2026-03-11 09:45:47.950 | INFO     | images:telecharger_toutes_images:112 - [103/2249] Téléchargement : Cédric Bakambu
2026-03-11 09:46:00.790 | SUCCESS  | images:telecharger_image:63 - Image sauvegardée : 0af4dcf0_cédric_bakambu.jpg
2026-03-11 09:46:00.882 | INFO     | images:telecharger_toutes_images:112 - [104/2249] Téléchargement : Iker Almena
2026-03-11 09:46:14.924 | SUCCESS  | images:telecharger_image:63 - Image sauvegardée : 0b32f721_iker_almena.jpg
2026-03-11 09:46:15.044 | INFO     | images:telecharger_toutes_images:112 - [105/2249] Téléchargement : Coba da Costa
2026-03-11 09:46:32.285 | SUCCESS  | images:telecharger_image:63 - Image sauvegardée : 0b3358f0_coba_da_costa.jpg
2026-03-11 09:46:32.551 | INFO     | images:telecharger_toutes_images:112 - [106/2249] Téléchargement : Mohammed Salisu
2026-03-11 09:46:48.713 | SUCCESS  | images:telecharger_image:63 - Image sauvegardée : 0b33f6ad_mohammed_salisu.jpg
2026-03-11 09:46:48.855 | INFO     | images:telecharger_toutes_images:112 - [107/2249] Téléchargement : Breel Embolo
2026-03-11 09:47:05.469 | SUCCESS  | images:telecharger_image:63 - Image sauvegardée : 0b4f388a_breel_embolo.jpg
2026-03-11 09:47:05.569 | INFO     | images:telecharger_toutes_images:112 - [108/2249] Téléchargement : Jérémy Sebas
2026-03-11 09:47:17.988 | SUCCESS  | images:telecharger_image:63 - Image sauvegardée : 0b6911e4_jérémy_sebas.jpg
2026-03-11 09:47:18.110 | INFO     | images:telecharger_toutes_images:112 - [109/2249] Téléchargement : Ansu Fati
2026-03-11 09:47:34.945 | SUCCESS  | images:telecharger_image:63 - Image sauvegardée : 0ba976e4_ansu_fati.jpg
2026-03-11 09:47:35.176 | INFO     | images:telecharger_toutes_images:112 - [110/2249] Téléchargement : Yvann Macon
2026-03-11 09:47:51.924 | SUCCESS  | images:telecharger_image:63 - Image sauvegardée : 0bb6e193_yvann_macon.jpg
2026-03-11 09:47:52.069 | INFO     | images:telecharger_toutes_images:112 - [111/2249] Téléchargement : Romain Del Castillo
2026-03-11 09:48:07.918 | SUCCESS  | images:telecharger_image:63 - Image sauvegardée : 0be95d34_romain_del_castillo.jpg
2026-03-11 09:48:08.035 | INFO     | images:telecharger_toutes_images:112 - [112/2249] Téléchargement : Quentin Merlin
2026-03-11 09:48:19.597 | SUCCESS  | images:telecharger_image:63 - Image sauvegardée : 0bfca6a1_quentin_merlin.jpg
2026-03-11 09:48:19.715 | INFO     | images:telecharger_toutes_images:112 - [113/2249] Téléchargement : Marco Sala
2026-03-11 09:48:35.228 | INFO     | images:telecharger_toutes_images:112 - [114/2249] Téléchargement : Dodi Lukebakio
2026-03-11 09:48:48.382 | SUCCESS  | images:telecharger_image:63 - Image sauvegardée : 0c61c77c_dodi_lukebakio.jpg
2026-03-11 09:48:48.493 | INFO     | images:telecharger_toutes_images:112 - [115/2249] Téléchargement : Lucas Michal
2026-03-11 09:49:06.773 | SUCCESS  | images:telecharger_image:63 - Image sauvegardée : 0c7b1c91_lucas_michal.jpg
2026-03-11 09:49:06.883 | INFO     | images:telecharger_toutes_images:112 - [116/2249] Téléchargement : Chidozie Obi-Martin
2026-03-11 09:49:18.343 | SUCCESS  | images:telecharger_image:63 - Image sauvegardée : 0c9bfc3b_chidozie_obi-martin.jpg
2026-03-11 09:49:18.521 | INFO     | images:telecharger_toutes_images:112 - [117/2249] Téléchargement : Vedat Muriqi
2026-03-11 09:49:35.803 | SUCCESS  | images:telecharger_image:63 - Image sauvegardée : 0cadc46d_vedat_muriqi.jpg
2026-03-11 09:49:35.889 | INFO     | images:telecharger_toutes_images:112 - [118/2249] Téléchargement : Jean-Kevin Duverne
2026-03-11 09:49:53.959 | SUCCESS  | images:telecharger_image:63 - Image sauvegardée : 0cbc8baa_jean-kevin_duverne.jpg
2026-03-11 09:49:54.077 | INFO     | images:telecharger_toutes_images:112 - [119/2249] Téléchargement : Stefano Sabelli
2026-03-11 09:50:06.799 | SUCCESS  | images:telecharger_image:63 - Image sauvegardée : 0ccac09c_stefano_sabelli.jpg
2026-03-11 09:50:06.911 | INFO     | images:telecharger_toutes_images:112 - [120/2249] Téléchargement : Brennan Johnson
2026-03-11 09:50:20.133 | SUCCESS  | images:telecharger_image:63 - Image sauvegardée : 0cd31129_brennan_johnson.jpg
2026-03-11 09:50:20.243 | INFO     | images:telecharger_toutes_images:112 - [121/2249] Téléchargement : Matias Fernandez-Pardo
2026-03-11 09:50:35.301 | SUCCESS  | images:telecharger_image:63 - Image sauvegardée : 0cdb6a2a_matias_fernandez-pardo.jpg
2026-03-11 09:50:35.395 | INFO     | images:telecharger_toutes_images:112 - [122/2249] Téléchargement : Đorđe Petrović
2026-03-11 09:50:50.366 | SUCCESS  | images:telecharger_image:63 - Image sauvegardée : 0cf321c8_đorđe_petrović.jpg
2026-03-11 09:50:50.464 | INFO     | images:telecharger_toutes_images:112 - [123/2249] Téléchargement : Seydouba Cissé
2026-03-11 09:51:08.284 | INFO     | images:telecharger_toutes_images:112 - [124/2249] Téléchargement : Anass Salah-Eddine
2026-03-11 09:51:19.845 | SUCCESS  | images:telecharger_image:63 - Image sauvegardée : 0d274394_anass_salah-eddine.jpg
2026-03-11 09:51:19.921 | INFO     | images:telecharger_toutes_images:112 - [125/2249] Téléchargement : Marco Silvestri
2026-03-11 09:51:34.942 | SUCCESS  | images:telecharger_image:63 - Image sauvegardée : 0d422df7_marco_silvestri.jpg
2026-03-11 09:51:35.051 | INFO     | images:telecharger_toutes_images:112 - [126/2249] Téléchargement : Elye Wahi
2026-03-11 09:51:53.063 | SUCCESS  | images:telecharger_image:63 - Image sauvegardée : 0d7b6576_elye_wahi.jpg
2026-03-11 09:51:53.148 | INFO     | images:telecharger_toutes_images:112 - [127/2249] Téléchargement : Pedri
2026-03-11 09:52:06.992 | SUCCESS  | images:telecharger_image:63 - Image sauvegardée : 0d9b2d31_pedri.jpg
2026-03-11 09:52:07.081 | INFO     | images:telecharger_toutes_images:112 - [128/2249] Téléchargement : Mathis Lambourde
2026-03-11 09:52:24.498 | SUCCESS  | images:telecharger_image:63 - Image sauvegardée : 0da3d7ab_mathis_lambourde.jpg
2026-03-11 09:52:24.597 | INFO     | images:telecharger_toutes_images:112 - [129/2249] Téléchargement : Albert Grønbaek
2026-03-11 09:52:38.993 | SUCCESS  | images:telecharger_image:63 - Image sauvegardée : 0da5076f_albert_grønbaek.jpg
2026-03-11 09:52:39.094 | INFO     | images:telecharger_toutes_images:112 - [130/2249] Téléchargement : Sandro Tonali
2026-03-11 09:52:55.999 | SUCCESS  | images:telecharger_image:63 - Image sauvegardée : 0db169ae_sandro_tonali.jpg
2026-03-11 09:52:56.201 | INFO     | images:telecharger_toutes_images:112 - [131/2249] Téléchargement : Warren Bondo
2026-03-11 09:53:08.895 | SUCCESS  | images:telecharger_image:63 - Image sauvegardée : 0def2376_warren_bondo.jpg
2026-03-11 09:53:09.016 | INFO     | images:telecharger_toutes_images:112 - [132/2249] Téléchargement : Omar Marmoush
2026-03-11 09:53:22.366 | SUCCESS  | images:telecharger_image:63 - Image sauvegardée : 0e0102eb_omar_marmoush.jpg
2026-03-11 09:53:22.480 | INFO     | images:telecharger_toutes_images:112 - [133/2249] Téléchargement : Matthis Abline
2026-03-11 09:53:37.186 | SUCCESS  | images:telecharger_image:63 - Image sauvegardée : 0e46fa2f_matthis_abline.jpg
2026-03-11 09:53:37.289 | INFO     | images:telecharger_toutes_images:112 - [134/2249] Téléchargement : Lucas Torró
2026-03-11 09:53:50.256 | SUCCESS  | images:telecharger_image:63 - Image sauvegardée : 0e4fef6e_lucas_torró.jpg
2026-03-11 09:53:50.344 | INFO     | images:telecharger_toutes_images:112 - [135/2249] Téléchargement : Dani Gómez
2026-03-11 09:54:05.178 | SUCCESS  | images:telecharger_image:63 - Image sauvegardée : 0e5ddc7c_dani_gómez.jpg
2026-03-11 09:54:05.268 | INFO     | images:telecharger_toutes_images:112 - [136/2249] Téléchargement : Eros Maddy
2026-03-11 09:54:20.410 | INFO     | images:telecharger_toutes_images:112 - [137/2249] Téléchargement : Mathias Jensen
2026-03-11 09:54:34.883 | SUCCESS  | images:telecharger_image:63 - Image sauvegardée : 0f134faf_mathias_jensen.jpg
2026-03-11 09:54:34.993 | INFO     | images:telecharger_toutes_images:112 - [138/2249] Téléchargement : Copete
2026-03-11 09:54:50.565 | SUCCESS  | images:telecharger_image:63 - Image sauvegardée : 0f26ffd7_copete.jpg
2026-03-11 09:54:50.675 | INFO     | images:telecharger_toutes_images:112 - [139/2249] Téléchargement : Morato
2026-03-11 09:55:05.165 | SUCCESS  | images:telecharger_image:63 - Image sauvegardée : 0f41e2ee_morato.jpg
2026-03-11 09:55:05.274 | INFO     | images:telecharger_toutes_images:112 - [140/2249] Téléchargement : Bobby De Cordova-Reid
2026-03-11 09:55:18.595 | SUCCESS  | images:telecharger_image:63 - Image sauvegardée : 0f7533cd_bobby_de_cordova-reid.jpg
2026-03-11 09:55:18.697 | INFO     | images:telecharger_toutes_images:112 - [141/2249] Téléchargement : Hianga'a Mbock
2026-03-11 09:55:33.532 | SUCCESS  | images:telecharger_image:63 - Image sauvegardée : 0f86995c_hianga'a_mbock.jpg
2026-03-11 09:55:33.632 | INFO     | images:telecharger_toutes_images:112 - [142/2249] Téléchargement : Kristjan Asllani
2026-03-11 09:55:45.996 | SUCCESS  | images:telecharger_image:63 - Image sauvegardée : 0fdcef0e_kristjan_asllani.jpg
2026-03-11 09:55:46.120 | INFO     | images:telecharger_toutes_images:112 - [143/2249] Téléchargement : Martin Erlic
2026-03-11 09:56:03.251 | SUCCESS  | images:telecharger_image:63 - Image sauvegardée : 0fee6bda_martin_erlic.jpg
2026-03-11 09:56:03.363 | INFO     | images:telecharger_toutes_images:112 - [144/2249] Téléchargement : Alexsandro Ribeiro
2026-03-11 09:56:21.251 | SUCCESS  | images:telecharger_image:63 - Image sauvegardée : 102c9665_alexsandro_ribeiro.jpg
2026-03-11 09:56:21.374 | INFO     | images:telecharger_toutes_images:112 - [145/2249] Téléchargement : Tommaso Baldanzi
2026-03-11 09:56:34.133 | SUCCESS  | images:telecharger_image:63 - Image sauvegardée : 102e2599_tommaso_baldanzi.jpg
2026-03-11 09:56:34.279 | INFO     | images:telecharger_toutes_images:112 - [146/2249] Téléchargement : Alex Scott
2026-03-11 09:56:48.046 | SUCCESS  | images:telecharger_image:63 - Image sauvegardée : 104d0bb8_alex_scott.jpg
2026-03-11 09:56:48.146 | INFO     | images:telecharger_toutes_images:112 - [147/2249] Téléchargement : Jesus Vazquez
2026-03-11 09:57:04.772 | SUCCESS  | images:telecharger_image:63 - Image sauvegardée : 106c142c_jesus_vazquez.jpg
2026-03-11 09:57:04.883 | INFO     | images:telecharger_toutes_images:112 - [148/2249] Téléchargement : Alberto Cerri
2026-03-11 09:57:20.995 | SUCCESS  | images:telecharger_image:63 - Image sauvegardée : 1079c685_alberto_cerri.jpg
2026-03-11 09:57:21.102 | INFO     | images:telecharger_toutes_images:112 - [149/2249] Téléchargement : Aron Dønnum
2026-03-11 09:57:35.109 | SUCCESS  | images:telecharger_image:63 - Image sauvegardée : 10cff752_aron_dønnum.jpg
2026-03-11 09:57:35.205 | INFO     | images:telecharger_toutes_images:112 - [150/2249] Téléchargement : Gaëtan Perrin
2026-03-11 09:57:53.335 | SUCCESS  | images:telecharger_image:63 - Image sauvegardée : 10dd88f9_gaëtan_perrin.jpg
2026-03-11 09:57:53.435 | INFO     | images:telecharger_toutes_images:112 - [151/2249] Téléchargement : Jean-Ricner Bellegarde
2026-03-11 09:58:07.274 | SUCCESS  | images:telecharger_image:63 - Image sauvegardée : 10f0fdd3_jean-ricner_bellegarde.jpg
2026-03-11 09:58:07.371 | INFO     | images:telecharger_toutes_images:112 - [152/2249] Téléchargement : Adrià Pedrosa
2026-03-11 09:58:24.725 | SUCCESS  | images:telecharger_image:63 - Image sauvegardée : 112521d1_adrià_pedrosa.jpg
2026-03-11 09:58:24.823 | INFO     | images:telecharger_toutes_images:112 - [153/2249] Téléchargement : Sergi Canós
2026-03-11 09:58:42.233 | SUCCESS  | images:telecharger_image:63 - Image sauvegardée : 1137759d_sergi_canós.jpg
2026-03-11 09:58:42.347 | INFO     | images:telecharger_toutes_images:112 - [154/2249] Téléchargement : Loïc Bade
2026-03-11 09:58:58.143 | SUCCESS  | images:telecharger_image:63 - Image sauvegardée : 114bbdee_loïc_bade.jpg
2026-03-11 09:58:58.254 | INFO     | images:telecharger_toutes_images:112 - [155/2249] Téléchargement : Donyell Malen
2026-03-11 09:59:14.590 | SUCCESS  | images:telecharger_image:63 - Image sauvegardée : 116c35df_donyell_malen.jpg
2026-03-11 09:59:14.711 | INFO     | images:telecharger_toutes_images:112 - [156/2249] Téléchargement : Alberto Moreno
2026-03-11 09:59:29.975 | SUCCESS  | images:telecharger_image:63 - Image sauvegardée : 11b9265b_alberto_moreno.jpg
2026-03-11 09:59:30.108 | INFO     | images:telecharger_toutes_images:112 - [157/2249] Téléchargement : Josep Martinez
2026-03-11 09:59:46.014 | SUCCESS  | images:telecharger_image:63 - Image sauvegardée : 11d8aff0_josep_martinez.jpg
2026-03-11 09:59:46.128 | INFO     | images:telecharger_toutes_images:112 - [158/2249] Téléchargement : Kim Minsu
2026-03-11 10:00:04.558 | SUCCESS  | images:telecharger_image:63 - Image sauvegardée : 11e36e68_kim_minsu.jpg
2026-03-11 10:00:04.659 | INFO     | images:telecharger_toutes_images:112 - [159/2249] Téléchargement : Omar Mascarell
2026-03-11 10:00:16.348 | SUCCESS  | images:telecharger_image:63 - Image sauvegardée : 11fd2b75_omar_mascarell.jpg
2026-03-11 10:00:16.436 | INFO     | images:telecharger_toutes_images:112 - [160/2249] Téléchargement : Fisayo Dele-Bashiru
2026-03-11 10:00:31.600 | SUCCESS  | images:telecharger_image:63 - Image sauvegardée : 121a4fb8_fisayo_dele-bashiru.jpg
2026-03-11 10:00:31.711 | INFO     | images:telecharger_toutes_images:112 - [161/2249] Téléchargement : Alessandro Circati
2026-03-11 10:00:47.292 | SUCCESS  | images:telecharger_image:63 - Image sauvegardée : 1223765c_alessandro_circati.jpg
2026-03-11 10:00:47.394 | INFO     | images:telecharger_toutes_images:112 - [162/2249] Téléchargement : Reece James
2026-03-11 10:01:00.060 | SUCCESS  | images:telecharger_image:63 - Image sauvegardée : 1265a93a_reece_james.jpg
2026-03-11 10:01:00.213 | INFO     | images:telecharger_toutes_images:112 - [163/2249] Téléchargement : Isak Hien
2026-03-11 10:01:18.664 | SUCCESS  | images:telecharger_image:63 - Image sauvegardée : 12806697_isak_hien.jpg
2026-03-11 10:01:18.773 | INFO     | images:telecharger_toutes_images:112 - [164/2249] Téléchargement : Jhon Solis
2026-03-11 10:01:30.709 | SUCCESS  | images:telecharger_image:63 - Image sauvegardée : 1282939a_jhon_solis.jpg
2026-03-11 10:01:30.806 | INFO     | images:telecharger_toutes_images:112 - [165/2249] Téléchargement : Álvaro Morata
2026-03-11 10:01:48.091 | SUCCESS  | images:telecharger_image:63 - Image sauvegardée : 129af0db_álvaro_morata.jpg
2026-03-11 10:01:48.215 | INFO     | images:telecharger_toutes_images:112 - [166/2249] Téléchargement : Etienne Youte Kinkoue
2026-03-11 10:02:03.183 | SUCCESS  | images:telecharger_image:63 - Image sauvegardée : 12a4e38c_etienne_youte_kinkoue.jpg
2026-03-11 10:02:03.278 | INFO     | images:telecharger_toutes_images:112 - [167/2249] Téléchargement : Vitezslav Jaros
2026-03-11 10:02:18.007 | SUCCESS  | images:telecharger_image:63 - Image sauvegardée : 12bb4d6a_vitezslav_jaros.jpg
2026-03-11 10:02:18.237 | INFO     | images:telecharger_toutes_images:112 - [168/2249] Téléchargement : Olabade Aluko
2026-03-11 10:02:31.169 | INFO     | images:telecharger_toutes_images:112 - [169/2249] Téléchargement : Denis Suárez
2026-03-11 10:02:44.430 | SUCCESS  | images:telecharger_image:63 - Image sauvegardée : 12c50af5_denis_suárez.jpg
2026-03-11 10:02:44.521 | INFO     | images:telecharger_toutes_images:112 - [170/2249] Téléchargement : André Ferreira
2026-03-11 10:03:02.379 | SUCCESS  | images:telecharger_image:63 - Image sauvegardée : 12c6cbef_andré_ferreira.jpg
2026-03-11 10:03:02.487 | INFO     | images:telecharger_toutes_images:112 - [171/2249] Téléchargement : Diego Moreira
2026-03-11 10:03:14.035 | SUCCESS  | images:telecharger_image:63 - Image sauvegardée : 12de1b0d_diego_moreira.jpg
2026-03-11 10:03:14.146 | INFO     | images:telecharger_toutes_images:112 - [172/2249] Téléchargement : Wesley Fofana
2026-03-11 10:03:28.824 | SUCCESS  | images:telecharger_image:63 - Image sauvegardée : 132a82f1_wesley_fofana.jpg
2026-03-11 10:03:28.919 | INFO     | images:telecharger_toutes_images:112 - [173/2249] Téléchargement : Aridane Hernández
2026-03-11 10:03:45.066 | SUCCESS  | images:telecharger_image:63 - Image sauvegardée : 132ac341_aridane_hernández.jpg
2026-03-11 10:03:45.172 | INFO     | images:telecharger_toutes_images:112 - [174/2249] Téléchargement : Marcão
2026-03-11 10:03:58.767 | SUCCESS  | images:telecharger_image:63 - Image sauvegardée : 133faa84_marcão.jpg
2026-03-11 10:03:58.868 | INFO     | images:telecharger_toutes_images:112 - [175/2249] Téléchargement : Ange Martial Tia
2026-03-11 10:04:15.371 | SUCCESS  | images:telecharger_image:63 - Image sauvegardée : 13579ed2_ange_martial_tia.jpg
2026-03-11 10:04:15.470 | INFO     | images:telecharger_toutes_images:112 - [176/2249] Téléchargement : Sékou Doucoure
2026-03-11 10:04:29.950 | SUCCESS  | images:telecharger_image:63 - Image sauvegardée : 135ebd39_sékou_doucoure.jpg
2026-03-11 10:04:30.059 | INFO     | images:telecharger_toutes_images:112 - [177/2249] Téléchargement : Omar El Hilali
2026-03-11 10:04:45.176 | SUCCESS  | images:telecharger_image:63 - Image sauvegardée : 139560df_omar_el_hilali.jpg
2026-03-11 10:04:45.282 | INFO     | images:telecharger_toutes_images:112 - [178/2249] Téléchargement : Petar Stojanović
2026-03-11 10:04:57.760 | SUCCESS  | images:telecharger_image:63 - Image sauvegardée : 13b44b02_petar_stojanović.jpg
2026-03-11 10:04:57.892 | INFO     | images:telecharger_toutes_images:112 - [179/2249] Téléchargement : Takuma Asano
2026-03-11 10:05:15.960 | SUCCESS  | images:telecharger_image:63 - Image sauvegardée : 13ddc856_takuma_asano.jpg
2026-03-11 10:05:16.065 | INFO     | images:telecharger_toutes_images:112 - [180/2249] Téléchargement : Luken Beitia
2026-03-11 10:05:31.829 | SUCCESS  | images:telecharger_image:63 - Image sauvegardée : 1406fae0_luken_beitia.jpg
2026-03-11 10:05:31.962 | INFO     | images:telecharger_toutes_images:112 - [181/2249] Téléchargement : Rémy Cabella
2026-03-11 10:05:48.545 | SUCCESS  | images:telecharger_image:63 - Image sauvegardée : 148e136f_rémy_cabella.jpg
2026-03-11 10:05:48.786 | INFO     | images:telecharger_toutes_images:112 - [182/2249] Téléchargement : Giuseppe Pezzella
2026-03-11 10:06:05.171 | SUCCESS  | images:telecharger_image:63 - Image sauvegardée : 149c5f5d_giuseppe_pezzella.jpg
2026-03-11 10:06:05.376 | INFO     | images:telecharger_toutes_images:112 - [183/2249] Téléchargement : Patrizio Masini
2026-03-11 10:06:22.355 | SUCCESS  | images:telecharger_image:63 - Image sauvegardée : 151354b8_patrizio_masini.jpg
2026-03-11 10:06:22.458 | INFO     | images:telecharger_toutes_images:112 - [184/2249] Téléchargement : Yael Mouanga
2026-03-11 10:06:37.482 | INFO     | images:telecharger_toutes_images:112 - [185/2249] Téléchargement : Jacob Ramsey
2026-03-11 10:07:17.323 | SUCCESS  | images:telecharger_image:63 - Image sauvegardée : 1544f145_jacob_ramsey.jpg
2026-03-11 10:07:17.795 | INFO     | images:telecharger_toutes_images:112 - [186/2249] Téléchargement : Abdoulaye Keita
2026-03-11 10:19:33.059 | WARNING  | images:telecharger_image:73 - Tentative 1/3 échouée pour Abdoulaye Keita : Page.goto: Timeout 30000ms exceeded.
Call log:
  - navigating to "https://fbref.com/req/202302030/images/headshots/154b6735_2022.jpg", waiting until "domcontentloaded"

2026-03-11 10:19:50.301 | INFO     | images:telecharger_toutes_images:112 - [187/2249] Téléchargement : Alieu Njie
2026-03-11 10:20:08.887 | SUCCESS  | images:telecharger_image:63 - Image sauvegardée : 15918c9c_alieu_njie.jpg
2026-03-11 10:20:09.028 | INFO     | images:telecharger_toutes_images:112 - [188/2249] Téléchargement : Eray Cömert
2026-03-11 10:20:26.655 | SUCCESS  | images:telecharger_image:63 - Image sauvegardée : 15937e17_eray_cömert.jpg
2026-03-11 10:20:26.752 | INFO     | images:telecharger_toutes_images:112 - [189/2249] Téléchargement : Eliot Matazo
2026-03-11 10:20:39.741 | SUCCESS  | images:telecharger_image:63 - Image sauvegardée : 15944afd_eliot_matazo.jpg
2026-03-11 10:20:39.868 | INFO     | images:telecharger_toutes_images:112 - [190/2249] Téléchargement : Nampalys Mendy
2026-03-11 10:20:54.596 | SUCCESS  | images:telecharger_image:63 - Image sauvegardée : 1598599e_nampalys_mendy.jpg
2026-03-11 10:20:54.700 | INFO     | images:telecharger_toutes_images:112 - [191/2249] Téléchargement : Julián Álvarez
2026-03-11 10:21:07.065 | SUCCESS  | images:telecharger_image:63 - Image sauvegardée : 15ab5a2b_julián_álvarez.jpg
2026-03-11 10:21:07.208 | INFO     | images:telecharger_toutes_images:112 - [192/2249] Téléchargement : Daichi Kamada
2026-03-11 10:21:24.889 | SUCCESS  | images:telecharger_image:63 - Image sauvegardée : 15b287da_daichi_kamada.jpg
2026-03-11 10:21:24.988 | INFO     | images:telecharger_toutes_images:112 - [193/2249] Téléchargement : Luiz Felipe
2026-03-11 10:21:39.015 | SUCCESS  | images:telecharger_image:63 - Image sauvegardée : 15d0c248_luiz_felipe.jpg
2026-03-11 10:21:39.125 | INFO     | images:telecharger_toutes_images:112 - [194/2249] Téléchargement : James Tarkowski
2026-03-11 10:21:54.107 | SUCCESS  | images:telecharger_image:63 - Image sauvegardée : 15ea812b_james_tarkowski.jpg
2026-03-11 10:21:54.209 | INFO     | images:telecharger_toutes_images:112 - [195/2249] Téléchargement : Callum Hudson-Odoi
2026-03-11 10:22:10.653 | SUCCESS  | images:telecharger_image:63 - Image sauvegardée : 15f3ec41_callum_hudson-odoi.jpg
2026-03-11 10:22:10.901 | INFO     | images:telecharger_toutes_images:112 - [196/2249] Téléchargement : Moisés Caicedo
2026-03-11 10:22:27.992 | SUCCESS  | images:telecharger_image:63 - Image sauvegardée : 16264a81_moisés_caicedo.jpg
2026-03-11 10:22:28.095 | INFO     | images:telecharger_toutes_images:112 - [197/2249] Téléchargement : Rodrigo De Paul
2026-03-11 10:22:46.806 | SUCCESS  | images:telecharger_image:63 - Image sauvegardée : 162efffd_rodrigo_de_paul.jpg
2026-03-11 10:22:46.912 | INFO     | images:telecharger_toutes_images:112 - [198/2249] Téléchargement : Anthony Briançon
2026-03-11 10:23:02.758 | SUCCESS  | images:telecharger_image:63 - Image sauvegardée : 16324e1d_anthony_briançon.jpg
2026-03-11 10:23:02.925 | INFO     | images:telecharger_toutes_images:112 - [199/2249] Téléchargement : Juanpe
2026-03-11 10:23:20.179 | SUCCESS  | images:telecharger_image:63 - Image sauvegardée : 1633fc8a_juanpe.jpg
2026-03-11 10:23:20.271 | INFO     | images:telecharger_toutes_images:112 - [200/2249] Téléchargement : Marwann Nzuzi
2026-03-11 10:23:39.015 | INFO     | images:telecharger_toutes_images:112 - [201/2249] Téléchargement : Bryan Cristante
2026-03-11 10:23:52.483 | SUCCESS  | images:telecharger_image:63 - Image sauvegardée : 16657b95_bryan_cristante.jpg
2026-03-11 10:23:52.599 | INFO     | images:telecharger_toutes_images:112 - [202/2249] Téléchargement : Patrik Carlgren
2026-03-11 10:24:10.138 | SUCCESS  | images:telecharger_image:63 - Image sauvegardée : 168c50c5_patrik_carlgren.jpg
2026-03-11 10:24:10.240 | INFO     | images:telecharger_toutes_images:112 - [203/2249] Téléchargement : Hwang Hee-chan
2026-03-11 10:24:24.550 | SUCCESS  | images:telecharger_image:63 - Image sauvegardée : 169fd162_hwang_hee-chan.jpg
2026-03-11 10:24:24.643 | INFO     | images:telecharger_toutes_images:112 - [204/2249] Téléchargement : Takefusa Kubo
2026-03-11 10:24:38.668 | SUCCESS  | images:telecharger_image:63 - Image sauvegardée : 16aa3654_takefusa_kubo.jpg
2026-03-11 10:24:38.779 | INFO     | images:telecharger_toutes_images:112 - [205/2249] Téléchargement : Brendan Chardonnet
2026-03-11 10:24:54.665 | SUCCESS  | images:telecharger_image:63 - Image sauvegardée : 16aa7d4c_brendan_chardonnet.jpg
2026-03-11 10:24:54.770 | INFO     | images:telecharger_toutes_images:112 - [206/2249] Téléchargement : Nikola Maksimović
2026-03-11 10:25:12.628 | SUCCESS  | images:telecharger_image:63 - Image sauvegardée : 16b9d5cf_nikola_maksimović.jpg
2026-03-11 10:25:12.762 | INFO     | images:telecharger_toutes_images:112 - [207/2249] Téléchargement : Paweł Dawidowicz
2026-03-11 10:25:25.138 | SUCCESS  | images:telecharger_image:63 - Image sauvegardée : 16bb656a_paweł_dawidowicz.jpg
2026-03-11 10:25:25.255 | INFO     | images:telecharger_toutes_images:112 - [208/2249] Téléchargement : Álex Moreno
2026-03-11 10:25:43.467 | SUCCESS  | images:telecharger_image:63 - Image sauvegardée : 16e9d0ea_álex_moreno.jpg
2026-03-11 10:25:43.588 | INFO     | images:telecharger_toutes_images:112 - [209/2249] Téléchargement : Murillo
2026-03-11 10:25:57.012 | SUCCESS  | images:telecharger_image:63 - Image sauvegardée : 1704b0b8_murillo.jpg
2026-03-11 10:25:57.154 | INFO     | images:telecharger_toutes_images:112 - [210/2249] Téléchargement : Konan N'dri
2026-03-11 10:26:14.138 | SUCCESS  | images:telecharger_image:63 - Image sauvegardée : 17329380_konan_n'dri.jpg
2026-03-11 10:26:14.269 | INFO     | images:telecharger_toutes_images:112 - [211/2249] Téléchargement : Iker Muñoz
2026-03-11 10:26:31.343 | SUCCESS  | images:telecharger_image:63 - Image sauvegardée : 175ece4c_iker_muñoz.jpg
2026-03-11 10:26:31.428 | INFO     | images:telecharger_toutes_images:112 - [212/2249] Téléchargement : Emile Smith Rowe
2026-03-11 10:26:46.080 | SUCCESS  | images:telecharger_image:63 - Image sauvegardée : 17695062_emile_smith_rowe.jpg
2026-03-11 10:26:46.198 | INFO     | images:telecharger_toutes_images:112 - [213/2249] Téléchargement : Diogo Jota
2026-03-11 10:27:01.590 | SUCCESS  | images:telecharger_image:63 - Image sauvegardée : 178ae8f8_diogo_jota.jpg
2026-03-11 10:27:01.704 | INFO     | images:telecharger_toutes_images:112 - [214/2249] Téléchargement : Arouna Sangante
2026-03-11 10:27:17.207 | SUCCESS  | images:telecharger_image:63 - Image sauvegardée : 17bb562c_arouna_sangante.jpg
2026-03-11 10:27:17.325 | INFO     | images:telecharger_toutes_images:112 - [215/2249] Téléchargement : Neil El Aynaoui
2026-03-11 10:27:35.161 | SUCCESS  | images:telecharger_image:63 - Image sauvegardée : 17e1261b_neil_el_aynaoui.jpg
2026-03-11 10:27:35.342 | INFO     | images:telecharger_toutes_images:112 - [216/2249] Téléchargement : Alessandro Gabrielloni
2026-03-11 10:27:54.272 | INFO     | images:telecharger_toutes_images:112 - [217/2249] Téléchargement : Maat Daniel Caprini
2026-03-11 10:28:13.149 | INFO     | images:telecharger_toutes_images:112 - [218/2249] Téléchargement : Thibaut Courtois
2026-03-11 10:28:25.127 | SUCCESS  | images:telecharger_image:63 - Image sauvegardée : 1840e36d_thibaut_courtois.jpg
2026-03-11 10:28:25.287 | INFO     | images:telecharger_toutes_images:112 - [219/2249] Téléchargement : Williot Swedberg
2026-03-11 10:28:39.932 | SUCCESS  | images:telecharger_image:63 - Image sauvegardée : 184fe4b2_williot_swedberg.jpg
2026-03-11 10:28:40.129 | INFO     | images:telecharger_toutes_images:112 - [220/2249] Téléchargement : Ross Stewart
2026-03-11 10:28:53.436 | SUCCESS  | images:telecharger_image:63 - Image sauvegardée : 18986367_ross_stewart.jpg
2026-03-11 10:28:53.544 | INFO     | images:telecharger_toutes_images:112 - [221/2249] Téléchargement : Joseph Aidoo
2026-03-11 10:29:10.144 | SUCCESS  | images:telecharger_image:63 - Image sauvegardée : 18abe173_joseph_aidoo.jpg
2026-03-11 10:29:10.255 | INFO     | images:telecharger_toutes_images:112 - [222/2249] Téléchargement : Antonio Rüdiger
2026-03-11 10:29:28.141 | SUCCESS  | images:telecharger_image:63 - Image sauvegardée : 18b896d6_antonio_rüdiger.jpg
2026-03-11 10:29:28.249 | INFO     | images:telecharger_toutes_images:112 - [223/2249] Téléchargement : Federico Gatti
2026-03-11 10:29:44.830 | SUCCESS  | images:telecharger_image:63 - Image sauvegardée : 18dd3219_federico_gatti.jpg
2026-03-11 10:29:44.937 | INFO     | images:telecharger_toutes_images:112 - [224/2249] Téléchargement : Raúl
2026-03-11 10:29:57.851 | SUCCESS  | images:telecharger_image:63 - Image sauvegardée : 18f0a9f0_raúl.jpg
2026-03-11 10:29:57.993 | INFO     | images:telecharger_toutes_images:112 - [225/2249] Téléchargement : Jannik Vestergaard
2026-03-11 10:30:10.508 | SUCCESS  | images:telecharger_image:63 - Image sauvegardée : 1900032e_jannik_vestergaard.jpg
2026-03-11 10:30:10.634 | INFO     | images:telecharger_toutes_images:112 - [226/2249] Téléchargement : Sofiane Diop
2026-03-11 10:30:25.169 | SUCCESS  | images:telecharger_image:63 - Image sauvegardée : 19053e31_sofiane_diop.jpg
2026-03-11 10:30:25.277 | INFO     | images:telecharger_toutes_images:112 - [227/2249] Téléchargement : Mahamadou Diawara
2026-03-11 10:30:43.214 | SUCCESS  | images:telecharger_image:63 - Image sauvegardée : 1906b842_mahamadou_diawara.jpg
2026-03-11 10:30:43.321 | INFO     | images:telecharger_toutes_images:112 - [228/2249] Téléchargement : Tiago Gabriel
2026-03-11 10:30:58.626 | SUCCESS  | images:telecharger_image:63 - Image sauvegardée : 19452285_tiago_gabriel.jpg
2026-03-11 10:30:58.729 | INFO     | images:telecharger_toutes_images:112 - [229/2249] Téléchargement : Francesco Camarda
2026-03-11 10:31:15.752 | SUCCESS  | images:telecharger_image:63 - Image sauvegardée : 1956a64b_francesco_camarda.jpg
2026-03-11 10:31:15.850 | INFO     | images:telecharger_toutes_images:112 - [230/2249] Téléchargement : Jim Allevinah
2026-03-11 10:31:29.580 | SUCCESS  | images:telecharger_image:63 - Image sauvegardée : 1956b948_jim_allevinah.jpg
2026-03-11 10:31:29.687 | INFO     | images:telecharger_toutes_images:112 - [231/2249] Téléchargement : André Gomes
2026-03-11 10:31:44.175 | SUCCESS  | images:telecharger_image:63 - Image sauvegardée : 1961b2aa_andré_gomes.jpg
2026-03-11 10:31:44.300 | INFO     | images:telecharger_toutes_images:112 - [232/2249] Téléchargement : Óscar Rodríguez Arnaiz
2026-03-11 10:32:01.169 | SUCCESS  | images:telecharger_image:63 - Image sauvegardée : 19709006_óscar_rodríguez_arnaiz.jpg
2026-03-11 10:32:01.302 | INFO     | images:telecharger_toutes_images:112 - [233/2249] Téléchargement : Cody Gakpo
2026-03-11 10:32:17.482 | SUCCESS  | images:telecharger_image:63 - Image sauvegardée : 1971591f_cody_gakpo.jpg
2026-03-11 10:32:17.590 | INFO     | images:telecharger_toutes_images:112 - [234/2249] Téléchargement : Timothy Castagne
2026-03-11 10:32:33.009 | SUCCESS  | images:telecharger_image:63 - Image sauvegardée : 197640fd_timothy_castagne.jpg
2026-03-11 10:32:33.111 | INFO     | images:telecharger_toutes_images:112 - [235/2249] Téléchargement : Hassane Kamara
2026-03-11 10:32:46.151 | SUCCESS  | images:telecharger_image:63 - Image sauvegardée : 19a12bed_hassane_kamara.jpg
2026-03-11 10:32:46.255 | INFO     | images:telecharger_toutes_images:112 - [236/2249] Téléchargement : Lamine Camara
2026-03-11 10:43:52.286 | INFO     | __main__:main:51 - Initialisation de la base de données...
2026-03-11 10:43:52.299 | SUCCESS  | db:init_db:113 - Base de données initialisée avec succès
2026-03-11 10:43:52.300 | INFO     | __main__:scraper_ligue:28 - === Début scraping : Premier League ===
2026-03-11 10:43:52.301 | INFO     | __main__:scraper_ligue:30 - [Premier League] Scraping classement...
2026-03-11 10:43:52.302 | INFO     | browser:charger_page:20 - Attente de 4.2s avant chargement...
2026-03-11 10:43:58.319 | INFO     | browser:charger_page:46 - Chargement : https://fbref.com/en/comps/9/2024-2025/2024-2025-Premier-League-Stats
2026-03-11 10:43:59.216 | INFO     | browser:charger_page:50 - Attente passage Cloudflare (30s)...
2026-03-11 10:44:29.803 | SUCCESS  | browser:charger_page:63 - Page récupérée : 951623 caractères
2026-03-11 10:44:30.286 | SUCCESS  | fixtures:scraper_classement:81 - Classement Premier League : 20 équipes récupérées
2026-03-11 10:44:30.296 | SUCCESS  | db:insert_classement:132 - 20 lignes classement insérées
2026-03-11 10:44:30.296 | INFO     | __main__:scraper_ligue:34 - [Premier League] Scraping résultats...
2026-03-11 10:44:30.297 | INFO     | browser:charger_page:20 - Attente de 5.7s avant chargement...
2026-03-11 10:44:37.608 | INFO     | browser:charger_page:46 - Chargement : https://fbref.com/en/comps/9/2024-2025/schedule/2024-2025-Premier-League-Scores-and-Fixtures
2026-03-11 10:44:38.173 | INFO     | browser:charger_page:50 - Attente passage Cloudflare (30s)...
2026-03-11 10:45:08.619 | SUCCESS  | browser:charger_page:63 - Page récupérée : 810838 caractères
2026-03-11 10:45:09.148 | SUCCESS  | fixtures:scraper_resultats:164 - Résultats Premier League : 380 matchs récupérés
2026-03-11 10:45:09.160 | SUCCESS  | db:insert_resultats:151 - 380 résultats insérés
2026-03-11 10:45:09.163 | INFO     | __main__:scraper_ligue:38 - [Premier League] Scraping stats joueurs...
2026-03-11 10:45:09.163 | INFO     | browser:charger_page:20 - Attente de 7.4s avant chargement...
2026-03-11 10:45:17.878 | INFO     | browser:charger_page:46 - Chargement : https://fbref.com/en/comps/9/2024-2025/stats/2024-2025-Premier-League-Stats
2026-03-11 10:45:18.503 | INFO     | browser:charger_page:50 - Attente passage Cloudflare (30s)...
2026-03-11 10:45:49.109 | SUCCESS  | browser:charger_page:63 - Page récupérée : 2664913 caractères
2026-03-11 10:45:51.099 | SUCCESS  | players:scraper_stats_joueurs:104 - Stats joueurs Premier League : 574 joueurs récupérés
2026-03-11 10:45:51.134 | SUCCESS  | db:insert_stats_joueurs:170 - 574 stats joueurs insérées
2026-03-11 10:45:51.135 | INFO     | __main__:scraper_ligue:42 - [Premier League] Scraping stats équipes...
2026-03-11 10:45:51.136 | INFO     | browser:charger_page:20 - Attente de 6.5s avant chargement...
2026-03-11 10:45:59.140 | INFO     | browser:charger_page:46 - Chargement : https://fbref.com/en/comps/9/2024-2025/2024-2025-Premier-League-Stats
2026-03-11 10:45:59.707 | INFO     | browser:charger_page:50 - Attente passage Cloudflare (30s)...
2026-03-11 10:46:30.189 | SUCCESS  | browser:charger_page:63 - Page récupérée : 951694 caractères
2026-03-11 10:46:30.824 | SUCCESS  | teams:scraper_stats_equipes:91 - Stats équipes Premier League : 20 équipes récupérées
2026-03-11 10:46:30.837 | SUCCESS  | db:insert_stats_equipes:187 - 20 stats équipes insérées
2026-03-11 10:46:30.838 | SUCCESS  | __main__:scraper_ligue:46 - === Scraping terminé : Premier League ===
2026-03-11 10:46:30.840 | INFO     | __main__:scraper_ligue:28 - === Début scraping : La Liga ===
2026-03-11 10:46:30.841 | INFO     | __main__:scraper_ligue:30 - [La Liga] Scraping classement...
2026-03-11 10:46:30.842 | INFO     | browser:charger_page:20 - Attente de 4.2s avant chargement...
2026-03-11 10:46:36.568 | INFO     | browser:charger_page:46 - Chargement : https://fbref.com/en/comps/12/2024-2025/2024-2025-La-Liga-Stats
2026-03-11 10:46:37.127 | INFO     | browser:charger_page:50 - Attente passage Cloudflare (30s)...
2026-03-11 10:47:07.551 | SUCCESS  | browser:charger_page:63 - Page récupérée : 959090 caractères
2026-03-11 10:47:08.357 | SUCCESS  | fixtures:scraper_classement:81 - Classement La Liga : 20 équipes récupérées
2026-03-11 10:47:08.375 | SUCCESS  | db:insert_classement:132 - 20 lignes classement insérées
2026-03-11 10:47:08.376 | INFO     | __main__:scraper_ligue:34 - [La Liga] Scraping résultats...
2026-03-11 10:47:08.378 | INFO     | browser:charger_page:20 - Attente de 6.0s avant chargement...
2026-03-11 10:47:15.793 | INFO     | browser:charger_page:46 - Chargement : https://fbref.com/en/comps/12/2024-2025/schedule/2024-2025-La-Liga-Scores-and-Fixtures
2026-03-11 10:47:16.745 | INFO     | browser:charger_page:50 - Attente passage Cloudflare (30s)...
2026-03-11 10:47:46.769 | WARNING  | browser:charger_page:57 - Page trop courte, attente 30s supplémentaires...
2026-03-11 10:52:13.959 | INFO     | __main__:main:69 - Initialisation de la base de données...
2026-03-11 10:52:13.961 | SUCCESS  | db:init_db:113 - Base de données initialisée avec succès
2026-03-11 10:52:13.965 | INFO     | __main__:scraper_ligue:43 - ⏭️  Premier League déjà en base — scraping ignoré
2026-03-11 10:52:13.966 | INFO     | __main__:scraper_ligue:43 - ⏭️  La Liga déjà en base — scraping ignoré
2026-03-11 10:52:13.967 | INFO     | __main__:scraper_ligue:43 - ⏭️  Serie A déjà en base — scraping ignoré
2026-03-11 10:52:13.968 | INFO     | __main__:scraper_ligue:43 - ⏭️  Ligue 1 déjà en base — scraping ignoré
2026-03-11 10:52:13.969 | INFO     | __main__:scraper_ligue:46 - === Début scraping : Bundesliga ===
2026-03-11 10:52:13.969 | INFO     | __main__:scraper_ligue:48 - [Bundesliga] Scraping classement...
2026-03-11 10:52:13.970 | INFO     | browser:charger_page:20 - Attente de 6.6s avant chargement...
2026-03-11 10:52:22.418 | INFO     | browser:charger_page:46 - Chargement : https://fbref.com/en/comps/20/2024-2025/2024-2025-Bundesliga-Stats
2026-03-11 10:52:23.109 | INFO     | browser:charger_page:50 - Attente passage Cloudflare (30s)...
2026-03-11 10:52:53.563 | SUCCESS  | browser:charger_page:63 - Page récupérée : 924503 caractères
2026-03-11 10:52:54.037 | SUCCESS  | fixtures:scraper_classement:81 - Classement Bundesliga : 18 équipes récupérées
2026-03-11 10:52:54.046 | SUCCESS  | db:insert_classement:132 - 18 lignes classement insérées
2026-03-11 10:52:54.046 | INFO     | __main__:scraper_ligue:52 - [Bundesliga] Scraping résultats...
2026-03-11 10:52:54.047 | INFO     | browser:charger_page:20 - Attente de 5.1s avant chargement...
2026-03-11 10:53:00.624 | INFO     | browser:charger_page:46 - Chargement : https://fbref.com/en/comps/20/2024-2025/schedule/2024-2025-Bundesliga-Scores-and-Fixtures
2026-03-11 10:53:01.195 | INFO     | browser:charger_page:50 - Attente passage Cloudflare (30s)...
2026-03-11 10:53:31.699 | SUCCESS  | browser:charger_page:63 - Page récupérée : 1161068 caractères
2026-03-11 10:53:32.409 | SUCCESS  | fixtures:scraper_resultats:164 - Résultats Bundesliga : 308 matchs récupérés
2026-03-11 10:53:32.423 | SUCCESS  | db:insert_resultats:151 - 308 résultats insérés
2026-03-11 10:53:32.424 | INFO     | __main__:scraper_ligue:56 - [Bundesliga] Scraping stats joueurs...
2026-03-11 10:53:32.425 | INFO     | browser:charger_page:20 - Attente de 5.3s avant chargement...
2026-03-11 10:53:38.963 | INFO     | browser:charger_page:46 - Chargement : https://fbref.com/en/comps/20/2024-2025/stats/2024-2025-Bundesliga-Stats
2026-03-11 10:53:39.534 | INFO     | browser:charger_page:50 - Attente passage Cloudflare (30s)...
2026-03-11 10:54:10.056 | SUCCESS  | browser:charger_page:63 - Page récupérée : 2324543 caractères
2026-03-11 10:54:11.253 | SUCCESS  | players:scraper_stats_joueurs:104 - Stats joueurs Bundesliga : 492 joueurs récupérés
2026-03-11 10:54:11.280 | SUCCESS  | db:insert_stats_joueurs:170 - 492 stats joueurs insérées
2026-03-11 10:54:11.281 | INFO     | __main__:scraper_ligue:60 - [Bundesliga] Scraping stats équipes...
2026-03-11 10:54:11.282 | INFO     | browser:charger_page:20 - Attente de 5.7s avant chargement...
2026-03-11 10:54:18.227 | INFO     | browser:charger_page:46 - Chargement : https://fbref.com/en/comps/20/2024-2025/2024-2025-Bundesliga-Stats
2026-03-11 10:54:18.846 | INFO     | browser:charger_page:50 - Attente passage Cloudflare (30s)...
2026-03-11 10:54:49.245 | SUCCESS  | browser:charger_page:63 - Page récupérée : 924506 caractères
2026-03-11 10:54:49.693 | SUCCESS  | teams:scraper_stats_equipes:91 - Stats équipes Bundesliga : 18 équipes récupérées
2026-03-11 10:54:49.704 | SUCCESS  | db:insert_stats_equipes:187 - 18 stats équipes insérées
2026-03-11 10:54:49.705 | SUCCESS  | __main__:scraper_ligue:64 - === Scraping terminé : Bundesliga ===
2026-03-11 10:54:49.706 | INFO     | __main__:main:80 - Téléchargement des images joueurs...
2026-03-11 10:54:49.716 | INFO     | images:telecharger_toutes_images:105 - 2489 images à télécharger avec 5 workers en parallèle
2026-03-11 10:54:51.083 | WARNING  | images:telecharger_image:60 - Image vide ou erreur 403 pour Florian Micheler
2026-03-11 10:54:51.085 | WARNING  | images:telecharger_toutes_images:124 - [1/2489] ❌ Florian Micheler
2026-03-11 10:54:51.522 | WARNING  | images:telecharger_image:60 - Image vide ou erreur 403 pour Mikey Moore
2026-03-11 10:54:51.524 | WARNING  | images:telecharger_toutes_images:124 - [2/2489] ❌ Mikey Moore
2026-03-11 10:54:51.674 | WARNING  | images:telecharger_image:60 - Image vide ou erreur 403 pour Julian Ryerson
2026-03-11 10:54:51.676 | WARNING  | images:telecharger_toutes_images:124 - [3/2489] ❌ Julian Ryerson
2026-03-11 10:54:51.738 | WARNING  | images:telecharger_image:60 - Image vide ou erreur 403 pour Hugo Larsson
2026-03-11 10:54:51.741 | WARNING  | images:telecharger_toutes_images:124 - [4/2489] ❌ Hugo Larsson
2026-03-11 10:54:51.796 | WARNING  | images:telecharger_image:60 - Image vide ou erreur 403 pour Anthony Caci
2026-03-11 10:54:51.799 | WARNING  | images:telecharger_toutes_images:124 - [5/2489] ❌ Anthony Caci
2026-03-11 10:54:52.580 | WARNING  | images:telecharger_image:60 - Image vide ou erreur 403 pour Robin Hack
2026-03-11 10:54:52.582 | WARNING  | images:telecharger_toutes_images:124 - [6/2489] ❌ Robin Hack
2026-03-11 10:54:52.798 | WARNING  | images:telecharger_image:60 - Image vide ou erreur 403 pour Almugera Kabar
2026-03-11 10:54:52.800 | WARNING  | images:telecharger_toutes_images:124 - [7/2489] ❌ Almugera Kabar
2026-03-11 10:54:53.420 | WARNING  | images:telecharger_image:60 - Image vide ou erreur 403 pour Carl Johansson
2026-03-11 10:54:53.422 | WARNING  | images:telecharger_toutes_images:124 - [8/2489] ❌ Carl Johansson
2026-03-11 10:54:53.472 | WARNING  | images:telecharger_image:60 - Image vide ou erreur 403 pour Sebastiaan Bornauw
2026-03-11 10:54:53.473 | WARNING  | images:telecharger_toutes_images:124 - [9/2489] ❌ Sebastiaan Bornauw
2026-03-11 10:54:53.570 | WARNING  | images:telecharger_image:60 - Image vide ou erreur 403 pour Alfie Pond
2026-03-11 10:54:53.572 | WARNING  | images:telecharger_toutes_images:124 - [10/2489] ❌ Alfie Pond
2026-03-11 10:54:53.892 | WARNING  | images:telecharger_image:60 - Image vide ou erreur 403 pour Kingsley Coman
2026-03-11 10:54:53.895 | WARNING  | images:telecharger_toutes_images:124 - [11/2489] ❌ Kingsley Coman
2026-03-11 10:54:54.802 | WARNING  | images:telecharger_image:60 - Image vide ou erreur 403 pour Philipp Treu
2026-03-11 10:54:54.804 | WARNING  | images:telecharger_toutes_images:124 - [12/2489] ❌ Philipp Treu
2026-03-11 10:54:54.967 | WARNING  | images:telecharger_image:60 - Image vide ou erreur 403 pour Raphaël Guerreiro
2026-03-11 10:54:54.970 | WARNING  | images:telecharger_toutes_images:124 - [13/2489] ❌ Raphaël Guerreiro
2026-03-11 10:54:55.200 | WARNING  | images:telecharger_image:60 - Image vide ou erreur 403 pour Marius Müller
2026-03-11 10:54:55.202 | WARNING  | images:telecharger_toutes_images:124 - [14/2489] ❌ Marius Müller
2026-03-11 10:54:55.236 | WARNING  | images:telecharger_image:60 - Image vide ou erreur 403 pour András Schäfer
2026-03-11 10:54:55.237 | WARNING  | images:telecharger_toutes_images:124 - [15/2489] ❌ András Schäfer
2026-03-11 10:54:55.415 | WARNING  | images:telecharger_image:60 - Image vide ou erreur 403 pour David Zec
2026-03-11 10:54:55.418 | WARNING  | images:telecharger_toutes_images:124 - [16/2489] ❌ David Zec
2026-03-11 10:54:56.340 | WARNING  | images:telecharger_image:60 - Image vide ou erreur 403 pour Christopher Trimmel
2026-03-11 10:54:56.342 | WARNING  | images:telecharger_toutes_images:124 - [17/2489] ❌ Christopher Trimmel
2026-03-11 10:54:56.345 | WARNING  | images:telecharger_image:60 - Image vide ou erreur 403 pour Chuky san jose
2026-03-11 10:54:56.347 | WARNING  | images:telecharger_toutes_images:124 - [18/2489] ❌ Chuky san jose
2026-03-11 10:54:56.724 | WARNING  | images:telecharger_image:60 - Image vide ou erreur 403 pour Shiō Fukuda
2026-03-11 10:54:56.731 | WARNING  | images:telecharger_toutes_images:124 - [19/2489] ❌ Shiō Fukuda
2026-03-11 10:54:56.782 | WARNING  | images:telecharger_image:60 - Image vide ou erreur 403 pour Arnau Rafús
2026-03-11 10:54:56.785 | WARNING  | images:telecharger_toutes_images:124 - [20/2489] ❌ Arnau Rafús
2026-03-11 10:54:57.468 | WARNING  | images:telecharger_image:60 - Image vide ou erreur 403 pour Jonathan Burkardt
2026-03-11 10:54:57.470 | WARNING  | images:telecharger_toutes_images:124 - [21/2489] ❌ Jonathan Burkardt
2026-03-11 10:54:57.760 | WARNING  | images:telecharger_image:60 - Image vide ou erreur 403 pour Thiago Ojeda
2026-03-11 10:54:57.761 | WARNING  | images:telecharger_toutes_images:124 - [22/2489] ❌ Thiago Ojeda
2026-03-11 10:54:58.069 | WARNING  | images:telecharger_image:60 - Image vide ou erreur 403 pour Maximilian Philipp
2026-03-11 10:54:58.071 | WARNING  | images:telecharger_toutes_images:124 - [23/2489] ❌ Maximilian Philipp
2026-03-11 10:54:58.098 | WARNING  | images:telecharger_image:60 - Image vide ou erreur 403 pour Anthony Losilla
2026-03-11 10:54:58.100 | WARNING  | images:telecharger_toutes_images:124 - [24/2489] ❌ Anthony Losilla
2026-03-11 10:54:58.668 | WARNING  | images:telecharger_image:60 - Image vide ou erreur 403 pour Valentín Pezzolesi
2026-03-11 10:54:58.670 | WARNING  | images:telecharger_toutes_images:124 - [25/2489] ❌ Valentín Pezzolesi
2026-03-11 10:54:58.804 | WARNING  | images:telecharger_image:60 - Image vide ou erreur 403 pour Tom Bischof
2026-03-11 10:54:58.806 | WARNING  | images:telecharger_toutes_images:124 - [26/2489] ❌ Tom Bischof
2026-03-11 10:54:59.140 | WARNING  | images:telecharger_image:60 - Image vide ou erreur 403 pour Phil Harres
2026-03-11 10:54:59.142 | WARNING  | images:telecharger_toutes_images:124 - [27/2489] ❌ Phil Harres
2026-03-11 10:54:59.479 | WARNING  | images:telecharger_image:60 - Image vide ou erreur 403 pour Alessio Iovine
2026-03-11 10:54:59.480 | WARNING  | images:telecharger_toutes_images:124 - [28/2489] ❌ Alessio Iovine
2026-03-11 10:54:59.770 | WARNING  | images:telecharger_image:60 - Image vide ou erreur 403 pour Leonidas Stergiou
2026-03-11 10:54:59.772 | WARNING  | images:telecharger_toutes_images:124 - [29/2489] ❌ Leonidas Stergiou
2026-03-11 10:54:59.978 | WARNING  | images:telecharger_image:60 - Image vide ou erreur 403 pour Denis Vavro
2026-03-11 10:54:59.983 | WARNING  | images:telecharger_toutes_images:124 - [30/2489] ❌ Denis Vavro
2026-03-11 10:55:00.498 | WARNING  | images:telecharger_image:60 - Image vide ou erreur 403 pour Tim Drexler
2026-03-11 10:55:00.500 | WARNING  | images:telecharger_toutes_images:124 - [31/2489] ❌ Tim Drexler
2026-03-11 10:55:00.701 | WARNING  | images:telecharger_image:60 - Image vide ou erreur 403 pour Diadie Samassékou
2026-03-11 10:55:00.703 | WARNING  | images:telecharger_toutes_images:124 - [32/2489] ❌ Diadie Samassékou
2026-03-11 10:55:00.876 | WARNING  | images:telecharger_image:60 - Image vide ou erreur 403 pour Felix Nmecha
2026-03-11 10:55:00.878 | WARNING  | images:telecharger_toutes_images:124 - [33/2489] ❌ Felix Nmecha
2026-03-11 10:55:01.375 | WARNING  | images:telecharger_image:60 - Image vide ou erreur 403 pour Benjamin Henrichs
2026-03-11 10:55:01.376 | WARNING  | images:telecharger_toutes_images:124 - [34/2489] ❌ Benjamin Henrichs
2026-03-11 10:55:01.392 | WARNING  | images:telecharger_image:60 - Image vide ou erreur 403 pour Josip Juranović
2026-03-11 10:55:01.394 | WARNING  | images:telecharger_toutes_images:124 - [35/2489] ❌ Josip Juranović
2026-03-11 10:55:01.672 | WARNING  | images:telecharger_image:60 - Image vide ou erreur 403 pour Marco Sala
2026-03-11 10:55:01.678 | WARNING  | images:telecharger_toutes_images:124 - [36/2489] ❌ Marco Sala
2026-03-11 10:55:02.693 | WARNING  | images:telecharger_image:60 - Image vide ou erreur 403 pour Piero Hincapié
2026-03-11 10:55:02.694 | WARNING  | images:telecharger_toutes_images:124 - [37/2489] ❌ Piero Hincapié
2026-03-11 10:55:02.865 | WARNING  | images:telecharger_image:60 - Image vide ou erreur 403 pour Lukas Nmecha
2026-03-11 10:55:02.867 | WARNING  | images:telecharger_toutes_images:124 - [38/2489] ❌ Lukas Nmecha
2026-03-11 10:55:02.968 | WARNING  | images:telecharger_image:60 - Image vide ou erreur 403 pour Norman Theuerkauf
2026-03-11 10:55:02.973 | WARNING  | images:telecharger_toutes_images:124 - [39/2489] ❌ Norman Theuerkauf
2026-03-11 10:55:03.249 | WARNING  | images:telecharger_image:60 - Image vide ou erreur 403 pour Chris Führich
2026-03-11 10:55:03.253 | WARNING  | images:telecharger_toutes_images:124 - [40/2489] ❌ Chris Führich
2026-03-11 10:55:03.302 | WARNING  | images:telecharger_image:60 - Image vide ou erreur 403 pour Seydouba Cissé
2026-03-11 10:55:03.308 | WARNING  | images:telecharger_toutes_images:124 - [41/2489] ❌ Seydouba Cissé
2026-03-11 10:55:04.127 | WARNING  | images:telecharger_image:60 - Image vide ou erreur 403 pour Tobias Sippel
2026-03-11 10:55:04.131 | WARNING  | images:telecharger_toutes_images:124 - [42/2489] ❌ Tobias Sippel
2026-03-11 10:55:04.243 | WARNING  | images:telecharger_image:60 - Image vide ou erreur 403 pour Alexander Schwolow
2026-03-11 10:55:04.245 | WARNING  | images:telecharger_toutes_images:124 - [43/2489] ❌ Alexander Schwolow
2026-03-11 10:55:04.812 | WARNING  | images:telecharger_image:60 - Image vide ou erreur 403 pour Kjell-Arik Wätjen
2026-03-11 10:55:04.814 | WARNING  | images:telecharger_toutes_images:124 - [44/2489] ❌ Kjell-Arik Wätjen
2026-03-11 10:55:04.842 | WARNING  | images:telecharger_image:60 - Image vide ou erreur 403 pour Senne Lynen
2026-03-11 10:55:04.844 | WARNING  | images:telecharger_toutes_images:124 - [45/2489] ❌ Senne Lynen
2026-03-11 10:55:05.284 | WARNING  | images:telecharger_image:60 - Image vide ou erreur 403 pour Eros Maddy
2026-03-11 10:55:05.285 | WARNING  | images:telecharger_toutes_images:124 - [46/2489] ❌ Eros Maddy
2026-03-11 10:55:06.184 | WARNING  | images:telecharger_image:60 - Image vide ou erreur 403 pour Grant Ranos
2026-03-11 10:55:06.186 | WARNING  | images:telecharger_toutes_images:124 - [47/2489] ❌ Grant Ranos
2026-03-11 10:55:06.236 | WARNING  | images:telecharger_image:60 - Image vide ou erreur 403 pour Ibrahima Sissoko
2026-03-11 10:55:06.237 | WARNING  | images:telecharger_toutes_images:124 - [48/2489] ❌ Ibrahima Sissoko
2026-03-11 10:55:06.257 | WARNING  | images:telecharger_image:60 - Image vide ou erreur 403 pour Dominik Kohr
2026-03-11 10:55:06.259 | WARNING  | images:telecharger_toutes_images:124 - [49/2489] ❌ Dominik Kohr
2026-03-11 10:55:06.351 | WARNING  | images:telecharger_image:60 - Image vide ou erreur 403 pour Anton Stach
2026-03-11 10:55:06.353 | WARNING  | images:telecharger_toutes_images:124 - [50/2489] ❌ Anton Stach
2026-03-11 10:55:07.084 | WARNING  | images:telecharger_image:60 - Image vide ou erreur 403 pour Max Geschwill
2026-03-11 10:55:07.086 | WARNING  | images:telecharger_toutes_images:124 - [51/2489] ❌ Max Geschwill
2026-03-11 10:55:07.812 | WARNING  | images:telecharger_image:60 - Image vide ou erreur 403 pour Jamie Gittens
2026-03-11 10:55:07.814 | WARNING  | images:telecharger_toutes_images:124 - [52/2489] ❌ Jamie Gittens
2026-03-11 10:55:08.238 | WARNING  | images:telecharger_image:60 - Image vide ou erreur 403 pour Yannik Lührs
2026-03-11 10:55:08.241 | WARNING  | images:telecharger_toutes_images:124 - [53/2489] ❌ Yannik Lührs
2026-03-11 10:55:08.265 | WARNING  | images:telecharger_image:60 - Image vide ou erreur 403 pour Jeffrey Gouweleeuw
2026-03-11 10:55:08.267 | WARNING  | images:telecharger_toutes_images:124 - [54/2489] ❌ Jeffrey Gouweleeuw
2026-03-11 10:55:08.373 | WARNING  | images:telecharger_image:60 - Image vide ou erreur 403 pour Dimitris Giannoulis
2026-03-11 10:55:08.375 | WARNING  | images:telecharger_toutes_images:124 - [55/2489] ❌ Dimitris Giannoulis
2026-03-11 10:55:08.792 | WARNING  | images:telecharger_image:60 - Image vide ou erreur 403 pour Marvin Pieringer
2026-03-11 10:55:08.797 | WARNING  | images:telecharger_toutes_images:124 - [56/2489] ❌ Marvin Pieringer
2026-03-11 10:55:09.920 | WARNING  | images:telecharger_image:60 - Image vide ou erreur 403 pour Noahkai Banks
2026-03-11 10:55:09.923 | WARNING  | images:telecharger_toutes_images:124 - [57/2489] ❌ Noahkai Banks
2026-03-11 10:55:09.967 | WARNING  | images:telecharger_image:60 - Image vide ou erreur 403 pour Olabade Aluko
2026-03-11 10:55:09.970 | WARNING  | images:telecharger_toutes_images:124 - [58/2489] ❌ Olabade Aluko
2026-03-11 10:55:10.277 | WARNING  | images:telecharger_image:60 - Image vide ou erreur 403 pour Daniel Svensson
2026-03-11 10:55:10.279 | WARNING  | images:telecharger_toutes_images:124 - [59/2489] ❌ Daniel Svensson
2026-03-11 10:55:10.282 | WARNING  | images:telecharger_image:60 - Image vide ou erreur 403 pour Jérôme Roussillon
2026-03-11 10:55:10.284 | WARNING  | images:telecharger_toutes_images:124 - [60/2489] ❌ Jérôme Roussillon
2026-03-11 10:55:10.288 | WARNING  | images:telecharger_image:60 - Image vide ou erreur 403 pour Aurele Amenda
2026-03-11 10:55:10.292 | WARNING  | images:telecharger_toutes_images:124 - [61/2489] ❌ Aurele Amenda
2026-03-11 10:55:11.331 | WARNING  | images:telecharger_image:60 - Image vide ou erreur 403 pour Olivier Deman
2026-03-11 10:55:11.333 | WARNING  | images:telecharger_toutes_images:124 - [62/2489] ❌ Olivier Deman
2026-03-11 10:55:11.479 | WARNING  | images:telecharger_image:60 - Image vide ou erreur 403 pour Nikolas Veratschnig
2026-03-11 10:55:11.480 | WARNING  | images:telecharger_toutes_images:124 - [63/2489] ❌ Nikolas Veratschnig
2026-03-11 10:55:11.904 | WARNING  | images:telecharger_image:60 - Image vide ou erreur 403 pour Jamie Leweling
2026-03-11 10:55:11.906 | WARNING  | images:telecharger_toutes_images:124 - [64/2489] ❌ Jamie Leweling
2026-03-11 10:55:12.123 | WARNING  | images:telecharger_image:60 - Image vide ou erreur 403 pour Yael Mouanga
2026-03-11 10:55:12.128 | WARNING  | images:telecharger_toutes_images:124 - [65/2489] ❌ Yael Mouanga
2026-03-11 10:55:12.191 | WARNING  | images:telecharger_image:60 - Image vide ou erreur 403 pour Jordy Makengo
2026-03-11 10:55:12.194 | WARNING  | images:telecharger_toutes_images:124 - [66/2489] ❌ Jordy Makengo
2026-03-11 10:55:12.692 | WARNING  | images:telecharger_image:60 - Image vide ou erreur 403 pour Salih Özcan
2026-03-11 10:55:12.694 | WARNING  | images:telecharger_toutes_images:124 - [67/2489] ❌ Salih Özcan
2026-03-11 10:55:12.852 | WARNING  | images:telecharger_image:60 - Image vide ou erreur 403 pour Abdoulaye Keita
2026-03-11 10:55:12.853 | WARNING  | images:telecharger_toutes_images:124 - [68/2489] ❌ Abdoulaye Keita
2026-03-11 10:55:13.160 | WARNING  | images:telecharger_image:60 - Image vide ou erreur 403 pour Marwann Nzuzi
2026-03-11 10:55:13.162 | WARNING  | images:telecharger_toutes_images:124 - [69/2489] ❌ Marwann Nzuzi
2026-03-11 10:55:13.283 | WARNING  | images:telecharger_image:60 - Image vide ou erreur 403 pour Alessandro Gabrielloni
2026-03-11 10:55:13.289 | WARNING  | images:telecharger_toutes_images:124 - [70/2489] ❌ Alessandro Gabrielloni
2026-03-11 10:55:13.831 | WARNING  | images:telecharger_image:60 - Image vide ou erreur 403 pour Bernardo
2026-03-11 10:55:13.832 | WARNING  | images:telecharger_toutes_images:124 - [71/2489] ❌ Bernardo
2026-03-11 10:55:14.255 | WARNING  | images:telecharger_image:60 - Image vide ou erreur 403 pour Maat Daniel Caprini
2026-03-11 10:55:14.256 | WARNING  | images:telecharger_toutes_images:124 - [72/2489] ❌ Maat Daniel Caprini
2026-03-11 10:55:14.844 | WARNING  | images:telecharger_image:60 - Image vide ou erreur 403 pour Manolis Saliakas
2026-03-11 10:55:14.846 | WARNING  | images:telecharger_toutes_images:124 - [73/2489] ❌ Manolis Saliakas
2026-03-11 10:55:15.105 | WARNING  | images:telecharger_image:60 - Image vide ou erreur 403 pour Yan Couto
2026-03-11 10:55:15.106 | WARNING  | images:telecharger_toutes_images:124 - [74/2489] ❌ Yan Couto
2026-03-11 10:55:15.370 | WARNING  | images:telecharger_image:60 - Image vide ou erreur 403 pour Noah Pesch
2026-03-11 10:55:15.372 | WARNING  | images:telecharger_toutes_images:124 - [75/2489] ❌ Noah Pesch
2026-03-11 10:55:15.423 | WARNING  | images:telecharger_image:60 - Image vide ou erreur 403 pour Ansgar Knauff
2026-03-11 10:55:15.424 | WARNING  | images:telecharger_toutes_images:124 - [76/2489] ❌ Ansgar Knauff
2026-03-11 10:55:15.634 | WARNING  | images:telecharger_image:60 - Image vide ou erreur 403 pour Steve Mounié
2026-03-11 10:55:15.639 | WARNING  | images:telecharger_toutes_images:124 - [77/2489] ❌ Steve Mounié
2026-03-11 10:55:16.205 | WARNING  | images:telecharger_image:60 - Image vide ou erreur 403 pour Luis Milla
2026-03-11 10:55:16.206 | WARNING  | images:telecharger_toutes_images:124 - [78/2489] ❌ Luis Milla
2026-03-11 10:55:16.554 | WARNING  | images:telecharger_image:60 - Image vide ou erreur 403 pour Lamine Camara
2026-03-11 10:55:16.560 | WARNING  | images:telecharger_toutes_images:124 - [79/2489] ❌ Lamine Camara
2026-03-11 10:55:17.250 | WARNING  | images:telecharger_image:60 - Image vide ou erreur 403 pour Gavi
2026-03-11 10:55:17.252 | WARNING  | images:telecharger_toutes_images:124 - [80/2489] ❌ Gavi
2026-03-11 10:55:17.498 | WARNING  | images:telecharger_image:60 - Image vide ou erreur 403 pour Jaden Philogene Bidace
2026-03-11 10:55:17.500 | WARNING  | images:telecharger_toutes_images:124 - [81/2489] ❌ Jaden Philogene Bidace
2026-03-11 10:55:17.612 | WARNING  | images:telecharger_image:60 - Image vide ou erreur 403 pour Nasser Djiga
2026-03-11 10:55:17.615 | WARNING  | images:telecharger_toutes_images:124 - [82/2489] ❌ Nasser Djiga
2026-03-11 10:55:17.637 | WARNING  | images:telecharger_image:60 - Image vide ou erreur 403 pour Pablo Rosario
2026-03-11 10:55:17.643 | WARNING  | images:telecharger_toutes_images:124 - [83/2489] ❌ Pablo Rosario
2026-03-11 10:55:18.211 | WARNING  | images:telecharger_image:60 - Image vide ou erreur 403 pour Noham Kamara
2026-03-11 10:55:18.213 | WARNING  | images:telecharger_toutes_images:124 - [84/2489] ❌ Noham Kamara
2026-03-11 10:55:18.543 | WARNING  | images:telecharger_image:60 - Image vide ou erreur 403 pour Carlo Boukhalfa
2026-03-11 10:55:18.548 | WARNING  | images:telecharger_toutes_images:124 - [85/2489] ❌ Carlo Boukhalfa
2026-03-11 10:55:18.634 | WARNING  | images:telecharger_image:60 - Image vide ou erreur 403 pour Ali Jasim
2026-03-11 10:55:18.641 | WARNING  | images:telecharger_toutes_images:124 - [86/2489] ❌ Ali Jasim
2026-03-11 10:55:19.594 | WARNING  | images:telecharger_image:60 - Image vide ou erreur 403 pour Elvis Rexhbeçaj
2026-03-11 10:55:19.596 | WARNING  | images:telecharger_toutes_images:124 - [87/2489] ❌ Elvis Rexhbeçaj
2026-03-11 10:55:19.729 | WARNING  | images:telecharger_image:60 - Image vide ou erreur 403 pour Jonas Föhrenbach
2026-03-11 10:55:19.734 | WARNING  | images:telecharger_toutes_images:124 - [88/2489] ❌ Jonas Föhrenbach
2026-03-11 10:55:19.767 | WARNING  | images:telecharger_image:60 - Image vide ou erreur 403 pour Paul Nebel
2026-03-11 10:55:19.768 | WARNING  | images:telecharger_image:60 - Image vide ou erreur 403 pour Albert Sambi Lokonga
2026-03-11 10:55:19.773 | WARNING  | images:telecharger_toutes_images:124 - [89/2489] ❌ Paul Nebel
2026-03-11 10:55:19.781 | WARNING  | images:telecharger_toutes_images:124 - [90/2489] ❌ Albert Sambi Lokonga
2026-03-11 10:55:20.545 | WARNING  | images:telecharger_image:60 - Image vide ou erreur 403 pour Lucas Digne
2026-03-11 10:55:20.550 | WARNING  | images:telecharger_toutes_images:124 - [91/2489] ❌ Lucas Digne
2026-03-11 10:55:21.322 | WARNING  | images:telecharger_image:60 - Image vide ou erreur 403 pour Omari Forson
2026-03-11 10:55:21.327 | WARNING  | images:telecharger_toutes_images:124 - [92/2489] ❌ Omari Forson
2026-03-11 10:55:21.335 | WARNING  | images:telecharger_image:60 - Image vide ou erreur 403 pour Frenkie de Jong
2026-03-11 10:55:21.338 | WARNING  | images:telecharger_toutes_images:124 - [93/2489] ❌ Frenkie de Jong
2026-03-11 10:55:21.363 | WARNING  | images:telecharger_image:60 - Image vide ou erreur 403 pour Christian Pulisic
2026-03-11 10:55:21.366 | WARNING  | images:telecharger_toutes_images:124 - [94/2489] ❌ Christian Pulisic
2026-03-11 10:55:21.798 | WARNING  | images:telecharger_image:60 - Image vide ou erreur 403 pour Portu
2026-03-11 10:55:21.803 | WARNING  | images:telecharger_toutes_images:124 - [95/2489] ❌ Portu
2026-03-11 10:55:22.376 | WARNING  | images:telecharger_image:60 - Image vide ou erreur 403 pour Prosper Peter
2026-03-11 10:55:22.380 | WARNING  | images:telecharger_toutes_images:124 - [96/2489] ❌ Prosper Peter
2026-03-11 10:55:22.423 | WARNING  | images:telecharger_image:60 - Image vide ou erreur 403 pour Declan Rice
2026-03-11 10:55:22.428 | WARNING  | images:telecharger_toutes_images:124 - [97/2489] ❌ Declan Rice
2026-03-11 10:55:22.972 | WARNING  | images:telecharger_image:60 - Image vide ou erreur 403 pour Bafodé Diakité
2026-03-11 10:55:22.973 | WARNING  | images:telecharger_toutes_images:124 - [98/2489] ❌ Bafodé Diakité
2026-03-11 10:55:23.272 | WARNING  | images:telecharger_image:60 - Image vide ou erreur 403 pour Roger Hinojo
2026-03-11 10:55:23.276 | WARNING  | images:telecharger_toutes_images:124 - [99/2489] ❌ Roger Hinojo
2026-03-11 10:55:23.897 | WARNING  | images:telecharger_image:60 - Image vide ou erreur 403 pour Alfon
2026-03-11 10:55:23.899 | WARNING  | images:telecharger_toutes_images:124 - [100/2489] ❌ Alfon
2026-03-11 10:55:23.971 | WARNING  | images:telecharger_image:60 - Image vide ou erreur 403 pour Roberto Piccoli
2026-03-11 10:55:23.972 | WARNING  | images:telecharger_toutes_images:124 - [101/2489] ❌ Roberto Piccoli
2026-03-11 10:55:24.333 | WARNING  | images:telecharger_image:60 - Image vide ou erreur 403 pour Peter González
2026-03-11 10:55:24.338 | WARNING  | images:telecharger_toutes_images:124 - [102/2489] ❌ Peter González
2026-03-11 10:55:24.381 | WARNING  | images:telecharger_image:60 - Image vide ou erreur 403 pour Andreas Christensen
2026-03-11 10:55:24.384 | WARNING  | images:telecharger_toutes_images:124 - [103/2489] ❌ Andreas Christensen
2026-03-11 10:55:24.852 | WARNING  | images:telecharger_image:60 - Image vide ou erreur 403 pour Dara O'Shea
2026-03-11 10:55:24.857 | WARNING  | images:telecharger_toutes_images:124 - [104/2489] ❌ Dara O'Shea
2026-03-11 10:55:25.750 | WARNING  | images:telecharger_image:60 - Image vide ou erreur 403 pour Álvaro Odriozola
2026-03-11 10:55:25.751 | WARNING  | images:telecharger_toutes_images:124 - [105/2489] ❌ Álvaro Odriozola
2026-03-11 10:55:25.912 | WARNING  | images:telecharger_image:60 - Image vide ou erreur 403 pour Can Uzun
2026-03-11 10:55:25.913 | WARNING  | images:telecharger_toutes_images:124 - [106/2489] ❌ Can Uzun
2026-03-11 10:55:26.252 | WARNING  | images:telecharger_image:60 - Image vide ou erreur 403 pour Steve Mandanda
2026-03-11 10:55:26.253 | WARNING  | images:telecharger_toutes_images:124 - [107/2489] ❌ Steve Mandanda
2026-03-11 10:55:26.371 | WARNING  | images:telecharger_image:60 - Image vide ou erreur 403 pour Marvin Senaya
2026-03-11 10:55:26.375 | WARNING  | images:telecharger_toutes_images:124 - [108/2489] ❌ Marvin Senaya
2026-03-11 10:55:26.388 | WARNING  | images:telecharger_image:60 - Image vide ou erreur 403 pour Melvin Zinga
2026-03-11 10:55:26.393 | WARNING  | images:telecharger_toutes_images:124 - [109/2489] ❌ Melvin Zinga
2026-03-11 10:55:27.481 | WARNING  | images:telecharger_image:60 - Image vide ou erreur 403 pour Issa Soumaré
2026-03-11 10:55:27.484 | WARNING  | images:telecharger_toutes_images:124 - [110/2489] ❌ Issa Soumaré
2026-03-11 10:55:27.557 | WARNING  | images:telecharger_image:60 - Image vide ou erreur 403 pour Kevin Vogt
2026-03-11 10:55:27.559 | WARNING  | images:telecharger_toutes_images:124 - [111/2489] ❌ Kevin Vogt
2026-03-11 10:55:27.732 | WARNING  | images:telecharger_image:60 - Image vide ou erreur 403 pour Melvin Bard
2026-03-11 10:55:27.733 | WARNING  | images:telecharger_toutes_images:124 - [112/2489] ❌ Melvin Bard
2026-03-11 10:55:28.074 | WARNING  | images:telecharger_image:60 - Image vide ou erreur 403 pour Remy Rees-Dottin
2026-03-11 10:55:28.077 | WARNING  | images:telecharger_toutes_images:124 - [113/2489] ❌ Remy Rees-Dottin
2026-03-11 10:55:28.128 | WARNING  | images:telecharger_image:60 - Image vide ou erreur 403 pour Marc Cucurella
2026-03-11 10:55:28.131 | WARNING  | images:telecharger_toutes_images:124 - [114/2489] ❌ Marc Cucurella
2026-03-11 10:55:29.109 | WARNING  | images:telecharger_image:60 - Image vide ou erreur 403 pour Lesley Ugochukwu
2026-03-11 10:55:29.111 | WARNING  | images:telecharger_toutes_images:124 - [115/2489] ❌ Lesley Ugochukwu
2026-03-11 10:55:29.294 | WARNING  | images:telecharger_image:60 - Image vide ou erreur 403 pour Luka Sučić
2026-03-11 10:55:29.296 | WARNING  | images:telecharger_toutes_images:124 - [116/2489] ❌ Luka Sučić
2026-03-11 10:55:29.441 | WARNING  | images:telecharger_image:60 - Image vide ou erreur 403 pour Yerson Mosquera
2026-03-11 10:55:29.443 | WARNING  | images:telecharger_toutes_images:124 - [117/2489] ❌ Yerson Mosquera
2026-03-11 10:55:29.586 | WARNING  | images:telecharger_image:60 - Image vide ou erreur 403 pour Robert Gumny
2026-03-11 10:55:29.589 | WARNING  | images:telecharger_toutes_images:124 - [118/2489] ❌ Robert Gumny
2026-03-11 10:55:29.645 | WARNING  | images:telecharger_image:60 - Image vide ou erreur 403 pour Lasse Rosenboom
2026-03-11 10:55:29.650 | WARNING  | images:telecharger_toutes_images:124 - [119/2489] ❌ Lasse Rosenboom
2026-03-11 10:55:30.729 | WARNING  | images:telecharger_image:60 - Image vide ou erreur 403 pour Moritz-Broni Kwarteng
2026-03-11 10:55:30.731 | WARNING  | images:telecharger_toutes_images:124 - [120/2489] ❌ Moritz-Broni Kwarteng
2026-03-11 10:55:30.942 | WARNING  | images:telecharger_image:60 - Image vide ou erreur 403 pour Giorgio Scalvini
2026-03-11 10:55:30.947 | WARNING  | images:telecharger_toutes_images:124 - [121/2489] ❌ Giorgio Scalvini
2026-03-11 10:55:30.980 | WARNING  | images:telecharger_image:60 - Image vide ou erreur 403 pour Maximilian Breunig
2026-03-11 10:55:30.986 | WARNING  | images:telecharger_toutes_images:124 - [122/2489] ❌ Maximilian Breunig
2026-03-11 10:55:31.494 | WARNING  | images:telecharger_image:60 - Image vide ou erreur 403 pour Johann Lepenant
2026-03-11 10:55:31.498 | WARNING  | images:telecharger_toutes_images:124 - [123/2489] ❌ Johann Lepenant
2026-03-11 10:55:31.509 | WARNING  | images:telecharger_image:60 - Image vide ou erreur 403 pour Dario Essugo
2026-03-11 10:55:31.515 | WARNING  | images:telecharger_toutes_images:124 - [124/2489] ❌ Dario Essugo
2026-03-11 10:55:32.353 | WARNING  | images:telecharger_image:60 - Image vide ou erreur 403 pour Rubén Peña
2026-03-11 10:55:32.355 | WARNING  | images:telecharger_toutes_images:124 - [125/2489] ❌ Rubén Peña
2026-03-11 10:55:32.470 | WARNING  | images:telecharger_image:60 - Image vide ou erreur 403 pour Kandet Diawara
2026-03-11 10:55:32.472 | WARNING  | images:telecharger_toutes_images:124 - [126/2489] ❌ Kandet Diawara
2026-03-11 10:55:32.672 | WARNING  | images:telecharger_image:60 - Image vide ou erreur 403 pour Jacob Greaves
2026-03-11 10:55:32.673 | WARNING  | images:telecharger_toutes_images:124 - [127/2489] ❌ Jacob Greaves
2026-03-11 10:55:32.700 | WARNING  | images:telecharger_image:60 - Image vide ou erreur 403 pour Merlin Röhl
2026-03-11 10:55:32.702 | WARNING  | images:telecharger_toutes_images:124 - [128/2489] ❌ Merlin Röhl
2026-03-11 10:55:32.828 | WARNING  | images:telecharger_image:60 - Image vide ou erreur 403 pour Marco Palestra
2026-03-11 10:55:32.835 | WARNING  | images:telecharger_toutes_images:124 - [129/2489] ❌ Marco Palestra
2026-03-11 10:55:33.711 | WARNING  | images:telecharger_image:60 - Image vide ou erreur 403 pour Erling Haaland
2026-03-11 10:55:33.713 | WARNING  | images:telecharger_toutes_images:124 - [130/2489] ❌ Erling Haaland
2026-03-11 10:55:34.236 | WARNING  | images:telecharger_image:60 - Image vide ou erreur 403 pour Odilon Kossounou
2026-03-11 10:55:34.238 | WARNING  | images:telecharger_toutes_images:124 - [131/2489] ❌ Odilon Kossounou
2026-03-11 10:55:34.357 | WARNING  | images:telecharger_image:60 - Image vide ou erreur 403 pour Beñat Prados
2026-03-11 10:55:34.358 | WARNING  | images:telecharger_toutes_images:124 - [132/2489] ❌ Beñat Prados
2026-03-11 10:55:34.546 | WARNING  | images:telecharger_image:60 - Image vide ou erreur 403 pour Frans Krätzig
2026-03-11 10:55:34.551 | WARNING  | images:telecharger_toutes_images:124 - [133/2489] ❌ Frans Krätzig
2026-03-11 10:55:34.676 | WARNING  | images:telecharger_image:60 - Image vide ou erreur 403 pour Timon Weiner
2026-03-11 10:55:34.683 | WARNING  | images:telecharger_toutes_images:124 - [134/2489] ❌ Timon Weiner
2026-03-11 10:55:35.232 | WARNING  | images:telecharger_image:60 - Image vide ou erreur 403 pour Jens Stage
2026-03-11 10:55:35.234 | WARNING  | images:telecharger_toutes_images:124 - [135/2489] ❌ Jens Stage
2026-03-11 10:55:35.677 | WARNING  | images:telecharger_image:60 - Image vide ou erreur 403 pour Ibrahim Mbaye
2026-03-11 10:55:35.680 | WARNING  | images:telecharger_toutes_images:124 - [136/2489] ❌ Ibrahim Mbaye
2026-03-11 10:55:36.260 | WARNING  | images:telecharger_image:60 - Image vide ou erreur 403 pour Willi Orban
2026-03-11 10:55:36.262 | WARNING  | images:telecharger_toutes_images:124 - [137/2489] ❌ Willi Orban
2026-03-11 10:55:36.263 | WARNING  | images:telecharger_image:60 - Image vide ou erreur 403 pour Ander Barrenetxea
2026-03-11 10:55:36.265 | WARNING  | images:telecharger_toutes_images:124 - [138/2489] ❌ Ander Barrenetxea
2026-03-11 10:55:36.387 | WARNING  | images:telecharger_image:60 - Image vide ou erreur 403 pour Alessio Cacciamani
2026-03-11 10:55:36.389 | WARNING  | images:telecharger_toutes_images:124 - [139/2489] ❌ Alessio Cacciamani
2026-03-11 10:55:36.673 | WARNING  | images:telecharger_image:60 - Image vide ou erreur 403 pour Jakub Kamiński
2026-03-11 10:55:36.674 | WARNING  | images:telecharger_toutes_images:124 - [140/2489] ❌ Jakub Kamiński
2026-03-11 10:55:37.269 | WARNING  | images:telecharger_image:60 - Image vide ou erreur 403 pour Samuele Birindelli
2026-03-11 10:55:37.271 | WARNING  | images:telecharger_toutes_images:124 - [141/2489] ❌ Samuele Birindelli
2026-03-11 10:55:37.512 | WARNING  | images:telecharger_image:60 - Image vide ou erreur 403 pour Hiroki Ito
2026-03-11 10:55:37.515 | WARNING  | images:telecharger_toutes_images:124 - [142/2489] ❌ Hiroki Ito
2026-03-11 10:55:37.913 | WARNING  | images:telecharger_image:60 - Image vide ou erreur 403 pour Rafael Leão
2026-03-11 10:55:37.915 | WARNING  | images:telecharger_toutes_images:124 - [143/2489] ❌ Rafael Leão
2026-03-11 10:55:38.305 | WARNING  | images:telecharger_image:60 - Image vide ou erreur 403 pour Aaron Ciammaglichella
2026-03-11 10:55:38.308 | WARNING  | images:telecharger_toutes_images:124 - [144/2489] ❌ Aaron Ciammaglichella
2026-03-11 10:55:38.352 | WARNING  | images:telecharger_image:60 - Image vide ou erreur 403 pour Jonas Wind
2026-03-11 10:55:38.354 | WARNING  | images:telecharger_toutes_images:124 - [145/2489] ❌ Jonas Wind
2026-03-11 10:55:38.999 | WARNING  | images:telecharger_image:60 - Image vide ou erreur 403 pour Nediljko Labrović
2026-03-11 10:55:39.000 | WARNING  | images:telecharger_toutes_images:124 - [146/2489] ❌ Nediljko Labrović
2026-03-11 10:55:39.254 | WARNING  | images:telecharger_image:60 - Image vide ou erreur 403 pour Yarek Gasiorowski
2026-03-11 10:55:39.258 | WARNING  | images:telecharger_toutes_images:124 - [147/2489] ❌ Yarek Gasiorowski
2026-03-11 10:55:39.353 | WARNING  | images:telecharger_image:60 - Image vide ou erreur 403 pour Dennis Man
2026-03-11 10:55:39.362 | WARNING  | images:telecharger_toutes_images:124 - [148/2489] ❌ Dennis Man
2026-03-11 10:55:39.920 | WARNING  | images:telecharger_image:60 - Image vide ou erreur 403 pour Adam Smith
2026-03-11 10:55:39.923 | WARNING  | images:telecharger_toutes_images:124 - [149/2489] ❌ Adam Smith
2026-03-11 10:55:39.991 | WARNING  | images:telecharger_image:60 - Image vide ou erreur 403 pour Nicolás Domínguez
2026-03-11 10:55:39.994 | WARNING  | images:telecharger_toutes_images:124 - [150/2489] ❌ Nicolás Domínguez
2026-03-11 10:55:40.714 | WARNING  | images:telecharger_image:60 - Image vide ou erreur 403 pour Facundo Garcés
2026-03-11 10:55:40.716 | WARNING  | images:telecharger_toutes_images:124 - [151/2489] ❌ Facundo Garcés
2026-03-11 10:55:40.777 | WARNING  | images:telecharger_image:60 - Image vide ou erreur 403 pour Pau López
2026-03-11 10:55:40.780 | WARNING  | images:telecharger_toutes_images:124 - [152/2489] ❌ Pau López
2026-03-11 10:55:41.365 | WARNING  | images:telecharger_image:60 - Image vide ou erreur 403 pour Radosław Majecki
2026-03-11 10:55:41.369 | WARNING  | images:telecharger_toutes_images:124 - [153/2489] ❌ Radosław Majecki
2026-03-11 10:55:42.012 | WARNING  | images:telecharger_image:60 - Image vide ou erreur 403 pour Lamine Fomba
2026-03-11 10:55:42.013 | WARNING  | images:telecharger_image:60 - Image vide ou erreur 403 pour Benjamin Bourigeaud
2026-03-11 10:55:42.015 | WARNING  | images:telecharger_toutes_images:124 - [154/2489] ❌ Lamine Fomba
2026-03-11 10:55:42.017 | WARNING  | images:telecharger_toutes_images:124 - [155/2489] ❌ Benjamin Bourigeaud
2026-03-11 10:55:42.245 | WARNING  | images:telecharger_image:60 - Image vide ou erreur 403 pour Kieran Trippier
2026-03-11 10:55:42.247 | WARNING  | images:telecharger_toutes_images:124 - [156/2489] ❌ Kieran Trippier
2026-03-11 10:55:42.771 | WARNING  | images:telecharger_image:60 - Image vide ou erreur 403 pour Davide Calabria
2026-03-11 10:55:42.773 | WARNING  | images:telecharger_toutes_images:124 - [157/2489] ❌ Davide Calabria
2026-03-11 10:55:43.249 | WARNING  | images:telecharger_image:60 - Image vide ou erreur 403 pour Lazar Samardzic
2026-03-11 10:55:43.251 | WARNING  | images:telecharger_toutes_images:124 - [158/2489] ❌ Lazar Samardzic
2026-03-11 10:55:43.289 | WARNING  | images:telecharger_image:60 - Image vide ou erreur 403 pour Mikkel Damsgaard
2026-03-11 10:55:43.291 | WARNING  | images:telecharger_toutes_images:124 - [159/2489] ❌ Mikkel Damsgaard
2026-03-11 10:55:43.439 | WARNING  | images:telecharger_image:60 - Image vide ou erreur 403 pour Sebastian Walukiewicz
2026-03-11 10:55:43.441 | WARNING  | images:telecharger_toutes_images:124 - [160/2489] ❌ Sebastian Walukiewicz
2026-03-11 10:55:43.742 | WARNING  | images:telecharger_image:60 - Image vide ou erreur 403 pour El Chadaille Bitshiabu
2026-03-11 10:55:43.746 | WARNING  | images:telecharger_toutes_images:124 - [161/2489] ❌ El Chadaille Bitshiabu
2026-03-11 10:55:44.395 | WARNING  | images:telecharger_image:60 - Image vide ou erreur 403 pour Sergiu Perciun
2026-03-11 10:55:44.397 | WARNING  | images:telecharger_toutes_images:124 - [162/2489] ❌ Sergiu Perciun
2026-03-11 10:55:44.585 | WARNING  | images:telecharger_image:60 - Image vide ou erreur 403 pour Adrian Baquerin
2026-03-11 10:55:44.587 | WARNING  | images:telecharger_toutes_images:124 - [163/2489] ❌ Adrian Baquerin
2026-03-11 10:55:44.903 | WARNING  | images:telecharger_image:60 - Image vide ou erreur 403 pour Dane Scarlett
2026-03-11 10:55:44.904 | WARNING  | images:telecharger_toutes_images:124 - [164/2489] ❌ Dane Scarlett
2026-03-11 10:55:45.391 | WARNING  | images:telecharger_image:60 - Image vide ou erreur 403 pour Stanko Jurić
2026-03-11 10:55:45.394 | WARNING  | images:telecharger_toutes_images:124 - [165/2489] ❌ Stanko Jurić
2026-03-11 10:55:45.441 | WARNING  | images:telecharger_image:60 - Image vide ou erreur 403 pour Harry Kane
2026-03-11 10:55:45.446 | WARNING  | images:telecharger_toutes_images:124 - [166/2489] ❌ Harry Kane
2026-03-11 10:55:45.961 | WARNING  | images:telecharger_image:60 - Image vide ou erreur 403 pour Cristhian Stuani
2026-03-11 10:55:45.963 | WARNING  | images:telecharger_toutes_images:124 - [167/2489] ❌ Cristhian Stuani
2026-03-11 10:55:46.233 | WARNING  | images:telecharger_image:60 - Image vide ou erreur 403 pour Sérigné Diop
2026-03-11 10:55:46.235 | WARNING  | images:telecharger_toutes_images:124 - [168/2489] ❌ Sérigné Diop
2026-03-11 10:55:46.443 | WARNING  | images:telecharger_image:60 - Image vide ou erreur 403 pour Romano Schmid
2026-03-11 10:55:46.448 | WARNING  | images:telecharger_toutes_images:124 - [169/2489] ❌ Romano Schmid
2026-03-11 10:55:47.216 | WARNING  | images:telecharger_image:60 - Image vide ou erreur 403 pour Damián Rodríguez
2026-03-11 10:55:47.218 | WARNING  | images:telecharger_toutes_images:124 - [170/2489] ❌ Damián Rodríguez
2026-03-11 10:55:47.396 | WARNING  | images:telecharger_image:60 - Image vide ou erreur 403 pour Moritz Nicolas
2026-03-11 10:55:47.401 | WARNING  | images:telecharger_toutes_images:124 - [171/2489] ❌ Moritz Nicolas
2026-03-11 10:55:47.442 | WARNING  | images:telecharger_image:60 - Image vide ou erreur 403 pour Luca Caldirola
2026-03-11 10:55:47.447 | WARNING  | images:telecharger_toutes_images:124 - [172/2489] ❌ Luca Caldirola
2026-03-11 10:55:47.923 | WARNING  | images:telecharger_image:60 - Image vide ou erreur 403 pour Bilal Nadir
2026-03-11 10:55:47.929 | WARNING  | images:telecharger_toutes_images:124 - [173/2489] ❌ Bilal Nadir
2026-03-11 10:55:48.473 | WARNING  | images:telecharger_image:60 - Image vide ou erreur 403 pour Jordan Amavi
2026-03-11 10:55:48.475 | WARNING  | images:telecharger_toutes_images:124 - [174/2489] ❌ Jordan Amavi
2026-03-11 10:55:48.710 | WARNING  | images:telecharger_image:60 - Image vide ou erreur 403 pour Armindo Sieb
2026-03-11 10:55:48.715 | WARNING  | images:telecharger_toutes_images:124 - [175/2489] ❌ Armindo Sieb
2026-03-11 10:55:49.306 | WARNING  | images:telecharger_image:60 - Image vide ou erreur 403 pour Aihen Muñoz
2026-03-11 10:55:49.309 | WARNING  | images:telecharger_toutes_images:124 - [176/2489] ❌ Aihen Muñoz
2026-03-11 10:55:49.327 | WARNING  | images:telecharger_image:60 - Image vide ou erreur 403 pour Finn Jeltsch
2026-03-11 10:55:49.333 | WARNING  | images:telecharger_toutes_images:124 - [177/2489] ❌ Finn Jeltsch
2026-03-11 10:55:49.358 | WARNING  | images:telecharger_image:60 - Image vide ou erreur 403 pour Aboubacar Bassinga
2026-03-11 10:55:49.362 | WARNING  | images:telecharger_toutes_images:124 - [178/2489] ❌ Aboubacar Bassinga
2026-03-11 10:55:50.212 | WARNING  | images:telecharger_image:60 - Image vide ou erreur 403 pour Domen Črnigoj
2026-03-11 10:55:50.214 | WARNING  | images:telecharger_toutes_images:124 - [179/2489] ❌ Domen Črnigoj
2026-03-11 10:55:50.216 | WARNING  | images:telecharger_image:60 - Image vide ou erreur 403 pour Diego Coppola
2026-03-11 10:55:50.217 | WARNING  | images:telecharger_toutes_images:124 - [180/2489] ❌ Diego Coppola
2026-03-11 10:55:50.583 | WARNING  | images:telecharger_image:60 - Image vide ou erreur 403 pour Giovanni Di Lorenzo
2026-03-11 10:55:50.590 | WARNING  | images:telecharger_toutes_images:124 - [181/2489] ❌ Giovanni Di Lorenzo
2026-03-11 10:55:51.383 | WARNING  | images:telecharger_image:60 - Image vide ou erreur 403 pour Ibrahim Sulemana
2026-03-11 10:55:51.384 | WARNING  | images:telecharger_toutes_images:124 - [182/2489] ❌ Ibrahim Sulemana
2026-03-11 10:55:51.460 | WARNING  | images:telecharger_image:60 - Image vide ou erreur 403 pour Nathan Patterson
2026-03-11 10:55:51.462 | WARNING  | images:telecharger_toutes_images:124 - [183/2489] ❌ Nathan Patterson
2026-03-11 10:55:51.881 | WARNING  | images:telecharger_image:60 - Image vide ou erreur 403 pour Nelson Weiper
2026-03-11 10:55:51.883 | WARNING  | images:telecharger_toutes_images:124 - [184/2489] ❌ Nelson Weiper
2026-03-11 10:55:51.951 | WARNING  | images:telecharger_image:60 - Image vide ou erreur 403 pour Nahuel Molina
2026-03-11 10:55:51.952 | WARNING  | images:telecharger_toutes_images:124 - [185/2489] ❌ Nahuel Molina
2026-03-11 10:55:52.090 | WARNING  | images:telecharger_image:60 - Image vide ou erreur 403 pour Ernest Nuamah
2026-03-11 10:55:52.097 | WARNING  | images:telecharger_toutes_images:124 - [186/2489] ❌ Ernest Nuamah
2026-03-11 10:55:52.684 | WARNING  | images:telecharger_image:60 - Image vide ou erreur 403 pour Joe Scally
2026-03-11 10:55:52.688 | WARNING  | images:telecharger_toutes_images:124 - [187/2489] ❌ Joe Scally
2026-03-11 10:55:53.237 | WARNING  | images:telecharger_image:60 - Image vide ou erreur 403 pour Kike Pérez
2026-03-11 10:55:53.239 | WARNING  | images:telecharger_toutes_images:124 - [188/2489] ❌ Kike Pérez
2026-03-11 10:55:53.250 | WARNING  | images:telecharger_image:60 - Image vide ou erreur 403 pour Nicolás González
2026-03-11 10:55:53.252 | WARNING  | images:telecharger_toutes_images:124 - [189/2489] ❌ Nicolás González
2026-03-11 10:55:53.721 | WARNING  | images:telecharger_image:60 - Image vide ou erreur 403 pour Matty Cash
2026-03-11 10:55:53.726 | WARNING  | images:telecharger_toutes_images:124 - [190/2489] ❌ Matty Cash
2026-03-11 10:55:53.821 | WARNING  | images:telecharger_image:60 - Image vide ou erreur 403 pour Javi Martón
2026-03-11 10:55:53.825 | WARNING  | images:telecharger_toutes_images:124 - [191/2489] ❌ Javi Martón
2026-03-11 10:55:54.699 | WARNING  | images:telecharger_image:60 - Image vide ou erreur 403 pour Mats Pannewig
2026-03-11 10:55:54.700 | WARNING  | images:telecharger_toutes_images:124 - [192/2489] ❌ Mats Pannewig
2026-03-11 10:55:54.715 | WARNING  | images:telecharger_image:60 - Image vide ou erreur 403 pour Ignatius Ganago
2026-03-11 10:55:54.717 | WARNING  | images:telecharger_toutes_images:124 - [193/2489] ❌ Ignatius Ganago
2026-03-11 10:55:55.021 | WARNING  | images:telecharger_image:60 - Image vide ou erreur 403 pour Carlos Romero
2026-03-11 10:55:55.022 | WARNING  | images:telecharger_toutes_images:124 - [194/2489] ❌ Carlos Romero
2026-03-11 10:55:55.041 | WARNING  | images:telecharger_image:60 - Image vide ou erreur 403 pour Oliver Scarles
2026-03-11 10:55:55.044 | WARNING  | images:telecharger_toutes_images:124 - [195/2489] ❌ Oliver Scarles
2026-03-11 10:55:55.455 | WARNING  | images:telecharger_image:60 - Image vide ou erreur 403 pour Lutsharel Geertruida
2026-03-11 10:55:55.460 | WARNING  | images:telecharger_toutes_images:124 - [196/2489] ❌ Lutsharel Geertruida
2026-03-11 10:55:56.331 | WARNING  | images:telecharger_image:60 - Image vide ou erreur 403 pour Andrea Cambiaso
2026-03-11 10:55:56.333 | WARNING  | images:telecharger_toutes_images:124 - [197/2489] ❌ Andrea Cambiaso
2026-03-11 10:55:56.539 | WARNING  | images:telecharger_image:60 - Image vide ou erreur 403 pour Junior Sambia
2026-03-11 10:55:56.544 | WARNING  | images:telecharger_toutes_images:124 - [198/2489] ❌ Junior Sambia
2026-03-11 10:55:56.559 | WARNING  | images:telecharger_image:60 - Image vide ou erreur 403 pour Ola Aina
2026-03-11 10:55:56.560 | WARNING  | images:telecharger_image:60 - Image vide ou erreur 403 pour Boulaye Dia
2026-03-11 10:55:56.566 | WARNING  | images:telecharger_toutes_images:124 - [199/2489] ❌ Ola Aina
2026-03-11 10:55:56.573 | WARNING  | images:telecharger_toutes_images:124 - [200/2489] ❌ Boulaye Dia
2026-03-11 10:55:57.229 | WARNING  | images:telecharger_image:60 - Image vide ou erreur 403 pour Yoane Wissa
2026-03-11 10:55:57.233 | WARNING  | images:telecharger_toutes_images:124 - [201/2489] ❌ Yoane Wissa
2026-03-11 10:55:57.933 | WARNING  | images:telecharger_image:60 - Image vide ou erreur 403 pour Ezequiel Ávila
2026-03-11 10:55:57.935 | WARNING  | images:telecharger_toutes_images:124 - [202/2489] ❌ Ezequiel Ávila
2026-03-11 10:55:58.023 | WARNING  | images:telecharger_image:60 - Image vide ou erreur 403 pour Lasse Rieß
2026-03-11 10:55:58.025 | WARNING  | images:telecharger_toutes_images:124 - [203/2489] ❌ Lasse Rieß
2026-03-11 10:55:58.263 | WARNING  | images:telecharger_image:60 - Image vide ou erreur 403 pour Hamzat Ojediran
2026-03-11 10:55:58.265 | WARNING  | images:telecharger_toutes_images:124 - [204/2489] ❌ Hamzat Ojediran
2026-03-11 10:55:58.559 | WARNING  | images:telecharger_image:60 - Image vide ou erreur 403 pour Strahinja Pavlović
2026-03-11 10:55:58.560 | WARNING  | images:telecharger_toutes_images:124 - [205/2489] ❌ Strahinja Pavlović
2026-03-11 10:55:58.803 | WARNING  | images:telecharger_image:60 - Image vide ou erreur 403 pour Tim Kleindienst
2026-03-11 10:55:58.808 | WARNING  | images:telecharger_toutes_images:124 - [206/2489] ❌ Tim Kleindienst
2026-03-11 10:55:59.375 | WARNING  | images:telecharger_image:60 - Image vide ou erreur 403 pour Jake O'Brien
2026-03-11 10:55:59.376 | WARNING  | images:telecharger_toutes_images:124 - [207/2489] ❌ Jake O'Brien
2026-03-11 10:55:59.748 | WARNING  | images:telecharger_image:60 - Image vide ou erreur 403 pour Aimen Moueffek
2026-03-11 10:55:59.749 | WARNING  | images:telecharger_toutes_images:124 - [208/2489] ❌ Aimen Moueffek
2026-03-11 10:55:59.891 | WARNING  | images:telecharger_image:60 - Image vide ou erreur 403 pour Bernd Leno
2026-03-11 10:55:59.893 | WARNING  | images:telecharger_toutes_images:124 - [209/2489] ❌ Bernd Leno
2026-03-11 10:56:00.091 | WARNING  | images:telecharger_image:60 - Image vide ou erreur 403 pour Goduine Koyalipou
2026-03-11 10:56:00.093 | WARNING  | images:telecharger_toutes_images:124 - [210/2489] ❌ Goduine Koyalipou
2026-03-11 10:56:00.212 | WARNING  | images:telecharger_image:60 - Image vide ou erreur 403 pour Aleksandar Pavlovic
2026-03-11 10:56:00.214 | WARNING  | images:telecharger_toutes_images:124 - [211/2489] ❌ Aleksandar Pavlovic
2026-03-11 10:56:00.499 | WARNING  | images:telecharger_image:60 - Image vide ou erreur 403 pour Yacine Adli
2026-03-11 10:56:00.505 | WARNING  | images:telecharger_toutes_images:124 - [212/2489] ❌ Yacine Adli
2026-03-11 10:56:01.376 | WARNING  | images:telecharger_image:60 - Image vide ou erreur 403 pour Catena
2026-03-11 10:56:01.378 | WARNING  | images:telecharger_toutes_images:124 - [213/2489] ❌ Catena
2026-03-11 10:56:01.379 | WARNING  | images:telecharger_image:60 - Image vide ou erreur 403 pour Javi Puado
2026-03-11 10:56:01.382 | WARNING  | images:telecharger_toutes_images:124 - [214/2489] ❌ Javi Puado
2026-03-11 10:56:01.387 | WARNING  | images:telecharger_image:60 - Image vide ou erreur 403 pour Wahbi Khazri
2026-03-11 10:56:01.390 | WARNING  | images:telecharger_toutes_images:124 - [215/2489] ❌ Wahbi Khazri
2026-03-11 10:56:01.932 | WARNING  | images:telecharger_image:60 - Image vide ou erreur 403 pour Ryan Christie
2026-03-11 10:56:01.936 | WARNING  | images:telecharger_toutes_images:124 - [216/2489] ❌ Ryan Christie
2026-03-11 10:56:02.017 | WARNING  | images:telecharger_image:60 - Image vide ou erreur 403 pour Maxence Lacroix
2026-03-11 10:56:02.022 | WARNING  | images:telecharger_toutes_images:124 - [217/2489] ❌ Maxence Lacroix
2026-03-11 10:56:03.000 | WARNING  | images:telecharger_image:60 - Image vide ou erreur 403 pour Éder Militão
2026-03-11 10:56:03.002 | WARNING  | images:telecharger_toutes_images:124 - [218/2489] ❌ Éder Militão
2026-03-11 10:56:03.343 | WARNING  | images:telecharger_image:60 - Image vide ou erreur 403 pour Ivan Provedel
2026-03-11 10:56:03.346 | WARNING  | images:telecharger_toutes_images:124 - [219/2489] ❌ Ivan Provedel
2026-03-11 10:56:03.434 | WARNING  | images:telecharger_image:60 - Image vide ou erreur 403 pour Brenner
2026-03-11 10:56:03.439 | WARNING  | images:telecharger_toutes_images:124 - [220/2489] ❌ Brenner
2026-03-11 10:56:04.048 | WARNING  | images:telecharger_image:60 - Image vide ou erreur 403 pour Pedro Porro
2026-03-11 10:56:04.050 | WARNING  | images:telecharger_toutes_images:124 - [221/2489] ❌ Pedro Porro
2026-03-11 10:56:04.076 | WARNING  | images:telecharger_image:60 - Image vide ou erreur 403 pour José Luis García Vayá
2026-03-11 10:56:04.077 | WARNING  | images:telecharger_toutes_images:124 - [222/2489] ❌ José Luis García Vayá
2026-03-11 10:56:04.151 | WARNING  | images:telecharger_image:60 - Image vide ou erreur 403 pour Thiago Almada
2026-03-11 10:56:04.152 | WARNING  | images:telecharger_toutes_images:124 - [223/2489] ❌ Thiago Almada
2026-03-11 10:56:04.545 | WARNING  | images:telecharger_image:60 - Image vide ou erreur 403 pour Jason Steele
2026-03-11 10:56:04.547 | WARNING  | images:telecharger_toutes_images:124 - [224/2489] ❌ Jason Steele
2026-03-11 10:56:04.730 | WARNING  | images:telecharger_image:60 - Image vide ou erreur 403 pour Lewis Dunk
2026-03-11 10:56:04.732 | WARNING  | images:telecharger_toutes_images:124 - [225/2489] ❌ Lewis Dunk
2026-03-11 10:56:05.223 | WARNING  | images:telecharger_image:60 - Image vide ou erreur 403 pour Thomas Keller
2026-03-11 10:56:05.225 | WARNING  | images:telecharger_toutes_images:124 - [226/2489] ❌ Thomas Keller
2026-03-11 10:56:05.495 | WARNING  | images:telecharger_image:60 - Image vide ou erreur 403 pour Edu Expósito
2026-03-11 10:56:05.497 | WARNING  | images:telecharger_toutes_images:124 - [227/2489] ❌ Edu Expósito
2026-03-11 10:56:05.894 | WARNING  | images:telecharger_image:60 - Image vide ou erreur 403 pour Antonee Robinson
2026-03-11 10:56:05.896 | WARNING  | images:telecharger_toutes_images:124 - [228/2489] ❌ Antonee Robinson
2026-03-11 10:56:06.015 | WARNING  | images:telecharger_image:60 - Image vide ou erreur 403 pour Nayef Aguerd
2026-03-11 10:56:06.019 | WARNING  | images:telecharger_toutes_images:124 - [229/2489] ❌ Nayef Aguerd
2026-03-11 10:56:06.054 | WARNING  | images:telecharger_image:60 - Image vide ou erreur 403 pour Marius Courcoul
2026-03-11 10:56:06.060 | WARNING  | images:telecharger_toutes_images:124 - [230/2489] ❌ Marius Courcoul
2026-03-11 10:56:07.354 | WARNING  | images:telecharger_image:60 - Image vide ou erreur 403 pour Nicolas Seiwald
2026-03-11 10:56:07.355 | WARNING  | images:telecharger_image:60 - Image vide ou erreur 403 pour Marc Bernal
2026-03-11 10:56:07.356 | WARNING  | images:telecharger_toutes_images:124 - [231/2489] ❌ Nicolas Seiwald
2026-03-11 10:56:07.358 | WARNING  | images:telecharger_toutes_images:124 - [232/2489] ❌ Marc Bernal
2026-03-11 10:56:07.368 | WARNING  | images:telecharger_image:60 - Image vide ou erreur 403 pour Jonas Hofmann
2026-03-11 10:56:07.371 | WARNING  | images:telecharger_toutes_images:124 - [233/2489] ❌ Jonas Hofmann
2026-03-11 10:56:07.446 | WARNING  | images:telecharger_image:60 - Image vide ou erreur 403 pour Kepa Arrizabalaga
2026-03-11 10:56:07.452 | WARNING  | images:telecharger_toutes_images:124 - [234/2489] ❌ Kepa Arrizabalaga
2026-03-11 10:56:08.026 | WARNING  | images:telecharger_image:60 - Image vide ou erreur 403 pour Conor Coady
2026-03-11 10:56:08.028 | WARNING  | images:telecharger_toutes_images:124 - [235/2489] ❌ Conor Coady
2026-03-11 10:56:08.468 | WARNING  | images:telecharger_image:60 - Image vide ou erreur 403 pour Gerrit Holtmann
2026-03-11 10:56:08.469 | WARNING  | images:telecharger_image:60 - Image vide ou erreur 403 pour Frank Onyeka
2026-03-11 10:56:08.473 | WARNING  | images:telecharger_toutes_images:124 - [236/2489] ❌ Gerrit Holtmann
2026-03-11 10:56:08.478 | WARNING  | images:telecharger_toutes_images:124 - [237/2489] ❌ Frank Onyeka
2026-03-11 10:56:09.172 | WARNING  | images:telecharger_image:60 - Image vide ou erreur 403 pour Michy Batshuayi
2026-03-11 10:56:09.173 | WARNING  | images:telecharger_toutes_images:124 - [238/2489] ❌ Michy Batshuayi
2026-03-11 10:56:09.394 | WARNING  | images:telecharger_image:60 - Image vide ou erreur 403 pour Tomáš Čvančara
2026-03-11 10:56:09.395 | WARNING  | images:telecharger_toutes_images:124 - [239/2489] ❌ Tomáš Čvančara
2026-03-11 10:56:09.840 | WARNING  | images:telecharger_image:60 - Image vide ou erreur 403 pour Ousmane Toure
2026-03-11 10:56:09.842 | WARNING  | images:telecharger_toutes_images:124 - [240/2489] ❌ Ousmane Toure
2026-03-11 10:56:09.983 | WARNING  | images:telecharger_image:60 - Image vide ou erreur 403 pour Abakar Sylla
2026-03-11 10:56:09.984 | WARNING  | images:telecharger_toutes_images:124 - [241/2489] ❌ Abakar Sylla
2026-03-11 10:56:10.112 | WARNING  | images:telecharger_image:60 - Image vide ou erreur 403 pour Joan Jordán
2026-03-11 10:56:10.114 | WARNING  | images:telecharger_toutes_images:124 - [242/2489] ❌ Joan Jordán
2026-03-11 10:56:10.792 | WARNING  | images:telecharger_image:60 - Image vide ou erreur 403 pour Benedict Hollerbach
2026-03-11 10:56:10.793 | WARNING  | images:telecharger_toutes_images:124 - [243/2489] ❌ Benedict Hollerbach
2026-03-11 10:56:11.247 | WARNING  | images:telecharger_image:60 - Image vide ou erreur 403 pour Marten de Roon
2026-03-11 10:56:11.249 | WARNING  | images:telecharger_toutes_images:124 - [244/2489] ❌ Marten de Roon
2026-03-11 10:56:11.587 | WARNING  | images:telecharger_image:60 - Image vide ou erreur 403 pour Samuel Lino
2026-03-11 10:56:11.589 | WARNING  | images:telecharger_toutes_images:124 - [245/2489] ❌ Samuel Lino
2026-03-11 10:56:11.862 | WARNING  | images:telecharger_image:60 - Image vide ou erreur 403 pour Jay Robinson
2026-03-11 10:56:11.863 | WARNING  | images:telecharger_image:60 - Image vide ou erreur 403 pour Lukas Kübler
2026-03-11 10:56:11.865 | WARNING  | images:telecharger_toutes_images:124 - [246/2489] ❌ Jay Robinson
2026-03-11 10:56:11.867 | WARNING  | images:telecharger_toutes_images:124 - [247/2489] ❌ Lukas Kübler
2026-03-11 10:56:12.471 | WARNING  | images:telecharger_image:60 - Image vide ou erreur 403 pour Marin Pongračić
2026-03-11 10:56:12.473 | WARNING  | images:telecharger_toutes_images:124 - [248/2489] ❌ Marin Pongračić
2026-03-11 10:56:12.488 | WARNING  | images:telecharger_image:60 - Image vide ou erreur 403 pour Mathieu Cafaro
2026-03-11 10:56:12.492 | WARNING  | images:telecharger_toutes_images:124 - [249/2489] ❌ Mathieu Cafaro
2026-03-11 10:56:12.976 | WARNING  | images:telecharger_image:60 - Image vide ou erreur 403 pour Edhy Zuliani
2026-03-11 10:56:12.977 | WARNING  | images:telecharger_toutes_images:124 - [250/2489] ❌ Edhy Zuliani
2026-03-11 10:56:13.055 | WARNING  | images:telecharger_image:60 - Image vide ou erreur 403 pour Davide Frattesi
2026-03-11 10:56:13.057 | WARNING  | images:telecharger_toutes_images:124 - [251/2489] ❌ Davide Frattesi
2026-03-11 10:56:13.273 | WARNING  | images:telecharger_image:60 - Image vide ou erreur 403 pour Grigoris Kastanos
2026-03-11 10:56:13.275 | WARNING  | images:telecharger_toutes_images:124 - [252/2489] ❌ Grigoris Kastanos
2026-03-11 10:56:13.645 | WARNING  | images:telecharger_image:60 - Image vide ou erreur 403 pour Marshall Munetsi
2026-03-11 10:56:13.647 | WARNING  | images:telecharger_toutes_images:124 - [253/2489] ❌ Marshall Munetsi
2026-03-11 10:56:14.193 | WARNING  | images:telecharger_image:60 - Image vide ou erreur 403 pour Nicolás Serrano
2026-03-11 10:56:14.194 | WARNING  | images:telecharger_toutes_images:124 - [254/2489] ❌ Nicolás Serrano
2026-03-11 10:56:14.313 | WARNING  | images:telecharger_image:60 - Image vide ou erreur 403 pour Roberto López
2026-03-11 10:56:14.315 | WARNING  | images:telecharger_toutes_images:124 - [255/2489] ❌ Roberto López
2026-03-11 10:56:14.471 | WARNING  | images:telecharger_image:60 - Image vide ou erreur 403 pour Fran Vieites
2026-03-11 10:56:14.472 | WARNING  | images:telecharger_toutes_images:124 - [256/2489] ❌ Fran Vieites
2026-03-11 10:56:14.837 | WARNING  | images:telecharger_image:60 - Image vide ou erreur 403 pour Vanja Vlahović
2026-03-11 10:56:14.838 | WARNING  | images:telecharger_toutes_images:124 - [257/2489] ❌ Vanja Vlahović
2026-03-11 10:56:15.331 | WARNING  | images:telecharger_image:60 - Image vide ou erreur 403 pour Lewis Cook
2026-03-11 10:56:15.334 | WARNING  | images:telecharger_toutes_images:124 - [258/2489] ❌ Lewis Cook
2026-03-11 10:56:15.451 | WARNING  | images:telecharger_image:60 - Image vide ou erreur 403 pour Tyler Adams
2026-03-11 10:56:15.453 | WARNING  | images:telecharger_toutes_images:124 - [259/2489] ❌ Tyler Adams
2026-03-11 10:56:15.722 | WARNING  | images:telecharger_image:60 - Image vide ou erreur 403 pour Leroy Sané
2026-03-11 10:56:15.724 | WARNING  | images:telecharger_toutes_images:124 - [260/2489] ❌ Leroy Sané
2026-03-11 10:56:16.303 | WARNING  | images:telecharger_image:60 - Image vide ou erreur 403 pour Haris Belkebla
2026-03-11 10:56:16.305 | WARNING  | images:telecharger_toutes_images:124 - [261/2489] ❌ Haris Belkebla
2026-03-11 10:56:16.452 | WARNING  | images:telecharger_image:60 - Image vide ou erreur 403 pour Dilane Bakwa
2026-03-11 10:56:16.454 | WARNING  | images:telecharger_toutes_images:124 - [262/2489] ❌ Dilane Bakwa
2026-03-11 10:56:16.781 | WARNING  | images:telecharger_image:60 - Image vide ou erreur 403 pour Mario Lemina
2026-03-11 10:56:16.783 | WARNING  | images:telecharger_toutes_images:124 - [263/2489] ❌ Mario Lemina
2026-03-11 10:56:17.043 | WARNING  | images:telecharger_image:60 - Image vide ou erreur 403 pour Amir Richardson
2026-03-11 10:56:17.045 | WARNING  | images:telecharger_toutes_images:124 - [264/2489] ❌ Amir Richardson
2026-03-11 10:56:17.481 | WARNING  | images:telecharger_image:60 - Image vide ou erreur 403 pour Cyril Ngonge
2026-03-11 10:56:17.483 | WARNING  | images:telecharger_toutes_images:124 - [265/2489] ❌ Cyril Ngonge
2026-03-11 10:56:17.751 | WARNING  | images:telecharger_image:60 - Image vide ou erreur 403 pour Florian Thauvin
2026-03-11 10:56:17.756 | WARNING  | images:telecharger_toutes_images:124 - [266/2489] ❌ Florian Thauvin
2026-03-11 10:56:18.327 | WARNING  | images:telecharger_image:60 - Image vide ou erreur 403 pour Henri Koudossou
2026-03-11 10:56:18.329 | WARNING  | images:telecharger_toutes_images:124 - [267/2489] ❌ Henri Koudossou
2026-03-11 10:56:18.440 | WARNING  | images:telecharger_image:60 - Image vide ou erreur 403 pour Cedric Zesiger
2026-03-11 10:56:18.442 | WARNING  | images:telecharger_toutes_images:124 - [268/2489] ❌ Cedric Zesiger
2026-03-11 10:56:18.930 | WARNING  | images:telecharger_image:60 - Image vide ou erreur 403 pour Axel Tuanzebe
2026-03-11 10:56:18.935 | WARNING  | images:telecharger_toutes_images:124 - [269/2489] ❌ Axel Tuanzebe
2026-03-11 10:56:19.655 | WARNING  | images:telecharger_image:60 - Image vide ou erreur 403 pour Abdel Abqar
2026-03-11 10:56:19.656 | WARNING  | images:telecharger_toutes_images:124 - [270/2489] ❌ Abdel Abqar
2026-03-11 10:56:19.821 | WARNING  | images:telecharger_image:60 - Image vide ou erreur 403 pour Anthony Gordon
2026-03-11 10:56:19.826 | WARNING  | images:telecharger_toutes_images:124 - [271/2489] ❌ Anthony Gordon
2026-03-11 10:56:19.836 | WARNING  | images:telecharger_image:60 - Image vide ou erreur 403 pour Eric García
2026-03-11 10:56:19.845 | WARNING  | images:telecharger_toutes_images:124 - [272/2489] ❌ Eric García
2026-03-11 10:56:19.847 | WARNING  | images:telecharger_image:60 - Image vide ou erreur 403 pour Juanmi Latasa
2026-03-11 10:56:19.856 | WARNING  | images:telecharger_toutes_images:124 - [273/2489] ❌ Juanmi Latasa
2026-03-11 10:56:21.060 | WARNING  | images:telecharger_image:60 - Image vide ou erreur 403 pour Ronald Araújo
2026-03-11 10:56:21.062 | WARNING  | images:telecharger_toutes_images:124 - [274/2489] ❌ Ronald Araújo
2026-03-11 10:56:21.234 | WARNING  | images:telecharger_image:60 - Image vide ou erreur 403 pour Tommaso Gabellini
2026-03-11 10:56:21.235 | WARNING  | images:telecharger_toutes_images:124 - [275/2489] ❌ Tommaso Gabellini
2026-03-11 10:56:21.391 | WARNING  | images:telecharger_image:60 - Image vide ou erreur 403 pour Alexis Sánchez
2026-03-11 10:56:21.393 | WARNING  | images:telecharger_toutes_images:124 - [276/2489] ❌ Alexis Sánchez
2026-03-11 10:56:21.408 | WARNING  | images:telecharger_image:60 - Image vide ou erreur 403 pour Ignace Van Der Brempt
2026-03-11 10:56:21.410 | WARNING  | images:telecharger_toutes_images:124 - [277/2489] ❌ Ignace Van Der Brempt
2026-03-11 10:56:21.531 | WARNING  | images:telecharger_image:60 - Image vide ou erreur 403 pour Jamal Musiala
2026-03-11 10:56:21.533 | WARNING  | images:telecharger_toutes_images:124 - [278/2489] ❌ Jamal Musiala
2026-03-11 10:56:22.494 | WARNING  | images:telecharger_image:60 - Image vide ou erreur 403 pour Nicolás González
2026-03-11 10:56:22.495 | WARNING  | images:telecharger_toutes_images:124 - [279/2489] ❌ Nicolás González
2026-03-11 10:56:23.140 | WARNING  | images:telecharger_image:60 - Image vide ou erreur 403 pour Christian Mawissa
2026-03-11 10:56:23.141 | WARNING  | images:telecharger_toutes_images:124 - [280/2489] ❌ Christian Mawissa
2026-03-11 10:56:23.172 | WARNING  | images:telecharger_image:60 - Image vide ou erreur 403 pour Akor Adams
2026-03-11 10:56:23.173 | WARNING  | images:telecharger_toutes_images:124 - [281/2489] ❌ Akor Adams
2026-03-11 10:56:23.313 | WARNING  | images:telecharger_image:60 - Image vide ou erreur 403 pour Lewis Miley
2026-03-11 10:56:23.316 | WARNING  | images:telecharger_toutes_images:124 - [282/2489] ❌ Lewis Miley
2026-03-11 10:56:23.444 | WARNING  | images:telecharger_image:60 - Image vide ou erreur 403 pour Eduard Sobol
2026-03-11 10:56:23.447 | WARNING  | images:telecharger_toutes_images:124 - [283/2489] ❌ Eduard Sobol
2026-03-11 10:56:24.508 | WARNING  | images:telecharger_image:60 - Image vide ou erreur 403 pour Kacper Urbanski
2026-03-11 10:56:24.509 | WARNING  | images:telecharger_toutes_images:124 - [284/2489] ❌ Kacper Urbanski
2026-03-11 10:56:24.581 | WARNING  | images:telecharger_image:60 - Image vide ou erreur 403 pour Ramón Sosa
2026-03-11 10:56:24.584 | WARNING  | images:telecharger_toutes_images:124 - [285/2489] ❌ Ramón Sosa
2026-03-11 10:56:24.795 | WARNING  | images:telecharger_image:60 - Image vide ou erreur 403 pour Justin Bourgault
2026-03-11 10:56:24.797 | WARNING  | images:telecharger_toutes_images:124 - [286/2489] ❌ Justin Bourgault
2026-03-11 10:56:24.962 | WARNING  | images:telecharger_image:60 - Image vide ou erreur 403 pour Robin Gosens
2026-03-11 10:56:24.964 | WARNING  | images:telecharger_toutes_images:124 - [287/2489] ❌ Robin Gosens
2026-03-11 10:56:25.099 | WARNING  | images:telecharger_image:60 - Image vide ou erreur 403 pour Carmona
2026-03-11 10:56:25.105 | WARNING  | images:telecharger_toutes_images:124 - [288/2489] ❌ Carmona
2026-03-11 10:56:26.349 | WARNING  | images:telecharger_image:60 - Image vide ou erreur 403 pour Morgan Rogers
2026-03-11 10:56:26.351 | WARNING  | images:telecharger_toutes_images:124 - [289/2489] ❌ Morgan Rogers
2026-03-11 10:56:26.360 | WARNING  | images:telecharger_image:60 - Image vide ou erreur 403 pour Emmanuel Sabbi
2026-03-11 10:56:26.361 | WARNING  | images:telecharger_toutes_images:124 - [290/2489] ❌ Emmanuel Sabbi
2026-03-11 10:56:26.703 | WARNING  | images:telecharger_image:60 - Image vide ou erreur 403 pour Andreas Hanche-Olsen
2026-03-11 10:56:26.709 | WARNING  | images:telecharger_toutes_images:124 - [291/2489] ❌ Andreas Hanche-Olsen
2026-03-11 10:56:26.786 | WARNING  | images:telecharger_image:60 - Image vide ou erreur 403 pour Héctor Fort
2026-03-11 10:56:26.791 | WARNING  | images:telecharger_toutes_images:124 - [292/2489] ❌ Héctor Fort
2026-03-11 10:56:26.809 | WARNING  | images:telecharger_image:60 - Image vide ou erreur 403 pour Andrew Robertson
2026-03-11 10:56:26.817 | WARNING  | images:telecharger_toutes_images:124 - [293/2489] ❌ Andrew Robertson
2026-03-11 10:56:27.757 | WARNING  | images:telecharger_image:60 - Image vide ou erreur 403 pour Gianluca Lapadula
2026-03-11 10:56:27.760 | WARNING  | images:telecharger_toutes_images:124 - [294/2489] ❌ Gianluca Lapadula
2026-03-11 10:56:27.819 | WARNING  | images:telecharger_image:60 - Image vide ou erreur 403 pour Amadou Koné
2026-03-11 10:56:27.822 | WARNING  | images:telecharger_toutes_images:124 - [295/2489] ❌ Amadou Koné
2026-03-11 10:56:28.508 | WARNING  | images:telecharger_image:60 - Image vide ou erreur 403 pour Charles De Ketelaere
2026-03-11 10:56:28.509 | WARNING  | images:telecharger_toutes_images:124 - [296/2489] ❌ Charles De Ketelaere
2026-03-11 10:56:28.569 | WARNING  | images:telecharger_image:60 - Image vide ou erreur 403 pour Tijjani Noslin
2026-03-11 10:56:28.570 | WARNING  | images:telecharger_toutes_images:124 - [297/2489] ❌ Tijjani Noslin
2026-03-11 10:56:28.690 | WARNING  | images:telecharger_image:60 - Image vide ou erreur 403 pour Marc Casado
2026-03-11 10:56:28.693 | WARNING  | images:telecharger_toutes_images:124 - [298/2489] ❌ Marc Casado
2026-03-11 10:56:29.351 | WARNING  | images:telecharger_image:60 - Image vide ou erreur 403 pour Aarón Martín
2026-03-11 10:56:29.353 | WARNING  | images:telecharger_toutes_images:124 - [299/2489] ❌ Aarón Martín
2026-03-11 10:56:29.963 | WARNING  | images:telecharger_image:60 - Image vide ou erreur 403 pour Elseid Hysaj
2026-03-11 10:56:29.965 | WARNING  | images:telecharger_toutes_images:124 - [300/2489] ❌ Elseid Hysaj
2026-03-11 10:56:29.997 | WARNING  | images:telecharger_image:60 - Image vide ou erreur 403 pour Harry Winks
2026-03-11 10:56:29.999 | WARNING  | images:telecharger_toutes_images:124 - [301/2489] ❌ Harry Winks
2026-03-11 10:56:30.325 | WARNING  | images:telecharger_image:60 - Image vide ou erreur 403 pour Mikel Jauregizar
2026-03-11 10:56:30.327 | WARNING  | images:telecharger_toutes_images:124 - [302/2489] ❌ Mikel Jauregizar
2026-03-11 10:56:30.659 | WARNING  | images:telecharger_image:60 - Image vide ou erreur 403 pour Zain Silcott-Duberry
2026-03-11 10:56:30.661 | WARNING  | images:telecharger_toutes_images:124 - [303/2489] ❌ Zain Silcott-Duberry
2026-03-11 10:56:31.064 | WARNING  | images:telecharger_image:60 - Image vide ou erreur 403 pour Cheick Oumar Conde
2026-03-11 10:56:31.069 | WARNING  | images:telecharger_toutes_images:124 - [304/2489] ❌ Cheick Oumar Conde
2026-03-11 10:56:31.718 | WARNING  | images:telecharger_image:60 - Image vide ou erreur 403 pour Alphonse Areola
2026-03-11 10:56:31.719 | WARNING  | images:telecharger_toutes_images:124 - [305/2489] ❌ Alphonse Areola
2026-03-11 10:56:32.069 | WARNING  | images:telecharger_image:60 - Image vide ou erreur 403 pour James Milner
2026-03-11 10:56:32.071 | WARNING  | images:telecharger_toutes_images:124 - [306/2489] ❌ James Milner
2026-03-11 10:56:32.451 | WARNING  | images:telecharger_image:60 - Image vide ou erreur 403 pour Dango Ouattara
2026-03-11 10:56:32.452 | WARNING  | images:telecharger_toutes_images:124 - [307/2489] ❌ Dango Ouattara
2026-03-11 10:56:32.505 | WARNING  | images:telecharger_image:60 - Image vide ou erreur 403 pour Anthony Elanga
2026-03-11 10:56:32.506 | WARNING  | images:telecharger_toutes_images:124 - [308/2489] ❌ Anthony Elanga
2026-03-11 10:56:32.758 | WARNING  | images:telecharger_image:60 - Image vide ou erreur 403 pour Benjamin Lecomte
2026-03-11 10:56:32.760 | WARNING  | images:telecharger_toutes_images:124 - [309/2489] ❌ Benjamin Lecomte
2026-03-11 10:56:32.975 | WARNING  | images:telecharger_image:60 - Image vide ou erreur 403 pour Leandro Antonetti
2026-03-11 10:56:32.981 | WARNING  | images:telecharger_toutes_images:124 - [310/2489] ❌ Leandro Antonetti
2026-03-11 10:56:33.953 | WARNING  | images:telecharger_image:60 - Image vide ou erreur 403 pour Phillipp Mwene
2026-03-11 10:56:33.955 | WARNING  | images:telecharger_toutes_images:124 - [311/2489] ❌ Phillipp Mwene
2026-03-11 10:56:34.321 | WARNING  | images:telecharger_image:60 - Image vide ou erreur 403 pour Marcus Coco
2026-03-11 10:56:34.323 | WARNING  | images:telecharger_toutes_images:124 - [312/2489] ❌ Marcus Coco
2026-03-11 10:56:34.505 | WARNING  | images:telecharger_image:60 - Image vide ou erreur 403 pour Dominik Greif
2026-03-11 10:56:34.507 | WARNING  | images:telecharger_toutes_images:124 - [313/2489] ❌ Dominik Greif
2026-03-11 10:56:34.888 | WARNING  | images:telecharger_image:60 - Image vide ou erreur 403 pour Stephy Mavididi
2026-03-11 10:56:34.891 | WARNING  | images:telecharger_toutes_images:124 - [314/2489] ❌ Stephy Mavididi
2026-03-11 10:56:34.991 | WARNING  | images:telecharger_image:60 - Image vide ou erreur 403 pour Douglas
2026-03-11 10:56:34.995 | WARNING  | images:telecharger_toutes_images:124 - [315/2489] ❌ Douglas
2026-03-11 10:56:35.630 | WARNING  | images:telecharger_image:60 - Image vide ou erreur 403 pour Nikolas Nartey
2026-03-11 10:56:35.633 | WARNING  | images:telecharger_toutes_images:124 - [316/2489] ❌ Nikolas Nartey
2026-03-11 10:56:35.937 | WARNING  | images:telecharger_image:60 - Image vide ou erreur 403 pour Philipp Lienhart
2026-03-11 10:56:35.939 | WARNING  | images:telecharger_toutes_images:124 - [317/2489] ❌ Philipp Lienhart
2026-03-11 10:56:36.327 | WARNING  | images:telecharger_image:60 - Image vide ou erreur 403 pour Andriy Lunin
2026-03-11 10:56:36.328 | WARNING  | images:telecharger_toutes_images:124 - [318/2489] ❌ Andriy Lunin
2026-03-11 10:56:36.565 | WARNING  | images:telecharger_image:60 - Image vide ou erreur 403 pour Arnau Tenas
2026-03-11 10:56:36.566 | WARNING  | images:telecharger_toutes_images:124 - [319/2489] ❌ Arnau Tenas
2026-03-11 10:56:36.746 | WARNING  | images:telecharger_image:60 - Image vide ou erreur 403 pour Angeliño
2026-03-11 10:56:36.750 | WARNING  | images:telecharger_toutes_images:124 - [320/2489] ❌ Angeliño
2026-03-11 10:56:37.420 | WARNING  | images:telecharger_image:60 - Image vide ou erreur 403 pour Kevin Behrens
2026-03-11 10:56:37.424 | WARNING  | images:telecharger_toutes_images:124 - [321/2489] ❌ Kevin Behrens
2026-03-11 10:56:38.122 | WARNING  | images:telecharger_image:60 - Image vide ou erreur 403 pour Caio Henrique Oliveira Silva
2026-03-11 10:56:38.124 | WARNING  | images:telecharger_toutes_images:124 - [322/2489] ❌ Caio Henrique Oliveira Silva
2026-03-11 10:56:38.187 | WARNING  | images:telecharger_image:60 - Image vide ou erreur 403 pour Milan Škriniar
2026-03-11 10:56:38.189 | WARNING  | images:telecharger_toutes_images:124 - [323/2489] ❌ Milan Škriniar
2026-03-11 10:56:38.525 | WARNING  | images:telecharger_image:60 - Image vide ou erreur 403 pour Vitaliy Mykolenko
2026-03-11 10:56:38.525 | WARNING  | images:telecharger_image:60 - Image vide ou erreur 403 pour Mitchell Weiser
2026-03-11 10:56:38.532 | WARNING  | images:telecharger_toutes_images:124 - [324/2489] ❌ Vitaliy Mykolenko
2026-03-11 10:56:38.538 | WARNING  | images:telecharger_toutes_images:124 - [325/2489] ❌ Mitchell Weiser
2026-03-11 10:56:39.762 | WARNING  | images:telecharger_image:60 - Image vide ou erreur 403 pour Kiliann Sildillia
2026-03-11 10:56:39.763 | WARNING  | images:telecharger_toutes_images:124 - [326/2489] ❌ Kiliann Sildillia
2026-03-11 10:56:39.879 | WARNING  | images:telecharger_image:60 - Image vide ou erreur 403 pour Pau Navarro
2026-03-11 10:56:39.883 | WARNING  | images:telecharger_toutes_images:124 - [327/2489] ❌ Pau Navarro
2026-03-11 10:56:39.953 | WARNING  | images:telecharger_image:60 - Image vide ou erreur 403 pour Folarin Balogun
2026-03-11 10:56:39.955 | WARNING  | images:telecharger_toutes_images:124 - [328/2489] ❌ Folarin Balogun
2026-03-11 10:56:40.636 | WARNING  | images:telecharger_image:60 - Image vide ou erreur 403 pour Jonas Rouhi
2026-03-11 10:56:40.641 | WARNING  | images:telecharger_toutes_images:124 - [329/2489] ❌ Jonas Rouhi
2026-03-11 10:56:40.646 | WARNING  | images:telecharger_image:60 - Image vide ou erreur 403 pour Nabil Bentaleb
2026-03-11 10:56:40.649 | WARNING  | images:telecharger_toutes_images:124 - [330/2489] ❌ Nabil Bentaleb
2026-03-11 10:56:41.716 | WARNING  | images:telecharger_image:60 - Image vide ou erreur 403 pour Zeki Çelik
2026-03-11 10:56:41.718 | WARNING  | images:telecharger_toutes_images:124 - [331/2489] ❌ Zeki Çelik
2026-03-11 10:56:41.820 | WARNING  | images:telecharger_image:60 - Image vide ou erreur 403 pour Rúben Dias
2026-03-11 10:56:41.822 | WARNING  | images:telecharger_toutes_images:124 - [332/2489] ❌ Rúben Dias
2026-03-11 10:56:42.118 | WARNING  | images:telecharger_image:60 - Image vide ou erreur 403 pour Paul Akouokou
2026-03-11 10:56:42.120 | WARNING  | images:telecharger_toutes_images:124 - [333/2489] ❌ Paul Akouokou
2026-03-11 10:56:42.962 | WARNING  | images:telecharger_image:60 - Image vide ou erreur 403 pour Rafa Marín
2026-03-11 10:56:42.964 | WARNING  | images:telecharger_toutes_images:124 - [334/2489] ❌ Rafa Marín
2026-03-11 10:56:42.996 | WARNING  | images:telecharger_image:60 - Image vide ou erreur 403 pour Benjamin Šeško
2026-03-11 10:56:43.000 | WARNING  | images:telecharger_toutes_images:124 - [335/2489] ❌ Benjamin Šeško
2026-03-11 10:56:43.725 | WARNING  | images:telecharger_image:60 - Image vide ou erreur 403 pour Sergi Guardiola
2026-03-11 10:56:43.727 | WARNING  | images:telecharger_toutes_images:124 - [336/2489] ❌ Sergi Guardiola
2026-03-11 10:56:43.733 | WARNING  | images:telecharger_image:60 - Image vide ou erreur 403 pour Joe Aribo
2026-03-11 10:56:43.735 | WARNING  | images:telecharger_toutes_images:124 - [337/2489] ❌ Joe Aribo
2026-03-11 10:56:43.752 | WARNING  | images:telecharger_image:60 - Image vide ou erreur 403 pour Yunis Abdelhamid
2026-03-11 10:56:43.756 | WARNING  | images:telecharger_toutes_images:124 - [338/2489] ❌ Yunis Abdelhamid
2026-03-11 10:56:44.424 | WARNING  | images:telecharger_image:60 - Image vide ou erreur 403 pour Beres Owusu
2026-03-11 10:56:44.428 | WARNING  | images:telecharger_toutes_images:124 - [339/2489] ❌ Beres Owusu
2026-03-11 10:56:45.129 | WARNING  | images:telecharger_image:60 - Image vide ou erreur 403 pour Stefan Bajcetic
2026-03-11 10:56:45.131 | WARNING  | images:telecharger_toutes_images:124 - [340/2489] ❌ Stefan Bajcetic
2026-03-11 10:56:45.209 | WARNING  | images:telecharger_image:60 - Image vide ou erreur 403 pour Morgan Gibbs-White
2026-03-11 10:56:45.211 | WARNING  | images:telecharger_toutes_images:124 - [341/2489] ❌ Morgan Gibbs-White
2026-03-11 10:56:45.325 | WARNING  | images:telecharger_image:60 - Image vide ou erreur 403 pour Justin-Noël Kalumba
2026-03-11 10:56:45.327 | WARNING  | images:telecharger_toutes_images:124 - [342/2489] ❌ Justin-Noël Kalumba
2026-03-11 10:56:45.671 | WARNING  | images:telecharger_image:60 - Image vide ou erreur 403 pour Jeffrey Schlupp
2026-03-11 10:56:45.674 | WARNING  | images:telecharger_toutes_images:124 - [343/2489] ❌ Jeffrey Schlupp
2026-03-11 10:56:46.270 | WARNING  | images:telecharger_image:60 - Image vide ou erreur 403 pour Mamadou Diakhon
2026-03-11 10:56:46.274 | WARNING  | images:telecharger_toutes_images:124 - [344/2489] ❌ Mamadou Diakhon
2026-03-11 10:56:47.095 | WARNING  | images:telecharger_image:60 - Image vide ou erreur 403 pour Pere Milla
2026-03-11 10:56:47.097 | WARNING  | images:telecharger_toutes_images:124 - [345/2489] ❌ Pere Milla
2026-03-11 10:56:47.123 | WARNING  | images:telecharger_image:60 - Image vide ou erreur 403 pour Sergi Roberto
2026-03-11 10:56:47.123 | WARNING  | images:telecharger_image:60 - Image vide ou erreur 403 pour Sergio Reguilón
2026-03-11 10:56:47.126 | WARNING  | images:telecharger_toutes_images:124 - [346/2489] ❌ Sergi Roberto
2026-03-11 10:56:47.129 | WARNING  | images:telecharger_toutes_images:124 - [347/2489] ❌ Sergio Reguilón
2026-03-11 10:56:47.675 | WARNING  | images:telecharger_image:60 - Image vide ou erreur 403 pour Phillip Tietz
2026-03-11 10:56:47.676 | WARNING  | images:telecharger_image:60 - Image vide ou erreur 403 pour Antoine Mendy
2026-03-11 10:56:47.678 | WARNING  | images:telecharger_toutes_images:124 - [348/2489] ❌ Phillip Tietz
2026-03-11 10:56:47.680 | WARNING  | images:telecharger_toutes_images:124 - [349/2489] ❌ Antoine Mendy
2026-03-11 10:56:49.361 | WARNING  | images:telecharger_image:60 - Image vide ou erreur 403 pour Raphinha
2026-03-11 10:56:49.361 | WARNING  | images:telecharger_image:60 - Image vide ou erreur 403 pour Renato Tapia
2026-03-11 10:56:49.362 | WARNING  | images:telecharger_image:60 - Image vide ou erreur 403 pour Giovanni Simeone
2026-03-11 10:56:49.364 | WARNING  | images:telecharger_toutes_images:124 - [350/2489] ❌ Raphinha
2026-03-11 10:56:49.370 | WARNING  | images:telecharger_toutes_images:124 - [351/2489] ❌ Renato Tapia
2026-03-11 10:56:49.370 | WARNING  | images:telecharger_toutes_images:124 - [352/2489] ❌ Giovanni Simeone
2026-03-11 10:56:50.031 | WARNING  | images:telecharger_image:60 - Image vide ou erreur 403 pour Julian Weigl
2026-03-11 10:56:50.040 | WARNING  | images:telecharger_toutes_images:124 - [353/2489] ❌ Julian Weigl
2026-03-11 10:56:50.044 | WARNING  | images:telecharger_image:60 - Image vide ou erreur 403 pour Fabio Miretti
2026-03-11 10:56:50.049 | WARNING  | images:telecharger_toutes_images:124 - [354/2489] ❌ Fabio Miretti
2026-03-11 10:56:51.330 | WARNING  | images:telecharger_image:60 - Image vide ou erreur 403 pour Michael Amir Murillo
2026-03-11 10:56:51.332 | WARNING  | images:telecharger_toutes_images:124 - [355/2489] ❌ Michael Amir Murillo
2026-03-11 10:56:51.363 | WARNING  | images:telecharger_image:60 - Image vide ou erreur 403 pour Gabriel Osei Misehouy
2026-03-11 10:56:51.365 | WARNING  | images:telecharger_toutes_images:124 - [356/2489] ❌ Gabriel Osei Misehouy
2026-03-11 10:56:52.196 | WARNING  | images:telecharger_image:60 - Image vide ou erreur 403 pour Lee Jae-sung
2026-03-11 10:56:52.211 | WARNING  | images:telecharger_toutes_images:124 - [357/2489] ❌ Lee Jae-sung
2026-03-11 10:56:52.213 | WARNING  | images:telecharger_image:60 - Image vide ou erreur 403 pour Edon Zhegrova
2026-03-11 10:56:52.217 | WARNING  | images:telecharger_toutes_images:124 - [358/2489] ❌ Edon Zhegrova
2026-03-11 10:56:52.225 | WARNING  | images:telecharger_image:60 - Image vide ou erreur 403 pour Botond Balogh
2026-03-11 10:56:52.230 | WARNING  | images:telecharger_toutes_images:124 - [359/2489] ❌ Botond Balogh
2026-03-11 10:56:53.042 | WARNING  | images:telecharger_image:60 - Image vide ou erreur 403 pour Daniel Requena
2026-03-11 10:56:53.044 | WARNING  | images:telecharger_toutes_images:124 - [360/2489] ❌ Daniel Requena
2026-03-11 10:56:53.056 | WARNING  | images:telecharger_image:60 - Image vide ou erreur 403 pour Sirlord Conteh
2026-03-11 10:56:53.059 | WARNING  | images:telecharger_toutes_images:124 - [361/2489] ❌ Sirlord Conteh
2026-03-11 10:56:53.741 | WARNING  | images:telecharger_image:60 - Image vide ou erreur 403 pour Guido Rodríguez
2026-03-11 10:56:53.743 | WARNING  | images:telecharger_toutes_images:124 - [362/2489] ❌ Guido Rodríguez
2026-03-11 10:56:53.935 | WARNING  | images:telecharger_image:60 - Image vide ou erreur 403 pour Nico Schlotterbeck
2026-03-11 10:56:53.938 | WARNING  | images:telecharger_toutes_images:124 - [363/2489] ❌ Nico Schlotterbeck
2026-03-11 10:56:54.429 | WARNING  | images:telecharger_image:60 - Image vide ou erreur 403 pour Kialonda
2026-03-11 10:56:54.431 | WARNING  | images:telecharger_toutes_images:124 - [364/2489] ❌ Kialonda
2026-03-11 10:56:54.587 | WARNING  | images:telecharger_image:60 - Image vide ou erreur 403 pour James Ward-Prowse
2026-03-11 10:56:54.590 | WARNING  | images:telecharger_toutes_images:124 - [365/2489] ❌ James Ward-Prowse
2026-03-11 10:56:54.635 | WARNING  | images:telecharger_image:60 - Image vide ou erreur 403 pour Marcos Senesi
2026-03-11 10:56:54.642 | WARNING  | images:telecharger_toutes_images:124 - [366/2489] ❌ Marcos Senesi
2026-03-11 10:56:55.607 | WARNING  | images:telecharger_image:60 - Image vide ou erreur 403 pour Ismael Konate
2026-03-11 10:56:55.611 | WARNING  | images:telecharger_toutes_images:124 - [367/2489] ❌ Ismael Konate
2026-03-11 10:56:56.240 | WARNING  | images:telecharger_image:60 - Image vide ou erreur 403 pour Carlos Dominguez
2026-03-11 10:56:56.242 | WARNING  | images:telecharger_toutes_images:124 - [368/2489] ❌ Carlos Dominguez
2026-03-11 10:56:56.424 | WARNING  | images:telecharger_image:60 - Image vide ou erreur 403 pour Wilson Odobert
2026-03-11 10:56:56.425 | WARNING  | images:telecharger_toutes_images:124 - [369/2489] ❌ Wilson Odobert
2026-03-11 10:56:56.591 | WARNING  | images:telecharger_image:60 - Image vide ou erreur 403 pour Sekou Mara
2026-03-11 10:56:56.593 | WARNING  | images:telecharger_toutes_images:124 - [370/2489] ❌ Sekou Mara
2026-03-11 10:56:56.779 | WARNING  | images:telecharger_image:60 - Image vide ou erreur 403 pour Simon Cara
2026-03-11 10:56:56.785 | WARNING  | images:telecharger_toutes_images:124 - [371/2489] ❌ Simon Cara
2026-03-11 10:56:58.433 | WARNING  | images:telecharger_image:60 - Image vide ou erreur 403 pour Ben White
2026-03-11 10:56:58.442 | WARNING  | images:telecharger_toutes_images:124 - [372/2489] ❌ Ben White
2026-03-11 10:56:58.458 | WARNING  | images:telecharger_image:60 - Image vide ou erreur 403 pour Lars Ritzka
2026-03-11 10:56:58.461 | WARNING  | images:telecharger_image:60 - Image vide ou erreur 403 pour Tuta
2026-03-11 10:56:58.461 | WARNING  | images:telecharger_image:60 - Image vide ou erreur 403 pour Joël Schingtienne
2026-03-11 10:56:58.463 | WARNING  | images:telecharger_image:60 - Image vide ou erreur 403 pour Fares Chaïbi
2026-03-11 10:56:58.475 | WARNING  | images:telecharger_toutes_images:124 - [373/2489] ❌ Lars Ritzka
2026-03-11 10:56:58.493 | WARNING  | images:telecharger_toutes_images:124 - [374/2489] ❌ Tuta
2026-03-11 10:56:58.495 | WARNING  | images:telecharger_toutes_images:124 - [375/2489] ❌ Joël Schingtienne
2026-03-11 10:56:58.496 | WARNING  | images:telecharger_toutes_images:124 - [376/2489] ❌ Fares Chaïbi
2026-03-11 10:57:00.467 | WARNING  | images:telecharger_image:60 - Image vide ou erreur 403 pour Leonardo Spinazzola
2026-03-11 10:57:00.470 | WARNING  | images:telecharger_image:60 - Image vide ou erreur 403 pour Yael Nandjou
2026-03-11 10:57:00.476 | WARNING  | images:telecharger_toutes_images:124 - [377/2489] ❌ Leonardo Spinazzola
2026-03-11 10:57:00.477 | WARNING  | images:telecharger_toutes_images:124 - [378/2489] ❌ Yael Nandjou
2026-03-11 10:57:00.486 | WARNING  | images:telecharger_image:60 - Image vide ou erreur 403 pour Nicolò Fagioli
2026-03-11 10:57:00.487 | WARNING  | images:telecharger_toutes_images:124 - [379/2489] ❌ Nicolò Fagioli
2026-03-11 10:57:00.492 | WARNING  | images:telecharger_image:60 - Image vide ou erreur 403 pour Alberto Risco
2026-03-11 10:57:00.493 | WARNING  | images:telecharger_toutes_images:124 - [380/2489] ❌ Alberto Risco
2026-03-11 10:57:00.496 | WARNING  | images:telecharger_image:60 - Image vide ou erreur 403 pour Javi Martínez
2026-03-11 10:57:00.497 | WARNING  | images:telecharger_toutes_images:124 - [381/2489] ❌ Javi Martínez
2026-03-11 10:57:03.347 | WARNING  | images:telecharger_image:60 - Image vide ou erreur 403 pour Alex McCarthy
2026-03-11 10:57:03.348 | WARNING  | images:telecharger_toutes_images:124 - [382/2489] ❌ Alex McCarthy
2026-03-11 10:57:03.351 | WARNING  | images:telecharger_image:60 - Image vide ou erreur 403 pour Jaydee Canvot
2026-03-11 10:57:03.353 | WARNING  | images:telecharger_toutes_images:124 - [383/2489] ❌ Jaydee Canvot
2026-03-11 10:57:03.359 | WARNING  | images:telecharger_image:60 - Image vide ou erreur 403 pour Florian Neuhaus
2026-03-11 10:57:03.359 | WARNING  | images:telecharger_image:60 - Image vide ou erreur 403 pour Sergio Viera
2026-03-11 10:57:03.361 | WARNING  | images:telecharger_toutes_images:124 - [384/2489] ❌ Florian Neuhaus
2026-03-11 10:57:03.363 | WARNING  | images:telecharger_toutes_images:124 - [385/2489] ❌ Sergio Viera
2026-03-11 10:57:03.373 | WARNING  | images:telecharger_image:60 - Image vide ou erreur 403 pour Rassoul Ndiaye
2026-03-11 10:57:03.377 | WARNING  | images:telecharger_toutes_images:124 - [386/2489] ❌ Rassoul Ndiaye
2026-03-11 10:57:04.398 | WARNING  | images:telecharger_image:60 - Image vide ou erreur 403 pour Luck Zogbé
2026-03-11 10:57:04.403 | WARNING  | images:telecharger_toutes_images:124 - [387/2489] ❌ Luck Zogbé
2026-03-11 10:57:05.834 | WARNING  | images:telecharger_image:60 - Image vide ou erreur 403 pour Santiago Giménez
2026-03-11 10:57:05.836 | WARNING  | images:telecharger_toutes_images:124 - [388/2489] ❌ Santiago Giménez
2026-03-11 10:57:05.837 | WARNING  | images:telecharger_image:60 - Image vide ou erreur 403 pour Pablo Ibáñez
2026-03-11 10:57:05.839 | WARNING  | images:telecharger_toutes_images:124 - [389/2489] ❌ Pablo Ibáñez
2026-03-11 10:57:05.841 | WARNING  | images:telecharger_image:60 - Image vide ou erreur 403 pour Aleksandr Golovin
2026-03-11 10:57:05.842 | WARNING  | images:telecharger_toutes_images:124 - [390/2489] ❌ Aleksandr Golovin
2026-03-11 10:57:05.843 | WARNING  | images:telecharger_image:60 - Image vide ou erreur 403 pour Ibrahim Alani
2026-03-11 10:57:05.845 | WARNING  | images:telecharger_toutes_images:124 - [391/2489] ❌ Ibrahim Alani
2026-03-11 10:57:06.223 | WARNING  | images:telecharger_image:60 - Image vide ou erreur 403 pour Arda Güler
2026-03-11 10:57:06.224 | WARNING  | images:telecharger_toutes_images:124 - [392/2489] ❌ Arda Güler
2026-03-11 10:57:09.353 | WARNING  | images:telecharger_image:60 - Image vide ou erreur 403 pour Jordan Ferri
2026-03-11 10:57:09.355 | WARNING  | images:telecharger_toutes_images:124 - [393/2489] ❌ Jordan Ferri
2026-03-11 10:57:09.364 | WARNING  | images:telecharger_image:60 - Image vide ou erreur 403 pour Álex Remiro
2026-03-11 10:57:09.364 | WARNING  | images:telecharger_image:60 - Image vide ou erreur 403 pour Juan Berrocal
2026-03-11 10:57:09.369 | WARNING  | images:telecharger_image:60 - Image vide ou erreur 403 pour Ramy Bensebaini
2026-03-11 10:57:09.369 | WARNING  | images:telecharger_toutes_images:124 - [394/2489] ❌ Álex Remiro
2026-03-11 10:57:09.375 | WARNING  | images:telecharger_image:60 - Image vide ou erreur 403 pour Gonzalo Montiel
2026-03-11 10:57:09.375 | WARNING  | images:telecharger_toutes_images:124 - [395/2489] ❌ Juan Berrocal
2026-03-11 10:57:09.377 | WARNING  | images:telecharger_toutes_images:124 - [396/2489] ❌ Ramy Bensebaini
2026-03-11 10:57:09.378 | WARNING  | images:telecharger_toutes_images:124 - [397/2489] ❌ Gonzalo Montiel
2026-03-11 10:57:11.037 | WARNING  | images:telecharger_image:60 - Image vide ou erreur 403 pour Dylan Batubinsika
2026-03-11 10:57:11.039 | WARNING  | images:telecharger_toutes_images:124 - [398/2489] ❌ Dylan Batubinsika
2026-03-11 10:57:11.667 | WARNING  | images:telecharger_image:60 - Image vide ou erreur 403 pour Dennis Geiger
2026-03-11 10:57:11.668 | WARNING  | images:telecharger_toutes_images:124 - [399/2489] ❌ Dennis Geiger
2026-03-11 10:57:11.681 | WARNING  | images:telecharger_image:60 - Image vide ou erreur 403 pour Hugo Duro
2026-03-11 10:57:11.684 | WARNING  | images:telecharger_toutes_images:124 - [400/2489] ❌ Hugo Duro
2026-03-11 10:57:11.726 | WARNING  | images:telecharger_image:60 - Image vide ou erreur 403 pour Unai Gómez
2026-03-11 10:57:11.728 | WARNING  | images:telecharger_toutes_images:124 - [401/2489] ❌ Unai Gómez
2026-03-11 10:57:11.732 | WARNING  | images:telecharger_image:60 - Image vide ou erreur 403 pour Jesper Lindstrøm
2026-03-11 10:57:11.737 | WARNING  | images:telecharger_toutes_images:124 - [402/2489] ❌ Jesper Lindstrøm
2026-03-11 10:57:12.614 | WARNING  | images:telecharger_image:60 - Image vide ou erreur 403 pour Dimitry Bertaud
2026-03-11 10:57:12.621 | WARNING  | images:telecharger_toutes_images:124 - [403/2489] ❌ Dimitry Bertaud
2026-03-11 10:57:13.110 | WARNING  | images:telecharger_image:60 - Image vide ou erreur 403 pour Javier Guerra
2026-03-11 10:57:13.111 | WARNING  | images:telecharger_toutes_images:124 - [404/2489] ❌ Javier Guerra
2026-03-11 10:57:13.310 | WARNING  | images:telecharger_image:60 - Image vide ou erreur 403 pour David Torres
2026-03-11 10:57:13.312 | WARNING  | images:telecharger_toutes_images:124 - [405/2489] ❌ David Torres
2026-03-11 10:57:13.401 | WARNING  | images:telecharger_image:60 - Image vide ou erreur 403 pour Daniel Fila
2026-03-11 10:57:13.402 | WARNING  | images:telecharger_toutes_images:124 - [406/2489] ❌ Daniel Fila
2026-03-11 10:57:13.477 | WARNING  | images:telecharger_image:60 - Image vide ou erreur 403 pour Jahmai Simpson-Pusey
2026-03-11 10:57:13.479 | WARNING  | images:telecharger_toutes_images:124 - [407/2489] ❌ Jahmai Simpson-Pusey
2026-03-11 10:57:13.921 | WARNING  | images:telecharger_image:60 - Image vide ou erreur 403 pour Denis Zakaria
2026-03-11 10:57:13.923 | WARNING  | images:telecharger_toutes_images:124 - [408/2489] ❌ Denis Zakaria
2026-03-11 10:57:14.666 | WARNING  | images:telecharger_image:60 - Image vide ou erreur 403 pour Mattia Felici
2026-03-11 10:57:14.668 | WARNING  | images:telecharger_toutes_images:124 - [409/2489] ❌ Mattia Felici
2026-03-11 10:57:15.368 | WARNING  | images:telecharger_image:60 - Image vide ou erreur 403 pour Javier Llabrés
2026-03-11 10:57:15.368 | WARNING  | images:telecharger_image:60 - Image vide ou erreur 403 pour Leandro Trossard
2026-03-11 10:57:15.370 | WARNING  | images:telecharger_toutes_images:124 - [410/2489] ❌ Javier Llabrés
2026-03-11 10:57:15.372 | WARNING  | images:telecharger_toutes_images:124 - [411/2489] ❌ Leandro Trossard
2026-03-11 10:57:15.666 | WARNING  | images:telecharger_image:60 - Image vide ou erreur 403 pour Jorge de Frutos
2026-03-11 10:57:15.668 | WARNING  | images:telecharger_toutes_images:124 - [412/2489] ❌ Jorge de Frutos
2026-03-11 10:57:15.675 | WARNING  | images:telecharger_image:60 - Image vide ou erreur 403 pour Stefan Džodić
2026-03-11 10:57:15.677 | WARNING  | images:telecharger_toutes_images:124 - [413/2489] ❌ Stefan Džodić
2026-03-11 10:57:15.908 | WARNING  | images:telecharger_image:60 - Image vide ou erreur 403 pour Sead Kolašinac
2026-03-11 10:57:15.913 | WARNING  | images:telecharger_toutes_images:124 - [414/2489] ❌ Sead Kolašinac
2026-03-11 10:57:18.450 | WARNING  | images:telecharger_image:60 - Image vide ou erreur 403 pour Yann Aurel Bisseck
2026-03-11 10:57:18.451 | WARNING  | images:telecharger_image:60 - Image vide ou erreur 403 pour Sammie Szmodics
2026-03-11 10:57:18.454 | WARNING  | images:telecharger_toutes_images:124 - [415/2489] ❌ Yann Aurel Bisseck
2026-03-11 10:57:18.458 | WARNING  | images:telecharger_toutes_images:124 - [416/2489] ❌ Sammie Szmodics
2026-03-11 10:57:18.475 | WARNING  | images:telecharger_image:60 - Image vide ou erreur 403 pour Rasmus Kristensen
2026-03-11 10:57:18.475 | WARNING  | images:telecharger_image:60 - Image vide ou erreur 403 pour Stefan Schimmer
2026-03-11 10:57:18.479 | WARNING  | images:telecharger_toutes_images:124 - [417/2489] ❌ Rasmus Kristensen
2026-03-11 10:57:18.485 | WARNING  | images:telecharger_toutes_images:124 - [418/2489] ❌ Stefan Schimmer
2026-03-11 10:57:20.055 | WARNING  | images:telecharger_image:60 - Image vide ou erreur 403 pour Gabriel Suazo
2026-03-11 10:57:20.058 | WARNING  | images:telecharger_toutes_images:124 - [419/2489] ❌ Gabriel Suazo
2026-03-11 10:57:20.862 | WARNING  | images:telecharger_image:60 - Image vide ou erreur 403 pour Will Alves
2026-03-11 10:57:20.865 | WARNING  | images:telecharger_image:60 - Image vide ou erreur 403 pour Juan Herzog
2026-03-11 10:57:20.863 | WARNING  | images:telecharger_image:60 - Image vide ou erreur 403 pour Leon Bailey
2026-03-11 10:57:20.865 | WARNING  | images:telecharger_image:60 - Image vide ou erreur 403 pour Chema
2026-03-11 10:57:20.870 | WARNING  | images:telecharger_toutes_images:124 - [420/2489] ❌ Will Alves
2026-03-11 10:57:20.895 | WARNING  | images:telecharger_toutes_images:124 - [421/2489] ❌ Juan Herzog
2026-03-11 10:57:20.897 | WARNING  | images:telecharger_toutes_images:124 - [422/2489] ❌ Leon Bailey
2026-03-11 10:57:20.900 | WARNING  | images:telecharger_toutes_images:124 - [423/2489] ❌ Chema
2026-03-11 10:57:21.984 | WARNING  | images:telecharger_image:60 - Image vide ou erreur 403 pour Ross Barkley
2026-03-11 10:57:21.985 | WARNING  | images:telecharger_toutes_images:124 - [424/2489] ❌ Ross Barkley
2026-03-11 10:57:22.964 | WARNING  | images:telecharger_image:60 - Image vide ou erreur 403 pour Dominik Javorček
2026-03-11 10:57:22.965 | WARNING  | images:telecharger_image:60 - Image vide ou erreur 403 pour Nathan Butler-Oyedeji
2026-03-11 10:57:22.965 | WARNING  | images:telecharger_image:60 - Image vide ou erreur 403 pour Enzo Boyomo
2026-03-11 10:57:22.966 | WARNING  | images:telecharger_toutes_images:124 - [425/2489] ❌ Dominik Javorček
2026-03-11 10:57:22.970 | WARNING  | images:telecharger_toutes_images:124 - [426/2489] ❌ Nathan Butler-Oyedeji
2026-03-11 10:57:22.970 | WARNING  | images:telecharger_toutes_images:124 - [427/2489] ❌ Enzo Boyomo
2026-03-11 10:57:24.419 | WARNING  | images:telecharger_image:60 - Image vide ou erreur 403 pour Martin Dúbravka
2026-03-11 10:57:24.421 | WARNING  | images:telecharger_toutes_images:124 - [428/2489] ❌ Martin Dúbravka
2026-03-11 10:57:24.452 | WARNING  | images:telecharger_image:60 - Image vide ou erreur 403 pour Nacho Vidal
2026-03-11 10:57:24.456 | WARNING  | images:telecharger_toutes_images:124 - [429/2489] ❌ Nacho Vidal
2026-03-11 10:57:25.145 | WARNING  | images:telecharger_image:60 - Image vide ou erreur 403 pour Tajon Buchanan
2026-03-11 10:57:25.148 | WARNING  | images:telecharger_toutes_images:124 - [430/2489] ❌ Tajon Buchanan
2026-03-11 10:57:25.151 | WARNING  | images:telecharger_image:60 - Image vide ou erreur 403 pour Vitinha
2026-03-11 10:57:25.153 | WARNING  | images:telecharger_toutes_images:124 - [431/2489] ❌ Vitinha
2026-03-11 10:57:25.263 | WARNING  | images:telecharger_image:60 - Image vide ou erreur 403 pour Hugo Sotelo
2026-03-11 10:57:25.265 | WARNING  | images:telecharger_toutes_images:124 - [432/2489] ❌ Hugo Sotelo
2026-03-11 10:57:26.037 | WARNING  | images:telecharger_image:60 - Image vide ou erreur 403 pour Alessandro Zanoli
2026-03-11 10:57:26.040 | WARNING  | images:telecharger_toutes_images:124 - [433/2489] ❌ Alessandro Zanoli
2026-03-11 10:57:26.040 | WARNING  | images:telecharger_image:60 - Image vide ou erreur 403 pour Angelo Stiller
2026-03-11 10:57:26.042 | WARNING  | images:telecharger_toutes_images:124 - [434/2489] ❌ Angelo Stiller
2026-03-11 10:57:26.725 | WARNING  | images:telecharger_image:60 - Image vide ou erreur 403 pour Gianluca Gaetano
2026-03-11 10:57:26.727 | WARNING  | images:telecharger_toutes_images:124 - [435/2489] ❌ Gianluca Gaetano
2026-03-11 10:57:26.729 | WARNING  | images:telecharger_image:60 - Image vide ou erreur 403 pour Peio Canales
2026-03-11 10:57:26.732 | WARNING  | images:telecharger_toutes_images:124 - [436/2489] ❌ Peio Canales
2026-03-11 10:57:27.240 | WARNING  | images:telecharger_image:60 - Image vide ou erreur 403 pour Hans Hateboer
2026-03-11 10:57:27.242 | WARNING  | images:telecharger_toutes_images:124 - [437/2489] ❌ Hans Hateboer
2026-03-11 10:57:28.074 | WARNING  | images:telecharger_image:60 - Image vide ou erreur 403 pour Luca Pellegrini
2026-03-11 10:57:28.078 | WARNING  | images:telecharger_toutes_images:124 - [438/2489] ❌ Luca Pellegrini
2026-03-11 10:57:28.096 | WARNING  | images:telecharger_image:60 - Image vide ou erreur 403 pour Rodrigo Bentancur
2026-03-11 10:57:28.099 | WARNING  | images:telecharger_toutes_images:124 - [439/2489] ❌ Rodrigo Bentancur
2026-03-11 10:57:28.887 | WARNING  | images:telecharger_image:60 - Image vide ou erreur 403 pour Cher Ndour
2026-03-11 10:57:28.888 | WARNING  | images:telecharger_image:60 - Image vide ou erreur 403 pour Igor Miladinović
2026-03-11 10:57:28.889 | WARNING  | images:telecharger_toutes_images:124 - [440/2489] ❌ Cher Ndour
2026-03-11 10:57:28.893 | WARNING  | images:telecharger_toutes_images:124 - [441/2489] ❌ Igor Miladinović
2026-03-11 10:57:29.488 | WARNING  | images:telecharger_image:60 - Image vide ou erreur 403 pour Edimilson Fernandes
2026-03-11 10:57:29.490 | WARNING  | images:telecharger_toutes_images:124 - [442/2489] ❌ Edimilson Fernandes
2026-03-11 10:57:29.777 | WARNING  | images:telecharger_image:60 - Image vide ou erreur 403 pour Ederson
2026-03-11 10:57:29.779 | WARNING  | images:telecharger_toutes_images:124 - [443/2489] ❌ Ederson
2026-03-11 10:57:29.790 | WARNING  | images:telecharger_image:60 - Image vide ou erreur 403 pour Eliesse Ben Seghir
2026-03-11 10:57:29.795 | WARNING  | images:telecharger_toutes_images:124 - [444/2489] ❌ Eliesse Ben Seghir
2026-03-11 10:57:30.366 | WARNING  | images:telecharger_image:60 - Image vide ou erreur 403 pour Thomas Müller
2026-03-11 10:57:30.368 | WARNING  | images:telecharger_toutes_images:124 - [445/2489] ❌ Thomas Müller
2026-03-11 10:57:31.073 | WARNING  | images:telecharger_image:60 - Image vide ou erreur 403 pour Fabien Centonze
2026-03-11 10:57:31.077 | WARNING  | images:telecharger_toutes_images:124 - [446/2489] ❌ Fabien Centonze
2026-03-11 10:57:31.320 | WARNING  | images:telecharger_image:60 - Image vide ou erreur 403 pour Pedro
2026-03-11 10:57:31.322 | WARNING  | images:telecharger_toutes_images:124 - [447/2489] ❌ Pedro
2026-03-11 10:57:31.814 | WARNING  | images:telecharger_image:60 - Image vide ou erreur 403 pour Tommaso Augello
2026-03-11 10:57:31.815 | WARNING  | images:telecharger_toutes_images:124 - [448/2489] ❌ Tommaso Augello
2026-03-11 10:57:32.089 | WARNING  | images:telecharger_image:60 - Image vide ou erreur 403 pour Fali Candé
2026-03-11 10:57:32.092 | WARNING  | images:telecharger_toutes_images:124 - [449/2489] ❌ Fali Candé
2026-03-11 10:57:32.205 | WARNING  | images:telecharger_image:60 - Image vide ou erreur 403 pour Lucas Gourna-Douath
2026-03-11 10:57:32.208 | WARNING  | images:telecharger_toutes_images:124 - [450/2489] ❌ Lucas Gourna-Douath
2026-03-11 10:57:32.924 | WARNING  | images:telecharger_image:60 - Image vide ou erreur 403 pour Timo Horn
2026-03-11 10:57:32.927 | WARNING  | images:telecharger_toutes_images:124 - [451/2489] ❌ Timo Horn
2026-03-11 10:57:33.287 | WARNING  | images:telecharger_image:60 - Image vide ou erreur 403 pour Marco Bizot
2026-03-11 10:57:33.291 | WARNING  | images:telecharger_toutes_images:124 - [452/2489] ❌ Marco Bizot
2026-03-11 10:57:33.400 | WARNING  | images:telecharger_image:60 - Image vide ou erreur 403 pour Ferland Mendy
2026-03-11 10:57:33.402 | WARNING  | images:telecharger_toutes_images:124 - [453/2489] ❌ Ferland Mendy
2026-03-11 10:57:34.081 | WARNING  | images:telecharger_image:60 - Image vide ou erreur 403 pour Jeremy Agbonifo
2026-03-11 10:57:34.083 | WARNING  | images:telecharger_toutes_images:124 - [454/2489] ❌ Jeremy Agbonifo
2026-03-11 10:57:34.198 | WARNING  | images:telecharger_image:60 - Image vide ou erreur 403 pour Moise Kean
2026-03-11 10:57:34.200 | WARNING  | images:telecharger_toutes_images:124 - [455/2489] ❌ Moise Kean
2026-03-11 10:57:34.567 | WARNING  | images:telecharger_image:60 - Image vide ou erreur 403 pour Olasagasti
2026-03-11 10:57:34.569 | WARNING  | images:telecharger_toutes_images:124 - [456/2489] ❌ Olasagasti
2026-03-11 10:57:35.065 | WARNING  | images:telecharger_image:60 - Image vide ou erreur 403 pour Francisco Perez
2026-03-11 10:57:35.068 | WARNING  | images:telecharger_toutes_images:124 - [457/2489] ❌ Francisco Perez
2026-03-11 10:57:35.714 | WARNING  | images:telecharger_image:60 - Image vide ou erreur 403 pour Aristide Zossou
2026-03-11 10:57:35.716 | WARNING  | images:telecharger_toutes_images:124 - [458/2489] ❌ Aristide Zossou
2026-03-11 10:57:35.718 | WARNING  | images:telecharger_image:60 - Image vide ou erreur 403 pour Mathias Honsak
2026-03-11 10:57:35.720 | WARNING  | images:telecharger_toutes_images:124 - [459/2489] ❌ Mathias Honsak
2026-03-11 10:57:36.351 | WARNING  | images:telecharger_image:60 - Image vide ou erreur 403 pour Ruben Aguilar
2026-03-11 10:57:36.353 | WARNING  | images:telecharger_toutes_images:124 - [460/2489] ❌ Ruben Aguilar
2026-03-11 10:57:36.377 | WARNING  | images:telecharger_image:60 - Image vide ou erreur 403 pour Wylan Cyprien
2026-03-11 10:57:36.381 | WARNING  | images:telecharger_toutes_images:124 - [461/2489] ❌ Wylan Cyprien
2026-03-11 10:57:37.525 | WARNING  | images:telecharger_image:60 - Image vide ou erreur 403 pour Samuel Mbangula
2026-03-11 10:57:37.528 | WARNING  | images:telecharger_toutes_images:124 - [462/2489] ❌ Samuel Mbangula
2026-03-11 10:57:37.580 | WARNING  | images:telecharger_image:60 - Image vide ou erreur 403 pour Oscar Højlund
2026-03-11 10:57:37.582 | WARNING  | images:telecharger_toutes_images:124 - [463/2489] ❌ Oscar Højlund
2026-03-11 10:57:37.990 | WARNING  | images:telecharger_image:60 - Image vide ou erreur 403 pour Alejandro Francés
2026-03-11 10:57:37.993 | WARNING  | images:telecharger_toutes_images:124 - [464/2489] ❌ Alejandro Francés
2026-03-11 10:57:38.041 | WARNING  | images:telecharger_image:60 - Image vide ou erreur 403 pour Richie Sagrado
2026-03-11 10:57:38.044 | WARNING  | images:telecharger_toutes_images:124 - [465/2489] ❌ Richie Sagrado
2026-03-11 10:57:38.096 | WARNING  | images:telecharger_image:60 - Image vide ou erreur 403 pour Craig Dawson
2026-03-11 10:57:38.099 | WARNING  | images:telecharger_toutes_images:124 - [466/2489] ❌ Craig Dawson
2026-03-11 10:57:39.420 | WARNING  | images:telecharger_image:60 - Image vide ou erreur 403 pour Alessio Romagnoli
2026-03-11 10:57:39.423 | WARNING  | images:telecharger_toutes_images:124 - [467/2489] ❌ Alessio Romagnoli
2026-03-11 10:57:40.129 | WARNING  | images:telecharger_image:60 - Image vide ou erreur 403 pour Lucas Martínez Quarta
2026-03-11 10:57:40.130 | WARNING  | images:telecharger_toutes_images:124 - [468/2489] ❌ Lucas Martínez Quarta
2026-03-11 10:57:40.167 | WARNING  | images:telecharger_image:60 - Image vide ou erreur 403 pour Bernardo Silva
2026-03-11 10:57:40.170 | WARNING  | images:telecharger_toutes_images:124 - [469/2489] ❌ Bernardo Silva
2026-03-11 10:57:40.173 | WARNING  | images:telecharger_image:60 - Image vide ou erreur 403 pour Harvey Barnes
2026-03-11 10:57:40.179 | WARNING  | images:telecharger_toutes_images:124 - [470/2489] ❌ Harvey Barnes
2026-03-11 10:57:40.395 | WARNING  | images:telecharger_image:60 - Image vide ou erreur 403 pour Yeray Álvarez
2026-03-11 10:57:40.397 | WARNING  | images:telecharger_toutes_images:124 - [471/2489] ❌ Yeray Álvarez
2026-03-11 10:57:41.805 | WARNING  | images:telecharger_image:60 - Image vide ou erreur 403 pour Mateusz Wieteska
2026-03-11 10:57:41.807 | WARNING  | images:telecharger_toutes_images:124 - [472/2489] ❌ Mateusz Wieteska
2026-03-11 10:57:41.989 | WARNING  | images:telecharger_image:60 - Image vide ou erreur 403 pour Fredrik Jensen
2026-03-11 10:57:41.991 | WARNING  | images:telecharger_toutes_images:124 - [473/2489] ❌ Fredrik Jensen
2026-03-11 10:57:42.534 | WARNING  | images:telecharger_image:60 - Image vide ou erreur 403 pour Martín Zubimendi
2026-03-11 10:57:42.540 | WARNING  | images:telecharger_toutes_images:124 - [474/2489] ❌ Martín Zubimendi
2026-03-11 10:57:42.640 | WARNING  | images:telecharger_image:60 - Image vide ou erreur 403 pour Tiago Santos
2026-03-11 10:57:42.641 | WARNING  | images:telecharger_toutes_images:124 - [475/2489] ❌ Tiago Santos
2026-03-11 10:57:42.785 | WARNING  | images:telecharger_image:60 - Image vide ou erreur 403 pour André Silva
2026-03-11 10:57:42.787 | WARNING  | images:telecharger_toutes_images:124 - [476/2489] ❌ André Silva
2026-03-11 10:57:43.287 | WARNING  | images:telecharger_image:60 - Image vide ou erreur 403 pour Jesús Navas
2026-03-11 10:57:43.292 | WARNING  | images:telecharger_toutes_images:124 - [477/2489] ❌ Jesús Navas
2026-03-11 10:57:43.530 | WARNING  | images:telecharger_image:60 - Image vide ou erreur 403 pour Daniel Peretz
2026-03-11 10:57:43.532 | WARNING  | images:telecharger_toutes_images:124 - [478/2489] ❌ Daniel Peretz
2026-03-11 10:57:43.935 | WARNING  | images:telecharger_image:60 - Image vide ou erreur 403 pour Rasmus Nicolaisen
2026-03-11 10:57:43.945 | WARNING  | images:telecharger_toutes_images:124 - [479/2489] ❌ Rasmus Nicolaisen
2026-03-11 10:57:45.110 | WARNING  | images:telecharger_image:60 - Image vide ou erreur 403 pour Nhoa Sangui
2026-03-11 10:57:45.110 | WARNING  | images:telecharger_image:60 - Image vide ou erreur 403 pour Adrian Benedyczak
2026-03-11 10:57:45.112 | WARNING  | images:telecharger_toutes_images:124 - [480/2489] ❌ Nhoa Sangui
2026-03-11 10:57:45.114 | WARNING  | images:telecharger_toutes_images:124 - [481/2489] ❌ Adrian Benedyczak
2026-03-11 10:57:45.175 | WARNING  | images:telecharger_image:60 - Image vide ou erreur 403 pour Alejo Véliz
2026-03-11 10:57:45.177 | WARNING  | images:telecharger_toutes_images:124 - [482/2489] ❌ Alejo Véliz
2026-03-11 10:57:45.181 | WARNING  | images:telecharger_image:60 - Image vide ou erreur 403 pour Nicolò Casale
2026-03-11 10:57:45.183 | WARNING  | images:telecharger_toutes_images:124 - [483/2489] ❌ Nicolò Casale
2026-03-11 10:57:45.919 | WARNING  | images:telecharger_image:60 - Image vide ou erreur 403 pour Iñigo Martínez
2026-03-11 10:57:45.923 | WARNING  | images:telecharger_toutes_images:124 - [484/2489] ❌ Iñigo Martínez
2026-03-11 10:57:46.520 | WARNING  | images:telecharger_image:60 - Image vide ou erreur 403 pour Tomás Palacios
2026-03-11 10:57:46.523 | WARNING  | images:telecharger_toutes_images:124 - [485/2489] ❌ Tomás Palacios
2026-03-11 10:57:47.200 | WARNING  | images:telecharger_image:60 - Image vide ou erreur 403 pour Andrés García
2026-03-11 10:57:47.203 | WARNING  | images:telecharger_toutes_images:124 - [486/2489] ❌ Andrés García
2026-03-11 10:57:47.309 | WARNING  | images:telecharger_image:60 - Image vide ou erreur 403 pour Bradley Locko
2026-03-11 10:57:47.312 | WARNING  | images:telecharger_toutes_images:124 - [487/2489] ❌ Bradley Locko
2026-03-11 10:57:47.500 | WARNING  | images:telecharger_image:60 - Image vide ou erreur 403 pour Enzo Caumont
2026-03-11 10:57:47.502 | WARNING  | images:telecharger_toutes_images:124 - [488/2489] ❌ Enzo Caumont
2026-03-11 10:57:48.031 | WARNING  | images:telecharger_image:60 - Image vide ou erreur 403 pour Milan Đurić
2026-03-11 10:57:48.034 | WARNING  | images:telecharger_toutes_images:124 - [489/2489] ❌ Milan Đurić
2026-03-11 10:57:48.188 | WARNING  | images:telecharger_image:60 - Image vide ou erreur 403 pour Bamba Dieng
2026-03-11 10:57:48.190 | WARNING  | images:telecharger_toutes_images:124 - [490/2489] ❌ Bamba Dieng
2026-03-11 10:57:48.864 | WARNING  | images:telecharger_image:60 - Image vide ou erreur 403 pour Enric Franquesa
2026-03-11 10:57:48.866 | WARNING  | images:telecharger_toutes_images:124 - [491/2489] ❌ Enric Franquesa
2026-03-11 10:57:49.387 | WARNING  | images:telecharger_image:60 - Image vide ou erreur 403 pour Lewis Orford
2026-03-11 10:57:49.390 | WARNING  | images:telecharger_toutes_images:124 - [492/2489] ❌ Lewis Orford
2026-03-11 10:57:49.459 | WARNING  | images:telecharger_image:60 - Image vide ou erreur 403 pour Brahim Díaz
2026-03-11 10:57:49.462 | WARNING  | images:telecharger_toutes_images:124 - [493/2489] ❌ Brahim Díaz
2026-03-11 10:57:49.751 | WARNING  | images:telecharger_image:60 - Image vide ou erreur 403 pour Jurriën Timber
2026-03-11 10:57:49.755 | WARNING  | images:telecharger_toutes_images:124 - [494/2489] ❌ Jurriën Timber
2026-03-11 10:57:50.156 | WARNING  | images:telecharger_image:60 - Image vide ou erreur 403 pour Abel Bretones
2026-03-11 10:57:50.158 | WARNING  | images:telecharger_toutes_images:124 - [495/2489] ❌ Abel Bretones
2026-03-11 10:57:50.376 | WARNING  | images:telecharger_image:60 - Image vide ou erreur 403 pour Lewis Holtby
2026-03-11 10:57:50.379 | WARNING  | images:telecharger_toutes_images:124 - [496/2489] ❌ Lewis Holtby
2026-03-11 10:57:51.265 | WARNING  | images:telecharger_image:60 - Image vide ou erreur 403 pour Jan Bednarek
2026-03-11 10:57:51.267 | WARNING  | images:telecharger_toutes_images:124 - [497/2489] ❌ Jan Bednarek
2026-03-11 10:57:51.480 | WARNING  | images:telecharger_image:60 - Image vide ou erreur 403 pour Daniel Luna
2026-03-11 10:57:51.482 | WARNING  | images:telecharger_toutes_images:124 - [498/2489] ❌ Daniel Luna
2026-03-11 10:57:52.000 | WARNING  | images:telecharger_image:60 - Image vide ou erreur 403 pour Jarell Quansah
2026-03-11 10:57:52.006 | WARNING  | images:telecharger_toutes_images:124 - [499/2489] ❌ Jarell Quansah
2026-03-11 10:57:52.298 | WARNING  | images:telecharger_image:60 - Image vide ou erreur 403 pour Jáder Durán
2026-03-11 10:57:52.305 | WARNING  | images:telecharger_toutes_images:124 - [500/2489] ❌ Jáder Durán
2026-03-11 10:57:52.391 | WARNING  | images:telecharger_image:60 - Image vide ou erreur 403 pour Iker Losada
2026-03-11 10:57:52.393 | WARNING  | images:telecharger_toutes_images:124 - [501/2489] ❌ Iker Losada
2026-03-11 10:57:53.364 | WARNING  | images:telecharger_image:60 - Image vide ou erreur 403 pour Fernando Calero
2026-03-11 10:57:53.367 | WARNING  | images:telecharger_toutes_images:124 - [502/2489] ❌ Fernando Calero
2026-03-11 10:57:53.596 | WARNING  | images:telecharger_image:60 - Image vide ou erreur 403 pour Simone Scuffet
2026-03-11 10:57:53.599 | WARNING  | images:telecharger_toutes_images:124 - [503/2489] ❌ Simone Scuffet
2026-03-11 10:57:54.181 | WARNING  | images:telecharger_image:60 - Image vide ou erreur 403 pour Samuel Gigot
2026-03-11 10:57:54.183 | WARNING  | images:telecharger_toutes_images:124 - [504/2489] ❌ Samuel Gigot
2026-03-11 10:57:54.485 | WARNING  | images:telecharger_image:60 - Image vide ou erreur 403 pour Mathías Olivera
2026-03-11 10:57:54.488 | WARNING  | images:telecharger_toutes_images:124 - [505/2489] ❌ Mathías Olivera
2026-03-11 10:57:54.560 | WARNING  | images:telecharger_image:60 - Image vide ou erreur 403 pour Razvan Sava
2026-03-11 10:57:54.562 | WARNING  | images:telecharger_toutes_images:124 - [506/2489] ❌ Razvan Sava
2026-03-11 10:57:55.460 | WARNING  | images:telecharger_image:60 - Image vide ou erreur 403 pour Yann Sommer
2026-03-11 10:57:55.462 | WARNING  | images:telecharger_toutes_images:124 - [507/2489] ❌ Yann Sommer
2026-03-11 10:57:55.700 | WARNING  | images:telecharger_image:60 - Image vide ou erreur 403 pour Keane Lewis-Potter
2026-03-11 10:57:55.703 | WARNING  | images:telecharger_toutes_images:124 - [508/2489] ❌ Keane Lewis-Potter
2026-03-11 10:57:55.759 | WARNING  | images:telecharger_image:60 - Image vide ou erreur 403 pour Daniel Díaz
2026-03-11 10:57:55.761 | WARNING  | images:telecharger_toutes_images:124 - [509/2489] ❌ Daniel Díaz
2026-03-11 10:57:56.074 | WARNING  | images:telecharger_image:60 - Image vide ou erreur 403 pour Víctor Meseguer
2026-03-11 10:57:56.076 | WARNING  | images:telecharger_toutes_images:124 - [510/2489] ❌ Víctor Meseguer
2026-03-11 10:57:56.589 | WARNING  | images:telecharger_image:60 - Image vide ou erreur 403 pour Kader Meïté
2026-03-11 10:57:56.591 | WARNING  | images:telecharger_toutes_images:124 - [511/2489] ❌ Kader Meïté
2026-03-11 10:57:57.420 | WARNING  | images:telecharger_image:60 - Image vide ou erreur 403 pour Jonathan Ikone
2026-03-11 10:57:57.423 | WARNING  | images:telecharger_toutes_images:124 - [512/2489] ❌ Jonathan Ikone
2026-03-11 10:57:57.439 | WARNING  | images:telecharger_image:60 - Image vide ou erreur 403 pour Kylian Mbappé
2026-03-11 10:57:57.444 | WARNING  | images:telecharger_toutes_images:124 - [513/2489] ❌ Kylian Mbappé
2026-03-11 10:57:57.715 | WARNING  | images:telecharger_image:60 - Image vide ou erreur 403 pour Frank Magri
2026-03-11 10:57:57.720 | WARNING  | images:telecharger_toutes_images:124 - [514/2489] ❌ Frank Magri
2026-03-11 10:57:57.937 | WARNING  | images:telecharger_image:60 - Image vide ou erreur 403 pour Honest Ahanor
2026-03-11 10:57:57.939 | WARNING  | images:telecharger_toutes_images:124 - [515/2489] ❌ Honest Ahanor
2026-03-11 10:57:58.769 | WARNING  | images:telecharger_image:60 - Image vide ou erreur 403 pour Malang Sarr
2026-03-11 10:57:58.771 | WARNING  | images:telecharger_toutes_images:124 - [516/2489] ❌ Malang Sarr
2026-03-11 10:57:59.663 | WARNING  | images:telecharger_image:60 - Image vide ou erreur 403 pour Joshua King
2026-03-11 10:57:59.663 | WARNING  | images:telecharger_image:60 - Image vide ou erreur 403 pour Juan Bernat
2026-03-11 10:57:59.666 | WARNING  | images:telecharger_toutes_images:124 - [517/2489] ❌ Joshua King
2026-03-11 10:57:59.668 | WARNING  | images:telecharger_toutes_images:124 - [518/2489] ❌ Juan Bernat
2026-03-11 10:57:59.887 | WARNING  | images:telecharger_image:60 - Image vide ou erreur 403 pour Nathan Broadhead
2026-03-11 10:57:59.891 | WARNING  | images:telecharger_toutes_images:124 - [519/2489] ❌ Nathan Broadhead
2026-03-11 10:57:59.961 | WARNING  | images:telecharger_image:60 - Image vide ou erreur 403 pour Ander Herrera
2026-03-11 10:57:59.973 | WARNING  | images:telecharger_toutes_images:124 - [520/2489] ❌ Ander Herrera
2026-03-11 10:58:00.602 | WARNING  | images:telecharger_image:60 - Image vide ou erreur 403 pour Maxime Bernauer
2026-03-11 10:58:00.604 | WARNING  | images:telecharger_toutes_images:124 - [521/2489] ❌ Maxime Bernauer
2026-03-11 10:58:01.327 | WARNING  | images:telecharger_image:60 - Image vide ou erreur 403 pour Shumaira Mheuka
2026-03-11 10:58:01.430 | WARNING  | images:telecharger_toutes_images:124 - [522/2489] ❌ Shumaira Mheuka
2026-03-11 10:58:01.498 | WARNING  | images:telecharger_image:60 - Image vide ou erreur 403 pour Obite N'Dicka
2026-03-11 10:58:01.501 | WARNING  | images:telecharger_toutes_images:124 - [523/2489] ❌ Obite N'Dicka
2026-03-11 10:58:02.025 | WARNING  | images:telecharger_image:60 - Image vide ou erreur 403 pour Jon Pacheco
2026-03-11 10:58:02.027 | WARNING  | images:telecharger_toutes_images:124 - [524/2489] ❌ Jon Pacheco
2026-03-11 10:58:02.129 | WARNING  | images:telecharger_image:60 - Image vide ou erreur 403 pour Christoph Baumgartner
2026-03-11 10:58:02.132 | WARNING  | images:telecharger_toutes_images:124 - [525/2489] ❌ Christoph Baumgartner
2026-03-11 10:58:02.623 | WARNING  | images:telecharger_image:60 - Image vide ou erreur 403 pour Ridle Baku
2026-03-11 10:58:02.625 | WARNING  | images:telecharger_toutes_images:124 - [526/2489] ❌ Ridle Baku
2026-03-11 10:58:03.545 | WARNING  | images:telecharger_image:60 - Image vide ou erreur 403 pour Oumar Diakité
2026-03-11 10:58:03.548 | WARNING  | images:telecharger_toutes_images:124 - [527/2489] ❌ Oumar Diakité
2026-03-11 10:58:03.551 | WARNING  | images:telecharger_image:60 - Image vide ou erreur 403 pour Alberto Marí
2026-03-11 10:58:03.553 | WARNING  | images:telecharger_toutes_images:124 - [528/2489] ❌ Alberto Marí
2026-03-11 10:58:03.632 | WARNING  | images:telecharger_image:60 - Image vide ou erreur 403 pour Ben Davies
2026-03-11 10:58:03.634 | WARNING  | images:telecharger_toutes_images:124 - [529/2489] ❌ Ben Davies
2026-03-11 10:58:04.082 | WARNING  | images:telecharger_image:60 - Image vide ou erreur 403 pour Maximilian Bauer
2026-03-11 10:58:04.084 | WARNING  | images:telecharger_toutes_images:124 - [530/2489] ❌ Maximilian Bauer
2026-03-11 10:58:04.231 | WARNING  | images:telecharger_image:60 - Image vide ou erreur 403 pour Matías Vecino
2026-03-11 10:58:04.234 | WARNING  | images:telecharger_toutes_images:124 - [531/2489] ❌ Matías Vecino
2026-03-11 10:58:04.986 | WARNING  | images:telecharger_image:60 - Image vide ou erreur 403 pour Danilo D'Ambrosio
2026-03-11 10:58:04.988 | WARNING  | images:telecharger_toutes_images:124 - [532/2489] ❌ Danilo D'Ambrosio
2026-03-11 10:58:05.438 | WARNING  | images:telecharger_image:60 - Image vide ou erreur 403 pour Warmed Omari
2026-03-11 10:58:05.440 | WARNING  | images:telecharger_toutes_images:124 - [533/2489] ❌ Warmed Omari
2026-03-11 10:58:05.658 | WARNING  | images:telecharger_image:60 - Image vide ou erreur 403 pour Nicolas Viola
2026-03-11 10:58:05.658 | WARNING  | images:telecharger_image:60 - Image vide ou erreur 403 pour Mathew Ryan
2026-03-11 10:58:05.660 | WARNING  | images:telecharger_toutes_images:124 - [534/2489] ❌ Nicolas Viola
2026-03-11 10:58:05.662 | WARNING  | images:telecharger_toutes_images:124 - [535/2489] ❌ Mathew Ryan
2026-03-11 10:58:05.735 | WARNING  | images:telecharger_image:60 - Image vide ou erreur 403 pour Nicola Zalewski
2026-03-11 10:58:05.741 | WARNING  | images:telecharger_toutes_images:124 - [536/2489] ❌ Nicola Zalewski
2026-03-11 10:58:06.491 | WARNING  | images:telecharger_image:60 - Image vide ou erreur 403 pour Pablo Barrios
2026-03-11 10:58:06.493 | WARNING  | images:telecharger_toutes_images:124 - [537/2489] ❌ Pablo Barrios
2026-03-11 10:58:07.082 | WARNING  | images:telecharger_image:60 - Image vide ou erreur 403 pour Jamie Vardy
2026-03-11 10:58:07.083 | WARNING  | images:telecharger_toutes_images:124 - [538/2489] ❌ Jamie Vardy
2026-03-11 10:58:07.165 | WARNING  | images:telecharger_image:60 - Image vide ou erreur 403 pour Marco Asensio
2026-03-11 10:58:07.167 | WARNING  | images:telecharger_toutes_images:124 - [539/2489] ❌ Marco Asensio
2026-03-11 10:58:07.697 | WARNING  | images:telecharger_image:60 - Image vide ou erreur 403 pour Evan Ferguson
2026-03-11 10:58:07.699 | WARNING  | images:telecharger_toutes_images:124 - [540/2489] ❌ Evan Ferguson
2026-03-11 10:58:07.847 | WARNING  | images:telecharger_image:60 - Image vide ou erreur 403 pour Benjamin Pavard
2026-03-11 10:58:07.849 | WARNING  | images:telecharger_toutes_images:124 - [541/2489] ❌ Benjamin Pavard
2026-03-11 10:58:08.284 | WARNING  | images:telecharger_image:60 - Image vide ou erreur 403 pour Joaquín Correa
2026-03-11 10:58:08.285 | WARNING  | images:telecharger_toutes_images:124 - [542/2489] ❌ Joaquín Correa
2026-03-11 10:58:08.609 | WARNING  | images:telecharger_image:60 - Image vide ou erreur 403 pour Álvaro djaló
2026-03-11 10:58:08.610 | WARNING  | images:telecharger_toutes_images:124 - [543/2489] ❌ Álvaro djaló
2026-03-11 10:58:09.191 | WARNING  | images:telecharger_image:60 - Image vide ou erreur 403 pour Jorginho
2026-03-11 10:58:09.193 | WARNING  | images:telecharger_toutes_images:124 - [544/2489] ❌ Jorginho
2026-03-11 10:58:09.424 | WARNING  | images:telecharger_image:60 - Image vide ou erreur 403 pour Dimitri Foulquier
2026-03-11 10:58:09.426 | WARNING  | images:telecharger_toutes_images:124 - [545/2489] ❌ Dimitri Foulquier
2026-03-11 10:58:10.460 | WARNING  | images:telecharger_image:60 - Image vide ou erreur 403 pour Ludovic Ajorque
2026-03-11 10:58:10.462 | WARNING  | images:telecharger_toutes_images:124 - [546/2489] ❌ Ludovic Ajorque
2026-03-11 10:58:11.273 | WARNING  | images:telecharger_image:60 - Image vide ou erreur 403 pour Jackson Irvine
2026-03-11 10:58:11.279 | WARNING  | images:telecharger_toutes_images:124 - [547/2489] ❌ Jackson Irvine
2026-03-11 10:58:11.287 | WARNING  | images:telecharger_image:60 - Image vide ou erreur 403 pour Damián Pizarro
2026-03-11 10:58:11.288 | WARNING  | images:telecharger_image:60 - Image vide ou erreur 403 pour Charlie Cresswell
2026-03-11 10:58:11.292 | WARNING  | images:telecharger_toutes_images:124 - [548/2489] ❌ Damián Pizarro
2026-03-11 10:58:11.299 | WARNING  | images:telecharger_toutes_images:124 - [549/2489] ❌ Charlie Cresswell
2026-03-11 10:58:11.303 | WARNING  | images:telecharger_image:60 - Image vide ou erreur 403 pour Matias Moreno
2026-03-11 10:58:11.306 | WARNING  | images:telecharger_toutes_images:124 - [550/2489] ❌ Matias Moreno
2026-03-11 10:58:13.330 | WARNING  | images:telecharger_image:60 - Image vide ou erreur 403 pour Aljoscha Kemlein
2026-03-11 10:58:13.332 | WARNING  | images:telecharger_toutes_images:124 - [551/2489] ❌ Aljoscha Kemlein
2026-03-11 10:58:13.340 | WARNING  | images:telecharger_image:60 - Image vide ou erreur 403 pour Facundo Buonanotte
2026-03-11 10:58:13.342 | WARNING  | images:telecharger_toutes_images:124 - [552/2489] ❌ Facundo Buonanotte
2026-03-11 10:58:13.361 | WARNING  | images:telecharger_image:60 - Image vide ou erreur 403 pour Jonas Martin
2026-03-11 10:58:13.365 | WARNING  | images:telecharger_toutes_images:124 - [553/2489] ❌ Jonas Martin
2026-03-11 10:58:14.070 | WARNING  | images:telecharger_image:60 - Image vide ou erreur 403 pour Aaron Ramsdale
2026-03-11 10:58:14.071 | WARNING  | images:telecharger_image:60 - Image vide ou erreur 403 pour Benjamin Siegrist
2026-03-11 10:58:14.072 | WARNING  | images:telecharger_toutes_images:124 - [554/2489] ❌ Aaron Ramsdale
2026-03-11 10:58:14.074 | WARNING  | images:telecharger_toutes_images:124 - [555/2489] ❌ Benjamin Siegrist
2026-03-11 10:58:15.350 | WARNING  | images:telecharger_image:60 - Image vide ou erreur 403 pour Ibrahima Niane
2026-03-11 10:58:15.351 | WARNING  | images:telecharger_toutes_images:124 - [556/2489] ❌ Ibrahima Niane
2026-03-11 10:58:16.395 | WARNING  | images:telecharger_image:60 - Image vide ou erreur 403 pour José Arnaiz
2026-03-11 10:58:16.398 | WARNING  | images:telecharger_toutes_images:124 - [557/2489] ❌ José Arnaiz
2026-03-11 10:58:16.400 | WARNING  | images:telecharger_image:60 - Image vide ou erreur 403 pour Oliver Baumann
2026-03-11 10:58:16.402 | WARNING  | images:telecharger_toutes_images:124 - [558/2489] ❌ Oliver Baumann
2026-03-11 10:58:16.405 | WARNING  | images:telecharger_image:60 - Image vide ou erreur 403 pour George Edmundson
2026-03-11 10:58:16.407 | WARNING  | images:telecharger_toutes_images:124 - [559/2489] ❌ George Edmundson
2026-03-11 10:58:16.467 | WARNING  | images:telecharger_image:60 - Image vide ou erreur 403 pour Raúl Asencio
2026-03-11 10:58:16.469 | WARNING  | images:telecharger_toutes_images:124 - [560/2489] ❌ Raúl Asencio
2026-03-11 10:58:17.064 | WARNING  | images:telecharger_image:60 - Image vide ou erreur 403 pour Taylor Harwood-Bellis
2026-03-11 10:58:17.067 | WARNING  | images:telecharger_toutes_images:124 - [561/2489] ❌ Taylor Harwood-Bellis
2026-03-11 10:58:18.425 | WARNING  | images:telecharger_image:60 - Image vide ou erreur 403 pour Rémy Descamps
2026-03-11 10:58:18.427 | WARNING  | images:telecharger_toutes_images:124 - [562/2489] ❌ Rémy Descamps
2026-03-11 10:58:18.431 | WARNING  | images:telecharger_image:60 - Image vide ou erreur 403 pour Jacobo Ramón
2026-03-11 10:58:18.433 | WARNING  | images:telecharger_toutes_images:124 - [563/2489] ❌ Jacobo Ramón
2026-03-11 10:58:19.460 | WARNING  | images:telecharger_image:60 - Image vide ou erreur 403 pour Nikola Krstović
2026-03-11 10:58:19.468 | WARNING  | images:telecharger_toutes_images:124 - [564/2489] ❌ Nikola Krstović
2026-03-11 10:58:19.476 | WARNING  | images:telecharger_image:60 - Image vide ou erreur 403 pour Adnan Januzaj
2026-03-11 10:58:19.476 | WARNING  | images:telecharger_image:60 - Image vide ou erreur 403 pour Georges Mikautadze
2026-03-11 10:58:19.481 | WARNING  | images:telecharger_toutes_images:124 - [565/2489] ❌ Adnan Januzaj
2026-03-11 10:58:19.486 | WARNING  | images:telecharger_toutes_images:124 - [566/2489] ❌ Georges Mikautadze
2026-03-11 10:58:19.981 | WARNING  | images:telecharger_image:60 - Image vide ou erreur 403 pour El Bilal Touré
2026-03-11 10:58:19.984 | WARNING  | images:telecharger_toutes_images:124 - [567/2489] ❌ El Bilal Touré
2026-03-11 10:58:20.437 | WARNING  | images:telecharger_image:60 - Image vide ou erreur 403 pour Nico Elvedi
2026-03-11 10:58:20.439 | WARNING  | images:telecharger_toutes_images:124 - [568/2489] ❌ Nico Elvedi
2026-03-11 10:58:21.354 | WARNING  | images:telecharger_image:60 - Image vide ou erreur 403 pour Jordan Pickford
2026-03-11 10:58:21.360 | WARNING  | images:telecharger_image:60 - Image vide ou erreur 403 pour Denzel Dumfries
2026-03-11 10:58:22.465 | WARNING  | images:telecharger_image:60 - Image vide ou erreur 403 pour Josué Casimir
2026-03-11 10:58:22.465 | WARNING  | images:telecharger_image:60 - Image vide ou erreur 403 pour Lucas Beltrán
2026-03-11 10:58:22.466 | WARNING  | images:telecharger_image:60 - Image vide ou erreur 403 pour Mats Wieffer
2026-03-11 10:58:22.863 | WARNING  | images:telecharger_image:60 - Image vide ou erreur 403 pour Fabio Chiarodia
2026-03-11 10:58:23.458 | WARNING  | images:telecharger_image:60 - Image vide ou erreur 403 pour Samuel Bamba
2026-03-11 10:58:23.666 | WARNING  | images:telecharger_image:60 - Image vide ou erreur 403 pour Gabriel Martinelli
2026-03-11 10:58:24.412 | WARNING  | images:telecharger_image:60 - Image vide ou erreur 403 pour Jean-Eudes Aholou
2026-03-11 10:58:24.938 | WARNING  | images:telecharger_image:60 - Image vide ou erreur 403 pour Dani de Wit
2026-03-11 10:58:24.938 | WARNING  | images:telecharger_image:60 - Image vide ou erreur 403 pour Arthur Melo
2026-03-11 10:58:24.942 | WARNING  | images:telecharger_image:60 - Image vide ou erreur 403 pour Jack Taylor
2026-03-11 10:58:25.327 | WARNING  | images:telecharger_image:60 - Image vide ou erreur 403 pour Ruslan Malinovskyi
2026-03-11 10:58:26.438 | WARNING  | images:telecharger_image:60 - Image vide ou erreur 403 pour Rasmus Højlund
2026-03-11 10:58:26.884 | WARNING  | images:telecharger_image:60 - Image vide ou erreur 403 pour Claudio Echeverri
2026-03-11 10:58:26.890 | WARNING  | images:telecharger_image:60 - Image vide ou erreur 403 pour Dani Carvajal
2026-03-11 10:58:26.959 | WARNING  | images:telecharger_image:60 - Image vide ou erreur 403 pour Joshua Kimmich
2026-03-11 10:58:27.338 | WARNING  | images:telecharger_image:60 - Image vide ou erreur 403 pour Álvaro Rodríguez
2026-03-11 10:58:27.852 | WARNING  | images:telecharger_image:60 - Image vide ou erreur 403 pour Isaac Palazón Camacho
2026-03-11 10:58:28.098 | WARNING  | images:telecharger_image:60 - Image vide ou erreur 403 pour Gianluca Busio
2026-03-11 10:58:28.327 | WARNING  | images:telecharger_image:60 - Image vide ou erreur 403 pour Timo Werner
2026-03-11 10:58:28.493 | WARNING  | images:telecharger_image:60 - Image vide ou erreur 403 pour Luis Díaz
2026-03-11 10:58:29.543 | WARNING  | images:telecharger_image:60 - Image vide ou erreur 403 pour Jordan Veretout
2026-03-11 10:58:29.543 | WARNING  | images:telecharger_image:60 - Image vide ou erreur 403 pour Lorenzo Pellegrini
2026-03-11 10:58:29.546 | WARNING  | images:telecharger_image:60 - Image vide ou erreur 403 pour Unai García
2026-03-11 10:58:30.131 | WARNING  | images:telecharger_image:60 - Image vide ou erreur 403 pour Carlos Alcaraz
2026-03-11 10:58:32.050 | WARNING  | images:telecharger_image:60 - Image vide ou erreur 403 pour Antonio Nusa
2026-03-11 10:58:32.616 | WARNING  | images:telecharger_image:60 - Image vide ou erreur 403 pour Valery Fernández
2026-03-11 10:58:32.621 | WARNING  | images:telecharger_image:60 - Image vide ou erreur 403 pour Stefan Lainer
2026-03-11 10:58:32.635 | WARNING  | images:telecharger_image:60 - Image vide ou erreur 403 pour Alessandro Buongiorno
2026-03-11 10:58:32.637 | WARNING  | images:telecharger_image:60 - Image vide ou erreur 403 pour Darko Brašanac
2026-03-11 10:58:34.384 | WARNING  | images:telecharger_image:60 - Image vide ou erreur 403 pour Edoardo Goldaniga
2026-03-11 10:58:34.854 | WARNING  | images:telecharger_image:60 - Image vide ou erreur 403 pour Oriol Romeu
2026-03-11 10:58:34.879 | WARNING  | images:telecharger_image:60 - Image vide ou erreur 403 pour Nick Pope
2026-03-11 10:58:34.895 | WARNING  | images:telecharger_image:60 - Image vide ou erreur 403 pour Amir Rrahmani
2026-03-11 10:58:34.895 | WARNING  | images:telecharger_image:60 - Image vide ou erreur 403 pour Adam Wharton
2026-03-11 10:58:36.028 | WARNING  | images:telecharger_image:60 - Image vide ou erreur 403 pour Raúl Albiol
2026-03-11 10:58:36.219 | WARNING  | images:telecharger_image:60 - Image vide ou erreur 403 pour Angelo Fulgini
2026-03-11 10:58:36.415 | WARNING  | images:telecharger_image:60 - Image vide ou erreur 403 pour James Abankwah
2026-03-11 10:58:38.066 | WARNING  | images:telecharger_image:60 - Image vide ou erreur 403 pour Neal Maupay
2026-03-11 10:58:38.070 | WARNING  | images:telecharger_image:60 - Image vide ou erreur 403 pour Lois Diony
2026-03-11 10:58:38.583 | WARNING  | images:telecharger_image:60 - Image vide ou erreur 403 pour Jon Guridi
2026-03-11 10:58:38.584 | WARNING  | images:telecharger_image:60 - Image vide ou erreur 403 pour Mehdi Taremi
2026-03-11 10:58:38.598 | WARNING  | images:telecharger_image:60 - Image vide ou erreur 403 pour Jeremy Monga
2026-03-11 10:58:39.939 | WARNING  | images:telecharger_image:60 - Image vide ou erreur 403 pour Djibril Sidibé
2026-03-11 10:58:39.940 | WARNING  | images:telecharger_image:60 - Image vide ou erreur 403 pour Justin Kluivert
2026-03-11 10:58:39.940 | WARNING  | images:telecharger_image:60 - Image vide ou erreur 403 pour Enrico Del Prato
2026-03-11 10:58:39.945 | WARNING  | images:telecharger_image:60 - Image vide ou erreur 403 pour Mattia Perin
2026-03-11 10:58:40.266 | WARNING  | images:telecharger_image:60 - Image vide ou erreur 403 pour Djibril Sow
2026-03-11 10:58:41.879 | WARNING  | images:telecharger_image:60 - Image vide ou erreur 403 pour Nathan Wood-Gordon
2026-03-11 10:58:41.881 | WARNING  | images:telecharger_image:60 - Image vide ou erreur 403 pour Eren Dinkçi
2026-03-11 10:58:42.357 | WARNING  | images:telecharger_image:60 - Image vide ou erreur 403 pour Jules Koundé
2026-03-11 10:58:42.365 | WARNING  | images:telecharger_image:60 - Image vide ou erreur 403 pour Yordan Osorio
2026-03-11 10:58:42.375 | WARNING  | images:telecharger_image:60 - Image vide ou erreur 403 pour Youssef Maleh
2026-03-11 10:58:44.064 | WARNING  | images:telecharger_image:60 - Image vide ou erreur 403 pour Casemiro
2026-03-11 10:58:44.875 | WARNING  | images:telecharger_image:60 - Image vide ou erreur 403 pour Darwin Núñez
2026-03-11 10:58:44.887 | WARNING  | images:telecharger_image:60 - Image vide ou erreur 403 pour Mathieu Gorgelin
2026-03-11 10:58:44.887 | WARNING  | images:telecharger_image:60 - Image vide ou erreur 403 pour Alberto costa
2026-03-11 10:58:44.899 | WARNING  | images:telecharger_image:60 - Image vide ou erreur 403 pour Jota Silva
2026-03-11 10:58:45.629 | WARNING  | images:telecharger_image:60 - Image vide ou erreur 403 pour Luka Jović
2026-03-11 10:58:45.940 | WARNING  | images:telecharger_image:60 - Image vide ou erreur 403 pour Glen Kamara
2026-03-11 10:58:46.480 | WARNING  | images:telecharger_image:60 - Image vide ou erreur 403 pour Conor Townsend
2026-03-11 10:58:46.534 | WARNING  | images:telecharger_image:60 - Image vide ou erreur 403 pour Carlos Guirao
2026-03-11 10:58:46.604 | WARNING  | images:telecharger_image:60 - Image vide ou erreur 403 pour Thomas Lemar
2026-03-11 10:58:46.761 | WARNING  | images:telecharger_image:60 - Image vide ou erreur 403 pour Simon Adingra
2026-03-11 10:58:48.196 | WARNING  | images:telecharger_image:60 - Image vide ou erreur 403 pour James Garner
2026-03-11 10:58:49.068 | WARNING  | images:telecharger_image:60 - Image vide ou erreur 403 pour Jacob Bruun Larsen
2026-03-11 10:58:49.074 | WARNING  | images:telecharger_image:60 - Image vide ou erreur 403 pour Michele Di Gregorio
2026-03-11 10:58:49.075 | WARNING  | images:telecharger_image:60 - Image vide ou erreur 403 pour Szymon Żurkowski
2026-03-11 10:58:49.076 | WARNING  | images:telecharger_image:60 - Image vide ou erreur 403 pour Suso
2026-03-11 10:58:49.963 | WARNING  | images:telecharger_image:60 - Image vide ou erreur 403 pour Stoichkov
2026-03-11 10:58:50.387 | WARNING  | images:telecharger_image:60 - Image vide ou erreur 403 pour Chris Wood
2026-03-11 10:58:50.483 | WARNING  | images:telecharger_image:60 - Image vide ou erreur 403 pour Ferrán Ruiz
2026-03-11 10:58:50.638 | WARNING  | images:telecharger_image:60 - Image vide ou erreur 403 pour Alban Lafont
2026-03-11 10:58:50.935 | WARNING  | images:telecharger_image:60 - Image vide ou erreur 403 pour Scott McKenna
2026-03-11 10:58:51.373 | WARNING  | images:telecharger_image:60 - Image vide ou erreur 403 pour Diego Conde
2026-03-11 10:58:52.660 | WARNING  | images:telecharger_image:60 - Image vide ou erreur 403 pour Aurélien Tchouaméni
2026-03-11 10:58:52.686 | WARNING  | images:telecharger_image:60 - Image vide ou erreur 403 pour Clément Lenglet
2026-03-11 10:58:52.750 | WARNING  | images:telecharger_image:60 - Image vide ou erreur 403 pour Conor Chaplin
2026-03-11 10:58:52.751 | WARNING  | images:telecharger_image:60 - Image vide ou erreur 403 pour Niclas Füllkrug
2026-03-11 10:58:52.765 | WARNING  | images:telecharger_image:60 - Image vide ou erreur 403 pour David Neres
2026-03-11 10:58:54.616 | WARNING  | images:telecharger_image:60 - Image vide ou erreur 403 pour Kalvin Phillips
2026-03-11 10:58:54.619 | WARNING  | images:telecharger_image:60 - Image vide ou erreur 403 pour Semuel Pizzignacco
2026-03-11 10:58:55.217 | WARNING  | images:telecharger_image:60 - Image vide ou erreur 403 pour Rui Modesto
2026-03-11 10:58:55.218 | WARNING  | images:telecharger_image:60 - Image vide ou erreur 403 pour Aaron Cresswell
2026-03-11 10:58:55.227 | WARNING  | images:telecharger_image:60 - Image vide ou erreur 403 pour Toby Collyer
2026-03-11 10:58:56.486 | WARNING  | images:telecharger_image:60 - Image vide ou erreur 403 pour Curtis Jones
2026-03-11 10:58:56.491 | WARNING  | images:telecharger_image:60 - Image vide ou erreur 403 pour Jan Paul van Hecke
2026-03-11 10:58:57.385 | WARNING  | images:telecharger_image:60 - Image vide ou erreur 403 pour Aaron Malouda
2026-03-11 10:58:57.388 | WARNING  | images:telecharger_image:60 - Image vide ou erreur 403 pour Karim Adeyemi
2026-03-11 10:58:57.394 | WARNING  | images:telecharger_image:60 - Image vide ou erreur 403 pour Victor Bernth Kristiansen
2026-03-11 10:58:58.437 | WARNING  | images:telecharger_image:60 - Image vide ou erreur 403 pour Antonio Blanco
2026-03-11 10:58:58.438 | WARNING  | images:telecharger_image:60 - Image vide ou erreur 403 pour Oladapo Afolayan
2026-03-11 10:58:59.049 | WARNING  | images:telecharger_image:60 - Image vide ou erreur 403 pour Keita Baldé
2026-03-11 10:58:59.515 | WARNING  | images:telecharger_image:60 - Image vide ou erreur 403 pour Yangel Herrera
2026-03-11 10:58:59.535 | WARNING  | images:telecharger_image:60 - Image vide ou erreur 403 pour Bruno Fernandes
2026-03-11 10:58:59.671 | WARNING  | images:telecharger_image:60 - Image vide ou erreur 403 pour Iker Benito
2026-03-11 10:58:59.858 | WARNING  | images:telecharger_image:60 - Image vide ou erreur 403 pour Karol Fila
2026-03-11 10:59:00.675 | WARNING  | images:telecharger_image:60 - Image vide ou erreur 403 pour Donny van de Beek
2026-03-11 10:59:00.907 | WARNING  | images:telecharger_image:60 - Image vide ou erreur 403 pour Jean-Philippe Mateta
2026-03-11 10:59:00.918 | WARNING  | images:telecharger_image:60 - Image vide ou erreur 403 pour Lucas Oliveira Rosa
2026-03-11 10:59:01.118 | WARNING  | images:telecharger_image:60 - Image vide ou erreur 403 pour Eloge Zabi
2026-03-11 10:59:01.671 | WARNING  | images:telecharger_image:60 - Image vide ou erreur 403 pour Darko Lazović
2026-03-11 10:59:02.481 | WARNING  | images:telecharger_image:60 - Image vide ou erreur 403 pour Martin Terrier
2026-03-11 10:59:02.551 | WARNING  | images:telecharger_image:60 - Image vide ou erreur 403 pour Alex Baena
2026-03-11 10:59:02.959 | WARNING  | images:telecharger_image:60 - Image vide ou erreur 403 pour Massadio Haïdara
2026-03-11 10:59:02.989 | WARNING  | images:telecharger_image:60 - Image vide ou erreur 403 pour Mohamed Kaba
2026-03-11 10:59:03.099 | WARNING  | images:telecharger_image:60 - Image vide ou erreur 403 pour Donovan Léon
2026-03-11 10:59:03.753 | WARNING  | images:telecharger_image:60 - Image vide ou erreur 403 pour Thilo Kehrer
2026-03-11 10:59:04.427 | WARNING  | images:telecharger_image:60 - Image vide ou erreur 403 pour Oleksandr Zinchenko
2026-03-11 10:59:05.041 | WARNING  | images:telecharger_image:60 - Image vide ou erreur 403 pour Jonathan Clauss
2026-03-11 10:59:05.047 | WARNING  | images:telecharger_image:60 - Image vide ou erreur 403 pour Amos Pieper
2026-03-11 10:59:05.051 | WARNING  | images:telecharger_image:60 - Image vide ou erreur 403 pour Zion Suzuki
2026-03-11 10:59:05.553 | WARNING  | images:telecharger_image:60 - Image vide ou erreur 403 pour Thomas Partey
2026-03-11 10:59:05.782 | WARNING  | images:telecharger_image:60 - Image vide ou erreur 403 pour Alfred Duncan
2026-03-11 10:59:06.403 | WARNING  | images:telecharger_image:60 - Image vide ou erreur 403 pour Thierno Barry
2026-03-11 10:59:06.569 | WARNING  | images:telecharger_image:60 - Image vide ou erreur 403 pour Seko Fofana
2026-03-11 10:59:07.509 | WARNING  | images:telecharger_image:60 - Image vide ou erreur 403 pour Kevin Schade
2026-03-11 10:59:07.510 | WARNING  | images:telecharger_image:60 - Image vide ou erreur 403 pour Alieu Fadera
2026-03-11 10:59:07.966 | WARNING  | images:telecharger_image:60 - Image vide ou erreur 403 pour Pau Torres
2026-03-11 10:59:08.037 | WARNING  | images:telecharger_image:60 - Image vide ou erreur 403 pour Stanis Idumbo
2026-03-11 10:59:08.130 | WARNING  | images:telecharger_image:60 - Image vide ou erreur 403 pour Pau Cabanes
2026-03-11 10:59:09.384 | WARNING  | images:telecharger_image:60 - Image vide ou erreur 403 pour Alois Confais
2026-03-11 10:59:09.385 | WARNING  | images:telecharger_image:60 - Image vide ou erreur 403 pour Máximo Perrone
2026-03-11 10:59:09.387 | WARNING  | images:telecharger_image:60 - Image vide ou erreur 403 pour Gabriel Vidovic
2026-03-11 10:59:09.390 | WARNING  | images:telecharger_image:60 - Image vide ou erreur 403 pour Ante Rebić
2026-03-11 10:59:10.058 | WARNING  | images:telecharger_image:60 - Image vide ou erreur 403 pour César Azpilicueta
2026-03-11 10:59:10.662 | WARNING  | images:telecharger_image:60 - Image vide ou erreur 403 pour Timo Becker
2026-03-11 10:59:10.799 | WARNING  | images:telecharger_image:60 - Image vide ou erreur 403 pour Yeremi Pino
2026-03-11 10:59:11.868 | WARNING  | images:telecharger_image:60 - Image vide ou erreur 403 pour Drissa Camara
2026-03-11 10:59:11.871 | WARNING  | images:telecharger_image:60 - Image vide ou erreur 403 pour Fabio González
2026-03-11 10:59:12.394 | WARNING  | images:telecharger_image:60 - Image vide ou erreur 403 pour Hugo Novoa
2026-03-11 10:59:12.396 | WARNING  | images:telecharger_image:60 - Image vide ou erreur 403 pour Gabriel Bares
2026-03-11 10:59:12.399 | WARNING  | images:telecharger_image:60 - Image vide ou erreur 403 pour Julien Le Cardinal
2026-03-11 10:59:14.028 | WARNING  | images:telecharger_image:60 - Image vide ou erreur 403 pour Marc Domenech
2026-03-11 10:59:14.028 | WARNING  | images:telecharger_image:60 - Image vide ou erreur 403 pour Gvidas Gineitis
2026-03-11 10:59:15.385 | WARNING  | images:telecharger_image:60 - Image vide ou erreur 403 pour Alan Matturro
2026-03-11 10:59:15.390 | WARNING  | images:telecharger_image:60 - Image vide ou erreur 403 pour Adrian Bernabe
2026-03-11 10:59:15.390 | WARNING  | images:telecharger_image:60 - Image vide ou erreur 403 pour Abdul Mumin
2026-03-11 10:59:15.976 | WARNING  | images:telecharger_image:60 - Image vide ou erreur 403 pour Gianluca Caprari
2026-03-11 10:59:15.984 | WARNING  | images:telecharger_image:60 - Image vide ou erreur 403 pour Vincenzo Grifo
2026-03-11 10:59:17.039 | WARNING  | images:telecharger_image:60 - Image vide ou erreur 403 pour Koke
2026-03-11 10:59:17.486 | WARNING  | images:telecharger_image:60 - Image vide ou erreur 403 pour Juan Soriano
2026-03-11 10:59:17.486 | WARNING  | images:telecharger_image:60 - Image vide ou erreur 403 pour Brooke Norton-Cuffy
2026-03-11 10:59:18.409 | WARNING  | images:telecharger_image:60 - Image vide ou erreur 403 pour Trevoh Chalobah
2026-03-11 10:59:18.424 | WARNING  | images:telecharger_image:60 - Image vide ou erreur 403 pour Adam Hložek
2026-03-11 11:01:38.903 | INFO     | __main__:main:69 - Initialisation de la base de données...
2026-03-11 11:01:38.905 | SUCCESS  | db:init_db:113 - Base de données initialisée avec succès
2026-03-11 11:01:38.907 | INFO     | __main__:scraper_ligue:43 - ⏭️  Premier League déjà en base — scraping ignoré
2026-03-11 11:01:38.909 | INFO     | __main__:scraper_ligue:43 - ⏭️  La Liga déjà en base — scraping ignoré
2026-03-11 11:01:38.910 | INFO     | __main__:scraper_ligue:43 - ⏭️  Serie A déjà en base — scraping ignoré
2026-03-11 11:01:38.911 | INFO     | __main__:scraper_ligue:43 - ⏭️  Ligue 1 déjà en base — scraping ignoré
2026-03-11 11:01:38.912 | INFO     | __main__:scraper_ligue:43 - ⏭️  Bundesliga déjà en base — scraping ignoré
2026-03-11 11:01:38.912 | INFO     | __main__:main:80 - Téléchargement des images joueurs...
2026-03-11 11:01:38.913 | INFO     | images:initialiser_session:36 - Initialisation session FBref pour les images...
2026-03-11 11:01:41.938 | SUCCESS  | images:initialiser_session:39 - Session FBref initialisée avec cookies
2026-03-11 11:01:41.949 | INFO     | images:telecharger_toutes_images:129 - 2489 images à télécharger avec 10 workers
2026-03-11 11:01:43.070 | WARNING  | images:telecharger_image:81 - Erreur 403 pour Hugo Larsson
2026-03-11 11:01:43.094 | WARNING  | images:telecharger_image:81 - Erreur 403 pour Robin Hack
2026-03-11 11:01:43.236 | WARNING  | images:telecharger_image:81 - Erreur 403 pour Almugera Kabar
2026-03-11 11:01:44.047 | WARNING  | images:telecharger_image:81 - Erreur 403 pour Julian Ryerson
2026-03-11 11:01:44.063 | WARNING  | images:telecharger_image:81 - Erreur 403 pour Sebastiaan Bornauw
2026-03-11 11:01:44.064 | WARNING  | images:telecharger_image:81 - Erreur 403 pour Mikey Moore
2026-03-11 11:01:44.063 | WARNING  | images:telecharger_image:81 - Erreur 403 pour Alfie Pond
2026-03-11 11:01:44.065 | WARNING  | images:telecharger_image:81 - Erreur 403 pour Florian Micheler
2026-03-11 11:01:44.064 | WARNING  | images:telecharger_image:81 - Erreur 403 pour Carl Johansson
2026-03-11 11:01:44.408 | WARNING  | images:telecharger_image:81 - Erreur 403 pour Anthony Caci
2026-03-11 11:01:49.159 | WARNING  | images:telecharger_image:81 - Erreur 403 pour Almugera Kabar
2026-03-11 11:01:49.164 | WARNING  | images:telecharger_image:81 - Erreur 403 pour Hugo Larsson
2026-03-11 11:01:49.168 | WARNING  | images:telecharger_image:81 - Erreur 403 pour Robin Hack
2026-03-11 11:01:50.032 | WARNING  | images:telecharger_image:81 - Erreur 403 pour Sebastiaan Bornauw
2026-03-11 11:01:50.036 | WARNING  | images:telecharger_image:81 - Erreur 403 pour Carl Johansson
2026-03-11 11:01:50.050 | WARNING  | images:telecharger_image:81 - Erreur 403 pour Mikey Moore
2026-03-11 11:01:50.054 | WARNING  | images:telecharger_image:81 - Erreur 403 pour Alfie Pond
2026-03-11 11:01:50.052 | WARNING  | images:telecharger_image:81 - Erreur 403 pour Julian Ryerson
2026-03-11 11:01:50.058 | WARNING  | images:telecharger_image:81 - Erreur 403 pour Florian Micheler
2026-03-11 11:01:50.075 | WARNING  | images:telecharger_image:81 - Erreur 403 pour Anthony Caci
2026-03-11 11:01:54.893 | WARNING  | images:telecharger_image:81 - Erreur 403 pour Almugera Kabar
2026-03-11 11:01:54.909 | WARNING  | images:telecharger_image:81 - Erreur 403 pour Hugo Larsson
2026-03-11 11:01:54.931 | WARNING  | images:telecharger_image:81 - Erreur 403 pour Robin Hack
2026-03-11 11:02:15.467 | INFO     | __main__:main:69 - Initialisation de la base de données...
2026-03-11 11:02:15.468 | SUCCESS  | db:init_db:113 - Base de données initialisée avec succès
2026-03-11 11:02:15.470 | INFO     | __main__:scraper_ligue:43 - ⏭️  Premier League déjà en base — scraping ignoré
2026-03-11 11:02:15.471 | INFO     | __main__:scraper_ligue:43 - ⏭️  La Liga déjà en base — scraping ignoré
2026-03-11 11:02:15.471 | INFO     | __main__:scraper_ligue:43 - ⏭️  Serie A déjà en base — scraping ignoré
2026-03-11 11:02:15.472 | INFO     | __main__:scraper_ligue:43 - ⏭️  Ligue 1 déjà en base — scraping ignoré
2026-03-11 11:02:15.473 | INFO     | __main__:scraper_ligue:43 - ⏭️  Bundesliga déjà en base — scraping ignoré
2026-03-11 11:02:15.473 | INFO     | __main__:main:80 - Téléchargement des images joueurs...
2026-03-11 11:02:15.474 | INFO     | images:initialiser_session:36 - Initialisation session FBref pour les images...
2026-03-11 11:02:18.401 | SUCCESS  | images:initialiser_session:39 - Session FBref initialisée avec cookies
2026-03-11 11:02:18.408 | INFO     | images:telecharger_toutes_images:129 - 2489 images à télécharger avec 8 workers
2026-03-11 11:02:19.533 | WARNING  | images:telecharger_image:81 - Erreur 403 pour Florian Micheler
2026-03-11 11:02:20.012 | WARNING  | images:telecharger_image:81 - Erreur 403 pour Almugera Kabar
2026-03-11 11:02:20.017 | WARNING  | images:telecharger_image:81 - Erreur 403 pour Anthony Caci
2026-03-11 11:02:20.388 | WARNING  | images:telecharger_image:81 - Erreur 403 pour Robin Hack
2026-03-11 11:02:20.432 | WARNING  | images:telecharger_image:81 - Erreur 403 pour Mikey Moore
2026-03-11 11:02:20.543 | WARNING  | images:telecharger_image:81 - Erreur 403 pour Sebastiaan Bornauw
2026-03-11 11:02:20.559 | WARNING  | images:telecharger_image:81 - Erreur 403 pour Hugo Larsson
2026-03-11 11:02:20.566 | WARNING  | images:telecharger_image:81 - Erreur 403 pour Julian Ryerson
2026-03-11 11:02:25.084 | WARNING  | images:telecharger_image:81 - Erreur 403 pour Florian Micheler
2026-03-11 11:02:25.572 | WARNING  | images:telecharger_image:81 - Erreur 403 pour Anthony Caci
2026-03-11 11:02:25.602 | WARNING  | images:telecharger_image:81 - Erreur 403 pour Almugera Kabar
2026-03-11 11:02:26.089 | WARNING  | images:telecharger_image:81 - Erreur 403 pour Robin Hack
2026-03-11 11:02:26.096 | WARNING  | images:telecharger_image:81 - Erreur 403 pour Mikey Moore
2026-03-11 11:02:53.839 | INFO     | __main__:main:69 - Initialisation de la base de données...
2026-03-11 11:02:53.841 | SUCCESS  | db:init_db:113 - Base de données initialisée avec succès
2026-03-11 11:02:53.842 | INFO     | __main__:scraper_ligue:43 - ⏭️  Premier League déjà en base — scraping ignoré
2026-03-11 11:02:53.843 | INFO     | __main__:scraper_ligue:43 - ⏭️  La Liga déjà en base — scraping ignoré
2026-03-11 11:02:53.844 | INFO     | __main__:scraper_ligue:43 - ⏭️  Serie A déjà en base — scraping ignoré
2026-03-11 11:02:53.845 | INFO     | __main__:scraper_ligue:43 - ⏭️  Ligue 1 déjà en base — scraping ignoré
2026-03-11 11:02:53.846 | INFO     | __main__:scraper_ligue:43 - ⏭️  Bundesliga déjà en base — scraping ignoré
2026-03-11 11:02:53.847 | INFO     | __main__:main:80 - Téléchargement des images joueurs...
2026-03-11 11:02:53.848 | INFO     | images:initialiser_session:36 - Initialisation session FBref pour les images...
2026-03-11 11:02:56.843 | SUCCESS  | images:initialiser_session:39 - Session FBref initialisée avec cookies
2026-03-11 11:02:56.850 | INFO     | images:telecharger_toutes_images:129 - 2489 images à télécharger avec 5 workers
2026-03-11 11:02:58.268 | WARNING  | images:telecharger_image:81 - Erreur 403 pour Anthony Caci
2026-03-11 11:02:59.021 | WARNING  | images:telecharger_image:81 - Erreur 403 pour Julian Ryerson
2026-03-11 11:02:59.030 | WARNING  | images:telecharger_image:81 - Erreur 403 pour Florian Micheler
2026-03-11 11:02:59.031 | WARNING  | images:telecharger_image:81 - Erreur 403 pour Hugo Larsson
2026-03-11 11:02:59.033 | WARNING  | images:telecharger_image:81 - Erreur 403 pour Mikey Moore
2026-03-11 11:03:16.820 | INFO     | __main__:main:69 - Initialisation de la base de données...
2026-03-11 11:03:16.822 | SUCCESS  | db:init_db:113 - Base de données initialisée avec succès
2026-03-11 11:03:16.823 | INFO     | __main__:scraper_ligue:43 - ⏭️  Premier League déjà en base — scraping ignoré
2026-03-11 11:03:16.824 | INFO     | __main__:scraper_ligue:43 - ⏭️  La Liga déjà en base — scraping ignoré
2026-03-11 11:03:16.825 | INFO     | __main__:scraper_ligue:43 - ⏭️  Serie A déjà en base — scraping ignoré
2026-03-11 11:03:16.826 | INFO     | __main__:scraper_ligue:43 - ⏭️  Ligue 1 déjà en base — scraping ignoré
2026-03-11 11:03:16.827 | INFO     | __main__:scraper_ligue:43 - ⏭️  Bundesliga déjà en base — scraping ignoré
2026-03-11 11:03:16.827 | INFO     | __main__:main:80 - Téléchargement des images joueurs...
2026-03-11 11:03:16.828 | INFO     | images:initialiser_session:36 - Initialisation session FBref pour les images...
2026-03-11 11:03:19.464 | SUCCESS  | images:initialiser_session:39 - Session FBref initialisée avec cookies
2026-03-11 11:03:19.471 | INFO     | images:telecharger_toutes_images:129 - 2489 images à télécharger avec 3 workers
2026-03-11 11:03:20.999 | WARNING  | images:telecharger_image:81 - Erreur 403 pour Julian Ryerson
2026-03-11 11:03:21.015 | WARNING  | images:telecharger_image:81 - Erreur 403 pour Florian Micheler
2026-03-11 11:03:21.515 | WARNING  | images:telecharger_image:81 - Erreur 403 pour Mikey Moore
2026-03-11 11:03:26.760 | WARNING  | images:telecharger_image:81 - Erreur 403 pour Florian Micheler
2026-03-11 11:03:26.771 | WARNING  | images:telecharger_image:81 - Erreur 403 pour Julian Ryerson
2026-03-11 11:03:27.053 | WARNING  | images:telecharger_image:81 - Erreur 403 pour Mikey Moore
2026-03-11 11:05:27.301 | INFO     | __main__:main:69 - Initialisation de la base de données...
2026-03-11 11:05:27.304 | SUCCESS  | db:init_db:113 - Base de données initialisée avec succès
2026-03-11 11:05:27.305 | INFO     | __main__:scraper_ligue:43 - ⏭️  Premier League déjà en base — scraping ignoré
2026-03-11 11:05:27.306 | INFO     | __main__:scraper_ligue:43 - ⏭️  La Liga déjà en base — scraping ignoré
2026-03-11 11:05:27.307 | INFO     | __main__:scraper_ligue:43 - ⏭️  Serie A déjà en base — scraping ignoré
2026-03-11 11:05:27.308 | INFO     | __main__:scraper_ligue:43 - ⏭️  Ligue 1 déjà en base — scraping ignoré
2026-03-11 11:05:27.309 | INFO     | __main__:scraper_ligue:43 - ⏭️  Bundesliga déjà en base — scraping ignoré
2026-03-11 11:05:27.310 | INFO     | __main__:main:80 - Téléchargement des images joueurs...
2026-03-11 11:05:27.317 | INFO     | images:telecharger_toutes_images:106 - 2489 images à télécharger
2026-03-11 11:05:27.318 | INFO     | images:telecharger_toutes_images:109 - [1/2489] Téléchargement : Florian Micheler
2026-03-11 11:05:39.268 | INFO     | images:telecharger_toutes_images:109 - [2/2489] Téléchargement : Mikey Moore
2026-03-11 11:05:48.225 | INFO     | images:telecharger_toutes_images:109 - [3/2489] Téléchargement : Julian Ryerson
2026-03-11 11:05:59.007 | SUCCESS  | images:telecharger_image:67 - ✅ Image sauvegardée : 009a4f60_julian_ryerson.jpg
2026-03-11 11:05:59.343 | INFO     | images:telecharger_toutes_images:109 - [4/2489] Téléchargement : Hugo Larsson
2026-03-11 11:06:07.843 | SUCCESS  | images:telecharger_image:67 - ✅ Image sauvegardée : 00c9a283_hugo_larsson.jpg
2026-03-11 11:06:08.126 | INFO     | images:telecharger_toutes_images:109 - [5/2489] Téléchargement : Anthony Caci
2026-03-11 11:06:16.486 | SUCCESS  | images:telecharger_image:67 - ✅ Image sauvegardée : 0118c54c_anthony_caci.jpg
2026-03-11 11:06:17.063 | INFO     | images:telecharger_toutes_images:109 - [6/2489] Téléchargement : Robin Hack
2026-03-11 11:06:26.031 | SUCCESS  | images:telecharger_image:67 - ✅ Image sauvegardée : 0174ba21_robin_hack.jpg
2026-03-11 11:06:26.510 | INFO     | images:telecharger_toutes_images:109 - [7/2489] Téléchargement : Sebastiaan Bornauw
2026-03-11 11:06:36.976 | SUCCESS  | images:telecharger_image:67 - ✅ Image sauvegardée : 01834aa0_sebastiaan_bornauw.jpg
2026-03-11 11:06:37.325 | INFO     | images:telecharger_toutes_images:109 - [8/2489] Téléchargement : Almugera Kabar
2026-03-11 11:06:46.280 | SUCCESS  | images:telecharger_image:67 - ✅ Image sauvegardée : 02a10dc0_almugera_kabar.jpg
2026-03-11 11:06:46.634 | INFO     | images:telecharger_toutes_images:109 - [9/2489] Téléchargement : Carl Johansson
2026-03-11 11:06:54.723 | SUCCESS  | images:telecharger_image:67 - ✅ Image sauvegardée : 02f7a79a_carl_johansson.jpg
2026-03-11 11:06:55.029 | INFO     | images:telecharger_toutes_images:109 - [10/2489] Téléchargement : Alfie Pond
2026-03-11 11:07:03.528 | INFO     | images:telecharger_toutes_images:109 - [11/2489] Téléchargement : Kingsley Coman
2026-03-11 11:07:12.696 | SUCCESS  | images:telecharger_image:67 - ✅ Image sauvegardée : 042e8a49_kingsley_coman.jpg
2026-03-11 11:07:12.978 | INFO     | images:telecharger_toutes_images:109 - [12/2489] Téléchargement : Philipp Treu
2026-03-11 11:07:22.742 | SUCCESS  | images:telecharger_image:67 - ✅ Image sauvegardée : 047822ad_philipp_treu.jpg
2026-03-11 11:07:23.071 | INFO     | images:telecharger_toutes_images:109 - [13/2489] Téléchargement : Raphaël Guerreiro
2026-03-11 11:07:31.577 | SUCCESS  | images:telecharger_image:67 - ✅ Image sauvegardée : 048a1cbc_raphaël_guerreiro.jpg
2026-03-11 11:07:31.877 | INFO     | images:telecharger_toutes_images:109 - [14/2489] Téléchargement : András Schäfer
2026-03-11 11:07:42.175 | SUCCESS  | images:telecharger_image:67 - ✅ Image sauvegardée : 049751d7_andrás_schäfer.jpg
2026-03-11 11:07:42.551 | INFO     | images:telecharger_toutes_images:109 - [15/2489] Téléchargement : Marius Müller
2026-03-11 11:07:53.808 | SUCCESS  | images:telecharger_image:67 - ✅ Image sauvegardée : 04ac779b_marius_müller.jpg
2026-03-11 11:07:54.158 | INFO     | images:telecharger_toutes_images:109 - [16/2489] Téléchargement : David Zec
2026-03-11 11:08:05.178 | INFO     | images:telecharger_toutes_images:109 - [17/2489] Téléchargement : Chuky san jose
2026-03-11 11:08:17.089 | INFO     | images:telecharger_toutes_images:109 - [18/2489] Téléchargement : Shiō Fukuda
2026-03-11 11:08:25.952 | SUCCESS  | images:telecharger_image:67 - ✅ Image sauvegardée : 056a8552_shiō_fukuda.jpg
2026-03-11 11:08:26.293 | INFO     | images:telecharger_toutes_images:109 - [19/2489] Téléchargement : Christopher Trimmel
2026-03-11 11:08:35.188 | SUCCESS  | images:telecharger_image:67 - ✅ Image sauvegardée : 056d2d95_christopher_trimmel.jpg
2026-03-11 11:08:35.588 | INFO     | images:telecharger_toutes_images:109 - [20/2489] Téléchargement : Arnau Rafús
2026-03-11 11:08:47.647 | INFO     | images:telecharger_toutes_images:109 - [21/2489] Téléchargement : Jonathan Burkardt
2026-03-11 11:09:23.611 | INFO     | __main__:main:69 - Initialisation de la base de données...
2026-03-11 11:09:23.614 | SUCCESS  | db:init_db:113 - Base de données initialisée avec succès
2026-03-11 11:09:23.615 | INFO     | __main__:scraper_ligue:43 - ⏭️  Premier League déjà en base — scraping ignoré
2026-03-11 11:09:23.616 | INFO     | __main__:scraper_ligue:43 - ⏭️  La Liga déjà en base — scraping ignoré
2026-03-11 11:09:23.617 | INFO     | __main__:scraper_ligue:43 - ⏭️  Serie A déjà en base — scraping ignoré
2026-03-11 11:09:23.618 | INFO     | __main__:scraper_ligue:43 - ⏭️  Ligue 1 déjà en base — scraping ignoré
2026-03-11 11:09:23.618 | INFO     | __main__:scraper_ligue:43 - ⏭️  Bundesliga déjà en base — scraping ignoré
2026-03-11 11:09:23.619 | INFO     | __main__:main:80 - Téléchargement des images joueurs...
2026-03-11 11:09:23.626 | INFO     | images:telecharger_toutes_images:42 - 2475 images à télécharger
2026-03-11 11:09:24.666 | INFO     | images:telecharger_toutes_images:65 - Initialisation session FBref...
2026-03-11 11:09:29.138 | SUCCESS  | images:telecharger_toutes_images:70 - Session FBref initialisée avec cookies
2026-03-11 11:09:29.141 | INFO     | images:telecharger_toutes_images:73 - [1/2475] Téléchargement : Florian Micheler
2026-03-11 11:09:32.272 | INFO     | images:telecharger_toutes_images:73 - [2/2475] Téléchargement : Mikey Moore
2026-03-11 11:09:35.584 | INFO     | images:telecharger_toutes_images:73 - [3/2475] Téléchargement : Alfie Pond
2026-03-11 11:09:38.064 | INFO     | images:telecharger_toutes_images:73 - [4/2475] Téléchargement : David Zec
2026-03-11 11:09:40.936 | INFO     | images:telecharger_toutes_images:73 - [5/2475] Téléchargement : Chuky san jose
2026-03-11 11:09:43.419 | INFO     | images:telecharger_toutes_images:73 - [6/2475] Téléchargement : Arnau Rafús
2026-03-11 11:09:46.456 | INFO     | images:telecharger_toutes_images:73 - [7/2475] Téléchargement : Jonathan Burkardt
2026-03-11 11:09:49.506 | SUCCESS  | images:telecharger_toutes_images:104 - ✅ Image sauvegardée : 05f99a4a_jonathan_burkardt.jpg
2026-03-11 11:09:49.548 | INFO     | images:telecharger_toutes_images:73 - [8/2475] Téléchargement : Maximilian Philipp
2026-03-11 11:09:52.439 | SUCCESS  | images:telecharger_toutes_images:104 - ✅ Image sauvegardée : 061e8e23_maximilian_philipp.jpg
2026-03-11 11:09:52.464 | INFO     | images:telecharger_toutes_images:73 - [9/2475] Téléchargement : Thiago Ojeda
2026-03-11 11:09:55.057 | INFO     | images:telecharger_toutes_images:73 - [10/2475] Téléchargement : Valentín Pezzolesi
2026-03-11 11:09:58.525 | INFO     | images:telecharger_toutes_images:73 - [11/2475] Téléchargement : Anthony Losilla
2026-03-11 11:10:01.283 | SUCCESS  | images:telecharger_toutes_images:104 - ✅ Image sauvegardée : 07c7eb0c_anthony_losilla.jpg
2026-03-11 11:10:01.316 | INFO     | images:telecharger_toutes_images:73 - [12/2475] Téléchargement : Tom Bischof
2026-03-11 11:10:04.366 | SUCCESS  | images:telecharger_toutes_images:104 - ✅ Image sauvegardée : 07d3bfec_tom_bischof.jpg
2026-03-11 11:10:04.392 | INFO     | images:telecharger_toutes_images:73 - [13/2475] Téléchargement : Phil Harres
2026-03-11 11:10:09.068 | SUCCESS  | images:telecharger_toutes_images:104 - ✅ Image sauvegardée : 07db670d_phil_harres.jpg
2026-03-11 11:10:09.090 | INFO     | images:telecharger_toutes_images:73 - [14/2475] Téléchargement : Leonidas Stergiou
2026-03-11 11:10:12.169 | SUCCESS  | images:telecharger_toutes_images:104 - ✅ Image sauvegardée : 08391d76_leonidas_stergiou.jpg
2026-03-11 11:10:12.194 | INFO     | images:telecharger_toutes_images:73 - [15/2475] Téléchargement : Alessio Iovine
2026-03-11 11:10:14.910 | INFO     | images:telecharger_toutes_images:73 - [16/2475] Téléchargement : Diadie Samassékou
2026-03-11 11:10:19.105 | SUCCESS  | images:telecharger_toutes_images:104 - ✅ Image sauvegardée : 08593525_diadie_samassékou.jpg
2026-03-11 11:10:19.154 | INFO     | images:telecharger_toutes_images:73 - [17/2475] Téléchargement : Denis Vavro
2026-03-11 11:10:22.037 | SUCCESS  | images:telecharger_toutes_images:104 - ✅ Image sauvegardée : 08990838_denis_vavro.jpg
2026-03-11 11:10:22.060 | INFO     | images:telecharger_toutes_images:73 - [18/2475] Téléchargement : Tim Drexler
2026-03-11 11:10:25.393 | SUCCESS  | images:telecharger_toutes_images:104 - ✅ Image sauvegardée : 0911b4fc_tim_drexler.jpg
2026-03-11 11:10:25.436 | INFO     | images:telecharger_toutes_images:73 - [19/2475] Téléchargement : Felix Nmecha
2026-03-11 11:10:28.232 | SUCCESS  | images:telecharger_toutes_images:104 - ✅ Image sauvegardée : 091c86e2_felix_nmecha.jpg
2026-03-11 11:10:28.264 | INFO     | images:telecharger_toutes_images:73 - [20/2475] Téléchargement : Josip Juranović
2026-03-11 11:10:31.631 | SUCCESS  | images:telecharger_toutes_images:104 - ✅ Image sauvegardée : 0a084b35_josip_juranović.jpg
2026-03-11 11:10:31.670 | INFO     | images:telecharger_toutes_images:73 - [21/2475] Téléchargement : Benjamin Henrichs
2026-03-11 11:10:34.347 | SUCCESS  | images:telecharger_toutes_images:104 - ✅ Image sauvegardée : 0a89e877_benjamin_henrichs.jpg
2026-03-11 11:10:34.378 | INFO     | images:telecharger_toutes_images:73 - [22/2475] Téléchargement : Marco Sala
2026-03-11 11:10:37.601 | INFO     | images:telecharger_toutes_images:73 - [23/2475] Téléchargement : Piero Hincapié
2026-03-11 11:10:40.460 | SUCCESS  | images:telecharger_toutes_images:104 - ✅ Image sauvegardée : 0c7a48f8_piero_hincapié.jpg
2026-03-11 11:10:40.487 | INFO     | images:telecharger_toutes_images:73 - [24/2475] Téléchargement : Norman Theuerkauf
2026-03-11 11:10:43.431 | SUCCESS  | images:telecharger_toutes_images:104 - ✅ Image sauvegardée : 0cbf4c54_norman_theuerkauf.jpg
2026-03-11 11:10:43.472 | INFO     | images:telecharger_toutes_images:73 - [25/2475] Téléchargement : Lukas Nmecha
2026-03-11 11:10:46.864 | SUCCESS  | images:telecharger_toutes_images:104 - ✅ Image sauvegardée : 0cc5f4a5_lukas_nmecha.jpg
2026-03-11 11:10:46.900 | INFO     | images:telecharger_toutes_images:73 - [26/2475] Téléchargement : Chris Führich
2026-03-11 11:10:50.326 | SUCCESS  | images:telecharger_toutes_images:104 - ✅ Image sauvegardée : 0cf778df_chris_führich.jpg
2026-03-11 11:10:50.376 | INFO     | images:telecharger_toutes_images:73 - [27/2475] Téléchargement : Seydouba Cissé
2026-03-11 11:10:53.035 | INFO     | images:telecharger_toutes_images:73 - [28/2475] Téléchargement : Alexander Schwolow
2026-03-11 11:10:56.140 | SUCCESS  | images:telecharger_toutes_images:104 - ✅ Image sauvegardée : 0d55d942_alexander_schwolow.jpg
2026-03-11 11:10:56.198 | INFO     | images:telecharger_toutes_images:73 - [29/2475] Téléchargement : Tobias Sippel
2026-03-11 11:10:59.603 | SUCCESS  | images:telecharger_toutes_images:104 - ✅ Image sauvegardée : 0d8a37c2_tobias_sippel.jpg
2026-03-11 11:10:59.691 | INFO     | images:telecharger_toutes_images:73 - [30/2475] Téléchargement : Kjell-Arik Wätjen
2026-03-11 11:11:02.858 | SUCCESS  | images:telecharger_toutes_images:104 - ✅ Image sauvegardée : 0e006cae_kjell-arik_wätjen.jpg
2026-03-11 11:11:02.902 | INFO     | images:telecharger_toutes_images:73 - [31/2475] Téléchargement : Eros Maddy
2026-03-11 11:11:05.831 | INFO     | images:telecharger_toutes_images:73 - [32/2475] Téléchargement : Senne Lynen
2026-03-11 11:11:09.035 | SUCCESS  | images:telecharger_toutes_images:104 - ✅ Image sauvegardée : 0ed60738_senne_lynen.jpg
2026-03-11 11:11:09.063 | INFO     | images:telecharger_toutes_images:73 - [33/2475] Téléchargement : Grant Ranos
2026-03-11 11:11:12.183 | SUCCESS  | images:telecharger_toutes_images:104 - ✅ Image sauvegardée : 0ee6ea6a_grant_ranos.jpg
2026-03-11 11:11:12.208 | INFO     | images:telecharger_toutes_images:73 - [34/2475] Téléchargement : Anton Stach
2026-03-11 11:11:15.531 | SUCCESS  | images:telecharger_toutes_images:104 - ✅ Image sauvegardée : 0f59a7bf_anton_stach.jpg
2026-03-11 11:11:15.559 | INFO     | images:telecharger_toutes_images:73 - [35/2475] Téléchargement : Ibrahima Sissoko
2026-03-11 11:11:18.303 | SUCCESS  | images:telecharger_toutes_images:104 - ✅ Image sauvegardée : 0f8418aa_ibrahima_sissoko.jpg
2026-03-11 11:11:18.337 | INFO     | images:telecharger_toutes_images:73 - [36/2475] Téléchargement : Dominik Kohr
2026-03-11 11:11:21.243 | SUCCESS  | images:telecharger_toutes_images:104 - ✅ Image sauvegardée : 0fbecd11_dominik_kohr.jpg
2026-03-11 11:11:21.265 | INFO     | images:telecharger_toutes_images:73 - [37/2475] Téléchargement : Max Geschwill
2026-03-11 11:11:48.553 | INFO     | __main__:main:69 - Initialisation de la base de données...
2026-03-11 11:11:48.555 | SUCCESS  | db:init_db:113 - Base de données initialisée avec succès
2026-03-11 11:11:48.556 | INFO     | __main__:scraper_ligue:43 - ⏭️  Premier League déjà en base — scraping ignoré
2026-03-11 11:11:48.557 | INFO     | __main__:scraper_ligue:43 - ⏭️  La Liga déjà en base — scraping ignoré
2026-03-11 11:11:48.558 | INFO     | __main__:scraper_ligue:43 - ⏭️  Serie A déjà en base — scraping ignoré
2026-03-11 11:11:48.559 | INFO     | __main__:scraper_ligue:43 - ⏭️  Ligue 1 déjà en base — scraping ignoré
2026-03-11 11:11:48.560 | INFO     | __main__:scraper_ligue:43 - ⏭️  Bundesliga déjà en base — scraping ignoré
2026-03-11 11:11:48.560 | INFO     | __main__:main:80 - Téléchargement des images joueurs...
2026-03-11 11:11:48.570 | INFO     | images:telecharger_toutes_images:138 - 2451 images à télécharger
2026-03-11 11:11:48.570 | INFO     | images:recuperer_cookies_fbref:26 - Récupération des cookies FBref via Playwright...
2026-03-11 11:11:50.594 | INFO     | images:recuperer_cookies_fbref:46 - Attente passage Cloudflare (30s)...
2026-03-11 11:12:20.934 | SUCCESS  | images:recuperer_cookies_fbref:56 - ✅ 9 cookies récupérés
2026-03-11 11:12:22.494 | WARNING  | images:telecharger_toutes_images:173 - [1/2451] ❌ Florian Micheler
2026-03-11 11:12:22.496 | WARNING  | images:telecharger_toutes_images:173 - [2/2451] ❌ Mikey Moore
2026-03-11 11:12:22.558 | WARNING  | images:telecharger_toutes_images:173 - [3/2451] ❌ Alfie Pond
2026-03-11 11:12:22.565 | WARNING  | images:telecharger_toutes_images:173 - [4/2451] ❌ David Zec
2026-03-11 11:12:22.575 | WARNING  | images:telecharger_toutes_images:173 - [5/2451] ❌ Chuky san jose
2026-03-11 11:12:24.459 | WARNING  | images:telecharger_toutes_images:173 - [6/2451] ❌ Alessio Iovine
2026-03-11 11:12:24.511 | WARNING  | images:telecharger_toutes_images:173 - [7/2451] ❌ Marco Sala
2026-03-11 11:12:24.519 | WARNING  | images:telecharger_toutes_images:173 - [8/2451] ❌ Valentín Pezzolesi
2026-03-11 11:12:24.525 | WARNING  | images:telecharger_toutes_images:173 - [9/2451] ❌ Thiago Ojeda
2026-03-11 11:12:24.575 | WARNING  | images:telecharger_toutes_images:173 - [10/2451] ❌ Arnau Rafús
2026-03-11 11:12:26.864 | WARNING  | images:telecharger_toutes_images:173 - [11/2451] ❌ Eros Maddy
2026-03-11 11:12:26.916 | WARNING  | images:telecharger_toutes_images:173 - [12/2451] ❌ Seydouba Cissé
2026-03-11 11:12:26.959 | SUCCESS  | images:telecharger_toutes_images:171 - [13/2451] ✅ Jeffrey Gouweleeuw
2026-03-11 11:12:26.977 | SUCCESS  | images:telecharger_toutes_images:171 - [14/2451] ✅ Max Geschwill
2026-03-11 11:12:26.988 | SUCCESS  | images:telecharger_toutes_images:171 - [15/2451] ✅ Jamie Gittens
2026-03-11 11:12:28.361 | SUCCESS  | images:telecharger_toutes_images:171 - [16/2451] ✅ Dimitris Giannoulis
2026-03-11 11:12:28.369 | SUCCESS  | images:telecharger_toutes_images:171 - [17/2451] ✅ Aurele Amenda
2026-03-11 11:12:28.383 | SUCCESS  | images:telecharger_toutes_images:171 - [18/2451] ✅ Marvin Pieringer
2026-03-11 11:12:28.393 | SUCCESS  | images:telecharger_toutes_images:171 - [19/2451] ✅ Yannik Lührs
2026-03-11 11:12:28.705 | SUCCESS  | images:telecharger_toutes_images:171 - [20/2451] ✅ Noahkai Banks
2026-03-11 11:12:30.064 | SUCCESS  | images:telecharger_toutes_images:171 - [21/2451] ✅ Olivier Deman
2026-03-11 11:12:30.128 | WARNING  | images:telecharger_toutes_images:173 - [22/2451] ❌ Olabade Aluko
2026-03-11 11:12:30.147 | SUCCESS  | images:telecharger_toutes_images:171 - [23/2451] ✅ Nikolas Veratschnig
2026-03-11 11:12:30.157 | SUCCESS  | images:telecharger_toutes_images:171 - [24/2451] ✅ Daniel Svensson
2026-03-11 11:12:30.170 | SUCCESS  | images:telecharger_toutes_images:171 - [25/2451] ✅ Jérôme Roussillon
2026-03-11 11:12:32.539 | SUCCESS  | images:telecharger_toutes_images:171 - [26/2451] ✅ Jamie Leweling
2026-03-11 11:12:32.541 | WARNING  | images:telecharger_toutes_images:173 - [27/2451] ❌ Abdoulaye Keita
2026-03-11 11:12:32.544 | WARNING  | images:telecharger_toutes_images:173 - [28/2451] ❌ Yael Mouanga
2026-03-11 11:12:32.556 | SUCCESS  | images:telecharger_toutes_images:171 - [29/2451] ✅ Jordy Makengo
2026-03-11 11:12:32.734 | SUCCESS  | images:telecharger_toutes_images:171 - [30/2451] ✅ Salih Özcan
2026-03-11 11:12:34.557 | SUCCESS  | images:telecharger_toutes_images:171 - [31/2451] ✅ Bernardo
2026-03-11 11:12:34.577 | SUCCESS  | images:telecharger_toutes_images:171 - [32/2451] ✅ Manolis Saliakas
2026-03-11 11:12:34.580 | WARNING  | images:telecharger_toutes_images:173 - [33/2451] ❌ Marwann Nzuzi
2026-03-11 11:12:34.583 | WARNING  | images:telecharger_toutes_images:173 - [34/2451] ❌ Alessandro Gabrielloni
2026-03-11 11:12:34.583 | WARNING  | images:telecharger_toutes_images:173 - [35/2451] ❌ Maat Daniel Caprini
2026-03-11 11:12:35.647 | SUCCESS  | images:telecharger_toutes_images:171 - [36/2451] ✅ Yan Couto
2026-03-11 11:12:35.919 | SUCCESS  | images:telecharger_toutes_images:171 - [37/2451] ✅ Noah Pesch
2026-03-11 11:12:36.022 | SUCCESS  | images:telecharger_toutes_images:171 - [38/2451] ✅ Lamine Camara
2026-03-11 11:12:36.070 | SUCCESS  | images:telecharger_toutes_images:171 - [39/2451] ✅ Steve Mounié
2026-03-11 11:12:36.177 | SUCCESS  | images:telecharger_toutes_images:171 - [40/2451] ✅ Ansgar Knauff
2026-03-11 11:12:37.224 | SUCCESS  | images:telecharger_toutes_images:171 - [41/2451] ✅ Gavi
2026-03-11 11:12:37.269 | SUCCESS  | images:telecharger_toutes_images:171 - [42/2451] ✅ Jaden Philogene Bidace
2026-03-11 11:12:37.376 | SUCCESS  | images:telecharger_toutes_images:171 - [43/2451] ✅ Luis Milla
2026-03-11 11:12:37.703 | SUCCESS  | images:telecharger_toutes_images:171 - [44/2451] ✅ Pablo Rosario
2026-03-11 11:12:37.786 | SUCCESS  | images:telecharger_toutes_images:171 - [45/2451] ✅ Nasser Djiga
2026-03-11 11:12:38.493 | SUCCESS  | images:telecharger_toutes_images:171 - [46/2451] ✅ Carlo Boukhalfa
2026-03-11 11:12:38.588 | SUCCESS  | images:telecharger_toutes_images:171 - [47/2451] ✅ Ali Jasim
2026-03-11 11:12:38.775 | SUCCESS  | images:telecharger_toutes_images:171 - [48/2451] ✅ Noham Kamara
2026-03-11 11:12:39.059 | SUCCESS  | images:telecharger_toutes_images:171 - [49/2451] ✅ Elvis Rexhbeçaj
2026-03-11 11:12:39.247 | SUCCESS  | images:telecharger_toutes_images:171 - [50/2451] ✅ Jonas Föhrenbach
2026-03-11 11:12:39.993 | SUCCESS  | images:telecharger_toutes_images:171 - [51/2451] ✅ Albert Sambi Lokonga
2026-03-11 11:12:40.002 | SUCCESS  | images:telecharger_toutes_images:171 - [52/2451] ✅ Lucas Digne
2026-03-11 11:12:40.206 | SUCCESS  | images:telecharger_toutes_images:171 - [53/2451] ✅ Paul Nebel
2026-03-11 11:12:40.715 | SUCCESS  | images:telecharger_toutes_images:171 - [54/2451] ✅ Frenkie de Jong
2026-03-11 11:12:40.775 | WARNING  | images:telecharger_toutes_images:173 - [55/2451] ❌ Omari Forson
2026-03-11 11:12:41.097 | SUCCESS  | images:telecharger_toutes_images:171 - [56/2451] ✅ Christian Pulisic
2026-03-11 11:12:41.263 | SUCCESS  | images:telecharger_toutes_images:171 - [57/2451] ✅ Portu
2026-03-11 11:12:41.407 | SUCCESS  | images:telecharger_toutes_images:171 - [58/2451] ✅ Prosper Peter
2026-03-11 11:12:41.818 | WARNING  | images:telecharger_toutes_images:173 - [59/2451] ❌ Roger Hinojo
2026-03-11 11:12:42.012 | SUCCESS  | images:telecharger_toutes_images:171 - [60/2451] ✅ Bafodé Diakité
2026-03-11 11:12:42.433 | SUCCESS  | images:telecharger_toutes_images:171 - [61/2451] ✅ Declan Rice
2026-03-11 11:12:42.653 | SUCCESS  | images:telecharger_toutes_images:171 - [62/2451] ✅ Alfon
2026-03-11 11:12:42.748 | SUCCESS  | images:telecharger_toutes_images:171 - [63/2451] ✅ Roberto Piccoli
2026-03-11 11:12:42.847 | SUCCESS  | images:telecharger_toutes_images:171 - [64/2451] ✅ Andreas Christensen
2026-03-11 11:12:43.103 | WARNING  | images:telecharger_toutes_images:173 - [65/2451] ❌ Peter González
2026-03-11 11:12:43.644 | SUCCESS  | images:telecharger_toutes_images:171 - [66/2451] ✅ Dara O'Shea
2026-03-11 11:12:44.188 | SUCCESS  | images:telecharger_toutes_images:171 - [67/2451] ✅ Álvaro Odriozola
2026-03-11 11:12:44.237 | SUCCESS  | images:telecharger_toutes_images:171 - [68/2451] ✅ Steve Mandanda
2026-03-11 11:12:44.346 | SUCCESS  | images:telecharger_toutes_images:171 - [69/2451] ✅ Can Uzun
2026-03-11 11:12:44.359 | SUCCESS  | images:telecharger_toutes_images:171 - [70/2451] ✅ Marvin Senaya
2026-03-11 11:12:45.130 | SUCCESS  | images:telecharger_toutes_images:171 - [71/2451] ✅ Melvin Zinga
2026-03-11 11:12:45.284 | SUCCESS  | images:telecharger_toutes_images:171 - [72/2451] ✅ Issa Soumaré
2026-03-11 11:12:45.615 | SUCCESS  | images:telecharger_toutes_images:171 - [73/2451] ✅ Marc Cucurella
2026-03-11 11:12:45.867 | WARNING  | images:telecharger_toutes_images:173 - [74/2451] ❌ Remy Rees-Dottin
2026-03-11 11:12:45.966 | SUCCESS  | images:telecharger_toutes_images:171 - [75/2451] ✅ Kevin Vogt
2026-03-11 11:12:46.784 | SUCCESS  | images:telecharger_toutes_images:171 - [76/2451] ✅ Robert Gumny
2026-03-11 11:12:46.933 | SUCCESS  | images:telecharger_toutes_images:171 - [77/2451] ✅ Melvin Bard
2026-03-11 11:12:48.538 | SUCCESS  | images:telecharger_toutes_images:171 - [78/2451] ✅ Lasse Rosenboom
2026-03-11 11:12:48.547 | SUCCESS  | images:telecharger_toutes_images:171 - [79/2451] ✅ Lesley Ugochukwu
2026-03-11 11:12:48.557 | SUCCESS  | images:telecharger_toutes_images:171 - [80/2451] ✅ Luka Sučić
2026-03-11 11:12:49.057 | SUCCESS  | images:telecharger_toutes_images:171 - [81/2451] ✅ Moritz-Broni Kwarteng
2026-03-11 11:12:49.110 | SUCCESS  | images:telecharger_toutes_images:171 - [82/2451] ✅ Yerson Mosquera
2026-03-11 11:12:49.742 | SUCCESS  | images:telecharger_toutes_images:171 - [83/2451] ✅ Maximilian Breunig
2026-03-11 11:12:49.940 | SUCCESS  | images:telecharger_toutes_images:171 - [84/2451] ✅ Dario Essugo
2026-03-11 11:12:50.446 | SUCCESS  | images:telecharger_toutes_images:171 - [85/2451] ✅ Johann Lepenant
2026-03-11 11:12:50.692 | SUCCESS  | images:telecharger_toutes_images:171 - [86/2451] ✅ Giorgio Scalvini
2026-03-11 11:12:50.712 | SUCCESS  | images:telecharger_toutes_images:171 - [87/2451] ✅ Kandet Diawara
2026-03-11 11:12:51.501 | SUCCESS  | images:telecharger_toutes_images:171 - [88/2451] ✅ Rubén Peña
2026-03-11 11:12:51.511 | WARNING  | images:telecharger_toutes_images:173 - [89/2451] ❌ Jacob Greaves
2026-03-11 11:12:52.627 | SUCCESS  | images:telecharger_toutes_images:171 - [90/2451] ✅ Merlin Röhl
2026-03-11 11:12:52.748 | SUCCESS  | images:telecharger_toutes_images:171 - [91/2451] ✅ Marco Palestra
2026-03-11 11:12:52.818 | SUCCESS  | images:telecharger_toutes_images:171 - [92/2451] ✅ Odilon Kossounou
2026-03-11 11:12:53.395 | SUCCESS  | images:telecharger_toutes_images:171 - [93/2451] ✅ Erling Haaland
2026-03-11 11:12:53.546 | SUCCESS  | images:telecharger_toutes_images:171 - [94/2451] ✅ Beñat Prados
2026-03-11 11:12:54.475 | SUCCESS  | images:telecharger_toutes_images:171 - [95/2451] ✅ Timon Weiner
2026-03-11 11:12:54.599 | SUCCESS  | images:telecharger_toutes_images:171 - [96/2451] ✅ Frans Krätzig
2026-03-11 11:12:54.612 | SUCCESS  | images:telecharger_toutes_images:171 - [97/2451] ✅ Jens Stage
2026-03-11 11:12:54.747 | SUCCESS  | images:telecharger_toutes_images:171 - [98/2451] ✅ Willi Orban
2026-03-11 11:12:55.669 | SUCCESS  | images:telecharger_toutes_images:171 - [99/2451] ✅ Ander Barrenetxea
2026-03-11 11:12:56.379 | WARNING  | images:telecharger_toutes_images:173 - [100/2451] ❌ Alessio Cacciamani
2026-03-11 11:12:56.398 | SUCCESS  | images:telecharger_toutes_images:171 - [101/2451] ✅ Ibrahim Mbaye
2026-03-11 11:12:56.406 | SUCCESS  | images:telecharger_toutes_images:171 - [102/2451] ✅ Jakub Kamiński
2026-03-11 11:12:56.416 | SUCCESS  | images:telecharger_toutes_images:171 - [103/2451] ✅ Samuele Birindelli
2026-03-11 11:12:56.845 | SUCCESS  | images:telecharger_toutes_images:171 - [104/2451] ✅ Hiroki Ito
2026-03-11 11:12:57.664 | WARNING  | images:telecharger_toutes_images:173 - [105/2451] ❌ Aaron Ciammaglichella
2026-03-11 11:12:57.770 | SUCCESS  | images:telecharger_toutes_images:171 - [106/2451] ✅ Jonas Wind
2026-03-11 11:12:57.847 | SUCCESS  | images:telecharger_toutes_images:171 - [107/2451] ✅ Rafael Leão
2026-03-11 11:12:58.136 | SUCCESS  | images:telecharger_toutes_images:171 - [108/2451] ✅ Dennis Man
2026-03-11 11:12:58.340 | SUCCESS  | images:telecharger_toutes_images:171 - [109/2451] ✅ Nediljko Labrović
2026-03-11 11:12:58.798 | WARNING  | images:telecharger_toutes_images:173 - [110/2451] ❌ Yarek Gasiorowski
2026-03-11 11:12:59.118 | SUCCESS  | images:telecharger_toutes_images:171 - [111/2451] ✅ Nicolás Domínguez
2026-03-11 11:12:59.139 | SUCCESS  | images:telecharger_toutes_images:171 - [112/2451] ✅ Adam Smith
2026-03-11 11:12:59.500 | SUCCESS  | images:telecharger_toutes_images:171 - [113/2451] ✅ Pau López
2026-03-11 11:13:00.292 | SUCCESS  | images:telecharger_toutes_images:171 - [114/2451] ✅ Radosław Majecki
2026-03-11 11:13:00.373 | SUCCESS  | images:telecharger_toutes_images:171 - [115/2451] ✅ Facundo Garcés
2026-03-11 11:13:00.590 | SUCCESS  | images:telecharger_toutes_images:171 - [116/2451] ✅ Lamine Fomba
2026-03-11 11:13:00.666 | SUCCESS  | images:telecharger_toutes_images:171 - [117/2451] ✅ Benjamin Bourigeaud
2026-03-11 11:13:00.819 | SUCCESS  | images:telecharger_toutes_images:171 - [118/2451] ✅ Davide Calabria
2026-03-11 11:13:01.341 | SUCCESS  | images:telecharger_toutes_images:171 - [119/2451] ✅ Mikkel Damsgaard
2026-03-11 11:13:01.827 | SUCCESS  | images:telecharger_toutes_images:171 - [120/2451] ✅ Kieran Trippier
2026-03-11 11:13:02.086 | SUCCESS  | images:telecharger_toutes_images:171 - [121/2451] ✅ Sebastian Walukiewicz
2026-03-11 11:13:02.238 | SUCCESS  | images:telecharger_toutes_images:171 - [122/2451] ✅ Lazar Samardzic
2026-03-11 11:13:02.390 | SUCCESS  | images:telecharger_toutes_images:171 - [123/2451] ✅ El Chadaille Bitshiabu
2026-03-11 11:13:02.631 | WARNING  | images:telecharger_toutes_images:173 - [124/2451] ❌ Adrian Baquerin
2026-03-11 11:13:03.594 | SUCCESS  | images:telecharger_toutes_images:171 - [125/2451] ✅ Sergiu Perciun
2026-03-11 11:13:03.601 | SUCCESS  | images:telecharger_toutes_images:171 - [126/2451] ✅ Harry Kane
2026-03-11 11:13:03.670 | SUCCESS  | images:telecharger_toutes_images:171 - [127/2451] ✅ Dane Scarlett
2026-03-11 11:13:04.098 | SUCCESS  | images:telecharger_toutes_images:171 - [128/2451] ✅ Sérigné Diop
2026-03-11 11:13:04.192 | SUCCESS  | images:telecharger_toutes_images:171 - [129/2451] ✅ Stanko Jurić
2026-03-11 11:13:04.849 | SUCCESS  | images:telecharger_toutes_images:171 - [130/2451] ✅ Cristhian Stuani
2026-03-11 11:13:04.996 | SUCCESS  | images:telecharger_toutes_images:171 - [131/2451] ✅ Damián Rodríguez
2026-03-11 11:13:05.152 | SUCCESS  | images:telecharger_toutes_images:171 - [132/2451] ✅ Romano Schmid
2026-03-11 11:13:05.624 | SUCCESS  | images:telecharger_toutes_images:171 - [133/2451] ✅ Bilal Nadir
2026-03-11 11:13:05.693 | SUCCESS  | images:telecharger_toutes_images:171 - [134/2451] ✅ Luca Caldirola
2026-03-11 11:13:06.089 | SUCCESS  | images:telecharger_toutes_images:171 - [135/2451] ✅ Moritz Nicolas
2026-03-11 11:13:06.791 | SUCCESS  | images:telecharger_toutes_images:171 - [136/2451] ✅ Jordan Amavi
2026-03-11 11:13:06.799 | SUCCESS  | images:telecharger_toutes_images:171 - [137/2451] ✅ Finn Jeltsch
2026-03-11 11:13:06.972 | SUCCESS  | images:telecharger_toutes_images:171 - [138/2451] ✅ Aihen Muñoz
2026-03-11 11:13:07.092 | SUCCESS  | images:telecharger_toutes_images:171 - [139/2451] ✅ Armindo Sieb
2026-03-11 11:13:07.337 | WARNING  | images:telecharger_toutes_images:173 - [140/2451] ❌ Aboubacar Bassinga
2026-03-11 11:13:08.038 | WARNING  | images:telecharger_toutes_images:173 - [141/2451] ❌ Domen Črnigoj
2026-03-11 11:13:08.206 | SUCCESS  | images:telecharger_toutes_images:171 - [142/2451] ✅ Diego Coppola
2026-03-11 11:13:08.315 | SUCCESS  | images:telecharger_toutes_images:171 - [143/2451] ✅ Ibrahim Sulemana
2026-03-11 11:13:08.332 | SUCCESS  | images:telecharger_toutes_images:171 - [144/2451] ✅ Giovanni Di Lorenzo
2026-03-11 11:13:08.596 | SUCCESS  | images:telecharger_toutes_images:171 - [145/2451] ✅ Nathan Patterson
2026-03-11 11:13:09.294 | SUCCESS  | images:telecharger_toutes_images:171 - [146/2451] ✅ Nelson Weiper
2026-03-11 11:13:09.720 | SUCCESS  | images:telecharger_toutes_images:171 - [147/2451] ✅ Nahuel Molina
2026-03-11 11:13:09.882 | SUCCESS  | images:telecharger_toutes_images:171 - [148/2451] ✅ Ernest Nuamah
2026-03-11 11:13:09.965 | SUCCESS  | images:telecharger_toutes_images:171 - [149/2451] ✅ Joe Scally
2026-03-11 11:13:10.041 | SUCCESS  | images:telecharger_toutes_images:171 - [150/2451] ✅ Nicolás González
2026-03-11 11:13:10.517 | SUCCESS  | images:telecharger_toutes_images:171 - [151/2451] ✅ Kike Pérez
2026-03-11 11:13:10.857 | WARNING  | images:telecharger_toutes_images:173 - [152/2451] ❌ Javi Martón
2026-03-11 11:13:11.090 | SUCCESS  | images:telecharger_toutes_images:171 - [153/2451] ✅ Matty Cash
2026-03-11 11:13:11.162 | SUCCESS  | images:telecharger_toutes_images:171 - [154/2451] ✅ Ignatius Ganago
2026-03-11 11:13:11.426 | SUCCESS  | images:telecharger_toutes_images:171 - [155/2451] ✅ Carlos Romero
2026-03-11 11:13:11.905 | WARNING  | images:telecharger_toutes_images:173 - [156/2451] ❌ Mats Pannewig
2026-03-11 11:13:12.439 | SUCCESS  | images:telecharger_toutes_images:171 - [157/2451] ✅ Lutsharel Geertruida
2026-03-11 11:13:12.771 | SUCCESS  | images:telecharger_toutes_images:171 - [158/2451] ✅ Oliver Scarles
2026-03-11 11:13:13.115 | SUCCESS  | images:telecharger_toutes_images:171 - [159/2451] ✅ Boulaye Dia
2026-03-11 11:13:13.273 | SUCCESS  | images:telecharger_toutes_images:171 - [160/2451] ✅ Ola Aina
2026-03-11 11:13:13.421 | SUCCESS  | images:telecharger_toutes_images:171 - [161/2451] ✅ Andrea Cambiaso
2026-03-11 11:13:13.633 | SUCCESS  | images:telecharger_toutes_images:171 - [162/2451] ✅ Junior Sambia
2026-03-11 11:13:13.962 | SUCCESS  | images:telecharger_toutes_images:171 - [163/2451] ✅ Yoane Wissa
2026-03-11 11:13:14.308 | SUCCESS  | images:telecharger_toutes_images:171 - [164/2451] ✅ Hamzat Ojediran
2026-03-11 11:13:14.543 | SUCCESS  | images:telecharger_toutes_images:171 - [165/2451] ✅ Ezequiel Ávila
2026-03-11 11:13:14.620 | SUCCESS  | images:telecharger_toutes_images:171 - [166/2451] ✅ Strahinja Pavlović
2026-03-11 11:13:15.136 | SUCCESS  | images:telecharger_toutes_images:171 - [167/2451] ✅ Lasse Rieß
2026-03-11 11:13:15.216 | SUCCESS  | images:telecharger_toutes_images:171 - [168/2451] ✅ Tim Kleindienst
2026-03-11 11:13:15.968 | SUCCESS  | images:telecharger_toutes_images:171 - [169/2451] ✅ Jake O'Brien
2026-03-11 11:13:16.050 | SUCCESS  | images:telecharger_toutes_images:171 - [170/2451] ✅ Aimen Moueffek
2026-03-11 11:13:16.117 | SUCCESS  | images:telecharger_toutes_images:171 - [171/2451] ✅ Bernd Leno
2026-03-11 11:13:17.242 | SUCCESS  | images:telecharger_toutes_images:171 - [172/2451] ✅ Aleksandar Pavlovic
2026-03-11 11:13:17.252 | SUCCESS  | images:telecharger_toutes_images:171 - [173/2451] ✅ Goduine Koyalipou
2026-03-11 11:13:17.868 | SUCCESS  | images:telecharger_toutes_images:171 - [174/2451] ✅ Javi Puado
2026-03-11 11:13:17.918 | SUCCESS  | images:telecharger_toutes_images:171 - [175/2451] ✅ Yacine Adli
2026-03-11 11:13:17.990 | SUCCESS  | images:telecharger_toutes_images:171 - [176/2451] ✅ Wahbi Khazri
2026-03-11 11:13:18.814 | SUCCESS  | images:telecharger_toutes_images:171 - [177/2451] ✅ Catena
2026-03-11 11:13:18.908 | SUCCESS  | images:telecharger_toutes_images:171 - [178/2451] ✅ Ryan Christie
2026-03-11 11:13:20.093 | SUCCESS  | images:telecharger_toutes_images:171 - [179/2451] ✅ Éder Militão
2026-03-11 11:13:20.101 | SUCCESS  | images:telecharger_toutes_images:171 - [180/2451] ✅ Ivan Provedel
2026-03-11 11:13:20.146 | SUCCESS  | images:telecharger_toutes_images:171 - [181/2451] ✅ Maxence Lacroix
2026-03-11 11:13:20.540 | SUCCESS  | images:telecharger_toutes_images:171 - [182/2451] ✅ Pedro Porro
2026-03-11 11:13:20.625 | SUCCESS  | images:telecharger_toutes_images:171 - [183/2451] ✅ Brenner
2026-03-11 11:13:21.225 | SUCCESS  | images:telecharger_toutes_images:171 - [184/2451] ✅ José Luis García Vayá
2026-03-11 11:13:21.443 | SUCCESS  | images:telecharger_toutes_images:171 - [185/2451] ✅ Lewis Dunk
2026-03-11 11:13:21.600 | SUCCESS  | images:telecharger_toutes_images:171 - [186/2451] ✅ Thiago Almada
2026-03-11 11:13:21.950 | SUCCESS  | images:telecharger_toutes_images:171 - [187/2451] ✅ Jason Steele
2026-03-11 11:13:21.979 | SUCCESS  | images:telecharger_toutes_images:171 - [188/2451] ✅ Edu Expósito
2026-03-11 11:13:22.948 | SUCCESS  | images:telecharger_toutes_images:171 - [189/2451] ✅ Thomas Keller
2026-03-11 11:13:23.540 | SUCCESS  | images:telecharger_toutes_images:171 - [190/2451] ✅ Nayef Aguerd
2026-03-11 11:13:23.799 | SUCCESS  | images:telecharger_toutes_images:171 - [191/2451] ✅ Antonee Robinson
2026-03-11 11:13:23.935 | SUCCESS  | images:telecharger_toutes_images:171 - [192/2451] ✅ Marius Courcoul
2026-03-11 11:13:23.986 | SUCCESS  | images:telecharger_toutes_images:171 - [193/2451] ✅ Nicolas Seiwald
2026-03-11 11:13:24.444 | SUCCESS  | images:telecharger_toutes_images:171 - [194/2451] ✅ Kepa Arrizabalaga
2026-03-11 11:13:25.123 | SUCCESS  | images:telecharger_toutes_images:171 - [195/2451] ✅ Jonas Hofmann
2026-03-11 11:13:25.278 | SUCCESS  | images:telecharger_toutes_images:171 - [196/2451] ✅ Marc Bernal
2026-03-11 11:13:25.649 | SUCCESS  | images:telecharger_toutes_images:171 - [197/2451] ✅ Frank Onyeka
2026-03-11 11:13:25.725 | SUCCESS  | images:telecharger_toutes_images:171 - [198/2451] ✅ Conor Coady
2026-03-11 11:13:26.121 | SUCCESS  | images:telecharger_toutes_images:171 - [199/2451] ✅ Michy Batshuayi
2026-03-11 11:13:27.156 | SUCCESS  | images:telecharger_toutes_images:171 - [200/2451] ✅ Gerrit Holtmann
2026-03-11 11:13:27.377 | SUCCESS  | images:telecharger_toutes_images:171 - [201/2451] ✅ Tomáš Čvančara
2026-03-11 11:13:27.553 | SUCCESS  | images:telecharger_toutes_images:171 - [202/2451] ✅ Joan Jordán
2026-03-11 11:13:27.776 | SUCCESS  | images:telecharger_toutes_images:171 - [203/2451] ✅ Abakar Sylla
2026-03-11 11:13:27.901 | SUCCESS  | images:telecharger_toutes_images:171 - [204/2451] ✅ Ousmane Toure
2026-03-11 11:13:28.668 | SUCCESS  | images:telecharger_toutes_images:171 - [205/2451] ✅ Benedict Hollerbach
2026-03-11 11:13:30.540 | SUCCESS  | images:telecharger_toutes_images:171 - [206/2451] ✅ Marten de Roon
2026-03-11 11:13:30.551 | SUCCESS  | images:telecharger_toutes_images:171 - [207/2451] ✅ Samuel Lino
2026-03-11 11:13:30.551 | WARNING  | images:telecharger_toutes_images:173 - [208/2451] ❌ Jay Robinson
2026-03-11 11:13:30.596 | SUCCESS  | images:telecharger_toutes_images:171 - [209/2451] ✅ Lukas Kübler
2026-03-11 11:13:31.185 | SUCCESS  | images:telecharger_toutes_images:171 - [210/2451] ✅ Mathieu Cafaro
2026-03-11 11:13:32.262 | SUCCESS  | images:telecharger_toutes_images:171 - [211/2451] ✅ Marin Pongračić
2026-03-11 11:13:32.283 | SUCCESS  | images:telecharger_toutes_images:171 - [212/2451] ✅ Davide Frattesi
2026-03-11 11:13:32.295 | SUCCESS  | images:telecharger_toutes_images:171 - [213/2451] ✅ Grigoris Kastanos
2026-03-11 11:13:32.317 | SUCCESS  | images:telecharger_toutes_images:171 - [214/2451] ✅ Edhy Zuliani
2026-03-11 11:13:32.883 | SUCCESS  | images:telecharger_toutes_images:171 - [215/2451] ✅ Roberto López
2026-03-11 11:13:33.800 | SUCCESS  | images:telecharger_toutes_images:171 - [216/2451] ✅ Fran Vieites
2026-03-11 11:13:33.810 | SUCCESS  | images:telecharger_toutes_images:171 - [217/2451] ✅ Vanja Vlahović
2026-03-11 11:13:33.898 | SUCCESS  | images:telecharger_toutes_images:171 - [218/2451] ✅ Marshall Munetsi
2026-03-11 11:13:33.943 | SUCCESS  | images:telecharger_toutes_images:171 - [219/2451] ✅ Nicolás Serrano
2026-03-11 11:13:34.534 | SUCCESS  | images:telecharger_toutes_images:171 - [220/2451] ✅ Lewis Cook
2026-03-11 11:13:35.443 | SUCCESS  | images:telecharger_toutes_images:171 - [221/2451] ✅ Leroy Sané
2026-03-11 11:13:35.514 | SUCCESS  | images:telecharger_toutes_images:171 - [222/2451] ✅ Tyler Adams
2026-03-11 11:13:35.564 | SUCCESS  | images:telecharger_toutes_images:171 - [223/2451] ✅ Haris Belkebla
2026-03-11 11:13:35.846 | SUCCESS  | images:telecharger_toutes_images:171 - [224/2451] ✅ Mario Lemina
2026-03-11 11:13:36.185 | SUCCESS  | images:telecharger_toutes_images:171 - [225/2451] ✅ Dilane Bakwa
2026-03-11 11:13:37.645 | SUCCESS  | images:telecharger_toutes_images:171 - [226/2451] ✅ Cyril Ngonge
2026-03-11 11:13:37.654 | SUCCESS  | images:telecharger_toutes_images:171 - [227/2451] ✅ Amir Richardson
2026-03-11 11:13:37.673 | SUCCESS  | images:telecharger_toutes_images:171 - [228/2451] ✅ Henri Koudossou
2026-03-11 11:13:38.552 | SUCCESS  | images:telecharger_toutes_images:171 - [229/2451] ✅ Florian Thauvin
2026-03-11 11:13:38.585 | SUCCESS  | images:telecharger_toutes_images:171 - [230/2451] ✅ Cedric Zesiger
2026-03-11 11:13:39.716 | SUCCESS  | images:telecharger_toutes_images:171 - [231/2451] ✅ Abdel Abqar
2026-03-11 11:13:39.852 | SUCCESS  | images:telecharger_toutes_images:171 - [232/2451] ✅ Anthony Gordon
2026-03-11 11:13:40.121 | SUCCESS  | images:telecharger_toutes_images:171 - [233/2451] ✅ Axel Tuanzebe
2026-03-11 11:13:40.381 | SUCCESS  | images:telecharger_toutes_images:171 - [234/2451] ✅ Eric García
2026-03-11 11:13:40.474 | SUCCESS  | images:telecharger_toutes_images:171 - [235/2451] ✅ Juanmi Latasa
2026-03-11 11:13:41.324 | SUCCESS  | images:telecharger_toutes_images:171 - [236/2451] ✅ Jamal Musiala
2026-03-11 11:13:41.404 | SUCCESS  | images:telecharger_toutes_images:171 - [237/2451] ✅ Ronald Araújo
2026-03-11 11:13:41.626 | SUCCESS  | images:telecharger_toutes_images:171 - [238/2451] ✅ Ignace Van Der Brempt
2026-03-11 11:13:42.217 | SUCCESS  | images:telecharger_toutes_images:171 - [239/2451] ✅ Alexis Sánchez
2026-03-11 11:13:42.312 | WARNING  | images:telecharger_toutes_images:173 - [240/2451] ❌ Tommaso Gabellini
2026-03-11 11:13:43.122 | SUCCESS  | images:telecharger_toutes_images:171 - [241/2451] ✅ Nicolás González
2026-03-11 11:13:43.138 | SUCCESS  | images:telecharger_toutes_images:171 - [242/2451] ✅ Christian Mawissa
2026-03-11 11:13:43.274 | SUCCESS  | images:telecharger_toutes_images:171 - [243/2451] ✅ Lewis Miley
2026-03-11 11:13:43.798 | SUCCESS  | images:telecharger_toutes_images:171 - [244/2451] ✅ Eduard Sobol
2026-03-11 11:13:43.814 | SUCCESS  | images:telecharger_toutes_images:171 - [245/2451] ✅ Akor Adams
2026-03-11 11:13:44.547 | SUCCESS  | images:telecharger_toutes_images:171 - [246/2451] ✅ Kacper Urbanski
2026-03-11 11:13:44.609 | WARNING  | images:telecharger_toutes_images:173 - [247/2451] ❌ Ramón Sosa
2026-03-11 11:13:44.738 | SUCCESS  | images:telecharger_toutes_images:171 - [248/2451] ✅ Robin Gosens
2026-03-11 11:13:45.449 | SUCCESS  | images:telecharger_toutes_images:171 - [249/2451] ✅ Justin Bourgault
2026-03-11 11:13:45.674 | SUCCESS  | images:telecharger_toutes_images:171 - [250/2451] ✅ Carmona
2026-03-11 11:13:46.002 | SUCCESS  | images:telecharger_toutes_images:171 - [251/2451] ✅ Héctor Fort
2026-03-11 11:13:46.046 | SUCCESS  | images:telecharger_toutes_images:171 - [252/2451] ✅ Andrew Robertson
2026-03-11 11:13:46.119 | SUCCESS  | images:telecharger_toutes_images:171 - [253/2451] ✅ Emmanuel Sabbi
2026-03-11 11:13:46.813 | SUCCESS  | images:telecharger_toutes_images:171 - [254/2451] ✅ Morgan Rogers
2026-03-11 11:13:48.085 | SUCCESS  | images:telecharger_toutes_images:171 - [255/2451] ✅ Amadou Koné
2026-03-11 11:13:48.096 | SUCCESS  | images:telecharger_toutes_images:171 - [256/2451] ✅ Marc Casado
2026-03-11 11:13:48.118 | SUCCESS  | images:telecharger_toutes_images:171 - [257/2451] ✅ Gianluca Lapadula
2026-03-11 11:13:48.181 | SUCCESS  | images:telecharger_toutes_images:171 - [258/2451] ✅ Andreas Hanche-Olsen
2026-03-11 11:13:50.178 | SUCCESS  | images:telecharger_toutes_images:171 - [259/2451] ✅ Charles De Ketelaere
2026-03-11 11:13:51.108 | SUCCESS  | images:telecharger_toutes_images:171 - [260/2451] ✅ Mikel Jauregizar
2026-03-11 11:13:51.117 | SUCCESS  | images:telecharger_toutes_images:171 - [261/2451] ✅ Elseid Hysaj
2026-03-11 11:13:51.137 | SUCCESS  | images:telecharger_toutes_images:171 - [262/2451] ✅ Aarón Martín
2026-03-11 11:13:51.347 | SUCCESS  | images:telecharger_toutes_images:171 - [263/2451] ✅ Tijjani Noslin
2026-03-11 11:13:51.621 | WARNING  | images:telecharger_toutes_images:173 - [264/2451] ❌ Zain Silcott-Duberry
2026-03-11 11:13:52.796 | SUCCESS  | images:telecharger_toutes_images:171 - [265/2451] ✅ Cheick Oumar Conde
2026-03-11 11:13:52.950 | SUCCESS  | images:telecharger_toutes_images:171 - [266/2451] ✅ James Milner
2026-03-11 11:13:52.985 | SUCCESS  | images:telecharger_toutes_images:171 - [267/2451] ✅ Harry Winks
2026-03-11 11:13:53.025 | SUCCESS  | images:telecharger_toutes_images:171 - [268/2451] ✅ Dango Ouattara
2026-03-11 11:13:53.095 | SUCCESS  | images:telecharger_toutes_images:171 - [269/2451] ✅ Alphonse Areola
2026-03-11 11:13:54.374 | SUCCESS  | images:telecharger_toutes_images:171 - [270/2451] ✅ Anthony Elanga
2026-03-11 11:13:54.447 | SUCCESS  | images:telecharger_toutes_images:171 - [271/2451] ✅ Benjamin Lecomte
2026-03-11 11:13:54.617 | SUCCESS  | images:telecharger_toutes_images:171 - [272/2451] ✅ Dominik Greif
2026-03-11 11:13:54.626 | SUCCESS  | images:telecharger_toutes_images:171 - [273/2451] ✅ Leandro Antonetti
2026-03-11 11:13:54.744 | SUCCESS  | images:telecharger_toutes_images:171 - [274/2451] ✅ Phillipp Mwene
2026-03-11 11:13:56.024 | SUCCESS  | images:telecharger_toutes_images:171 - [275/2451] ✅ Stephy Mavididi
2026-03-11 11:13:56.777 | SUCCESS  | images:telecharger_toutes_images:171 - [276/2451] ✅ Douglas
2026-03-11 11:13:56.789 | SUCCESS  | images:telecharger_toutes_images:171 - [277/2451] ✅ Nikolas Nartey
2026-03-11 11:13:56.798 | SUCCESS  | images:telecharger_toutes_images:171 - [278/2451] ✅ Philipp Lienhart
2026-03-11 11:13:56.807 | SUCCESS  | images:telecharger_toutes_images:171 - [279/2451] ✅ Marcus Coco
2026-03-11 11:13:57.618 | SUCCESS  | images:telecharger_toutes_images:171 - [280/2451] ✅ Andriy Lunin
2026-03-11 11:13:57.894 | SUCCESS  | images:telecharger_toutes_images:171 - [281/2451] ✅ Angeliño
2026-03-11 11:13:57.969 | SUCCESS  | images:telecharger_toutes_images:171 - [282/2451] ✅ Kevin Behrens
2026-03-11 11:13:58.006 | SUCCESS  | images:telecharger_toutes_images:171 - [283/2451] ✅ Arnau Tenas
2026-03-11 11:13:58.502 | SUCCESS  | images:telecharger_toutes_images:171 - [284/2451] ✅ Caio Henrique Oliveira Silva
2026-03-11 11:13:59.321 | SUCCESS  | images:telecharger_toutes_images:171 - [285/2451] ✅ Mitchell Weiser
2026-03-11 11:13:59.492 | SUCCESS  | images:telecharger_toutes_images:171 - [286/2451] ✅ Milan Škriniar
2026-03-11 11:13:59.547 | SUCCESS  | images:telecharger_toutes_images:171 - [287/2451] ✅ Vitaliy Mykolenko
2026-03-11 11:13:59.881 | SUCCESS  | images:telecharger_toutes_images:171 - [288/2451] ✅ Kiliann Sildillia
2026-03-11 11:13:59.998 | SUCCESS  | images:telecharger_toutes_images:171 - [289/2451] ✅ Pau Navarro
2026-03-11 11:14:00.604 | SUCCESS  | images:telecharger_toutes_images:171 - [290/2451] ✅ Folarin Balogun
2026-03-11 11:14:02.265 | SUCCESS  | images:telecharger_toutes_images:171 - [291/2451] ✅ Jonas Rouhi
2026-03-11 11:14:02.277 | SUCCESS  | images:telecharger_toutes_images:171 - [292/2451] ✅ Nabil Bentaleb
2026-03-11 11:14:02.293 | SUCCESS  | images:telecharger_toutes_images:171 - [293/2451] ✅ Zeki Çelik
2026-03-11 11:14:03.030 | SUCCESS  | images:telecharger_toutes_images:171 - [294/2451] ✅ Rúben Dias
2026-03-11 11:14:03.132 | SUCCESS  | images:telecharger_toutes_images:171 - [295/2451] ✅ Paul Akouokou
2026-03-11 11:14:03.829 | SUCCESS  | images:telecharger_toutes_images:171 - [296/2451] ✅ Benjamin Šeško
2026-03-11 11:14:03.953 | SUCCESS  | images:telecharger_toutes_images:171 - [297/2451] ✅ Rafa Marín
2026-03-11 11:14:03.972 | SUCCESS  | images:telecharger_toutes_images:171 - [298/2451] ✅ Joe Aribo
2026-03-11 11:14:04.604 | SUCCESS  | images:telecharger_toutes_images:171 - [299/2451] ✅ Yunis Abdelhamid
2026-03-11 11:14:04.805 | SUCCESS  | images:telecharger_toutes_images:171 - [300/2451] ✅ Sergi Guardiola
2026-03-11 11:14:05.256 | WARNING  | images:telecharger_toutes_images:173 - [301/2451] ❌ Beres Owusu
2026-03-11 11:14:05.327 | SUCCESS  | images:telecharger_toutes_images:171 - [302/2451] ✅ Stefan Bajcetic
2026-03-11 11:14:05.504 | SUCCESS  | images:telecharger_toutes_images:171 - [303/2451] ✅ Justin-Noël Kalumba
2026-03-11 11:14:06.456 | SUCCESS  | images:telecharger_toutes_images:171 - [304/2451] ✅ Morgan Gibbs-White
2026-03-11 11:14:06.473 | SUCCESS  | images:telecharger_toutes_images:171 - [305/2451] ✅ Jeffrey Schlupp
2026-03-11 11:14:07.550 | SUCCESS  | images:telecharger_toutes_images:171 - [306/2451] ✅ Pere Milla
2026-03-11 11:14:07.572 | SUCCESS  | images:telecharger_toutes_images:171 - [307/2451] ✅ Mamadou Diakhon
2026-03-11 11:14:07.596 | SUCCESS  | images:telecharger_toutes_images:171 - [308/2451] ✅ Antoine Mendy
2026-03-11 11:14:08.261 | SUCCESS  | images:telecharger_toutes_images:171 - [309/2451] ✅ Sergi Roberto
2026-03-11 11:14:08.580 | SUCCESS  | images:telecharger_toutes_images:171 - [310/2451] ✅ Sergio Reguilón
2026-03-11 11:14:10.005 | SUCCESS  | images:telecharger_toutes_images:171 - [311/2451] ✅ Raphinha
2026-03-11 11:14:10.076 | SUCCESS  | images:telecharger_toutes_images:171 - [312/2451] ✅ Renato Tapia
2026-03-11 11:14:10.101 | SUCCESS  | images:telecharger_toutes_images:171 - [313/2451] ✅ Phillip Tietz
2026-03-11 11:14:10.110 | SUCCESS  | images:telecharger_toutes_images:171 - [314/2451] ✅ Fabio Miretti
2026-03-11 11:14:10.213 | SUCCESS  | images:telecharger_toutes_images:171 - [315/2451] ✅ Giovanni Simeone
2026-03-11 11:14:12.013 | SUCCESS  | images:telecharger_toutes_images:171 - [316/2451] ✅ Michael Amir Murillo
2026-03-11 11:14:12.074 | SUCCESS  | images:telecharger_toutes_images:171 - [317/2451] ✅ Julian Weigl
2026-03-11 11:14:12.082 | SUCCESS  | images:telecharger_toutes_images:171 - [318/2451] ✅ Gabriel Osei Misehouy
2026-03-11 11:14:12.094 | SUCCESS  | images:telecharger_toutes_images:171 - [319/2451] ✅ Botond Balogh
2026-03-11 11:14:12.162 | SUCCESS  | images:telecharger_toutes_images:171 - [320/2451] ✅ Edon Zhegrova
2026-03-11 11:14:14.239 | WARNING  | images:telecharger_toutes_images:173 - [321/2451] ❌ Daniel Requena
2026-03-11 11:14:14.255 | SUCCESS  | images:telecharger_toutes_images:171 - [322/2451] ✅ Sirlord Conteh
2026-03-11 11:14:14.356 | SUCCESS  | images:telecharger_toutes_images:171 - [323/2451] ✅ Lee Jae-sung
2026-03-11 11:14:14.495 | SUCCESS  | images:telecharger_toutes_images:171 - [324/2451] ✅ Nico Schlotterbeck
2026-03-11 11:14:14.627 | SUCCESS  | images:telecharger_toutes_images:171 - [325/2451] ✅ Guido Rodríguez
2026-03-11 11:14:15.689 | SUCCESS  | images:telecharger_toutes_images:171 - [326/2451] ✅ Kialonda
2026-03-11 11:14:16.126 | SUCCESS  | images:telecharger_toutes_images:171 - [327/2451] ✅ James Ward-Prowse
2026-03-11 11:14:16.443 | SUCCESS  | images:telecharger_toutes_images:171 - [328/2451] ✅ Marcos Senesi
2026-03-11 11:14:18.447 | SUCCESS  | images:telecharger_toutes_images:171 - [329/2451] ✅ Ismael Konate
2026-03-11 11:14:18.483 | SUCCESS  | images:telecharger_toutes_images:171 - [330/2451] ✅ Carlos Dominguez
2026-03-11 11:14:19.092 | SUCCESS  | images:telecharger_toutes_images:171 - [331/2451] ✅ Sekou Mara
2026-03-11 11:14:19.119 | WARNING  | images:telecharger_toutes_images:173 - [332/2451] ❌ Simon Cara
2026-03-11 11:14:19.653 | SUCCESS  | images:telecharger_toutes_images:171 - [333/2451] ✅ Wilson Odobert
2026-03-11 11:14:20.091 | SUCCESS  | images:telecharger_toutes_images:171 - [334/2451] ✅ Fares Chaïbi
2026-03-11 11:14:20.771 | WARNING  | images:telecharger_toutes_images:173 - [335/2451] ❌ Joël Schingtienne
2026-03-11 11:14:22.056 | SUCCESS  | images:telecharger_toutes_images:171 - [336/2451] ✅ Lars Ritzka
2026-03-11 11:14:22.473 | SUCCESS  | images:telecharger_toutes_images:171 - [337/2451] ✅ Tuta
2026-03-11 11:14:22.488 | SUCCESS  | images:telecharger_toutes_images:171 - [338/2451] ✅ Ben White
2026-03-11 11:14:23.014 | WARNING  | images:telecharger_toutes_images:173 - [339/2451] ❌ Yael Nandjou
2026-03-11 11:14:23.326 | SUCCESS  | images:telecharger_toutes_images:171 - [340/2451] ✅ Leonardo Spinazzola
2026-03-11 11:14:24.876 | SUCCESS  | images:telecharger_toutes_images:171 - [341/2451] ✅ Alberto Risco
2026-03-11 11:14:24.941 | SUCCESS  | images:telecharger_toutes_images:171 - [342/2451] ✅ Javi Martínez
2026-03-11 11:14:25.177 | SUCCESS  | images:telecharger_toutes_images:171 - [343/2451] ✅ Nicolò Fagioli
2026-03-11 11:14:26.042 | SUCCESS  | images:telecharger_toutes_images:171 - [344/2451] ✅ Jaydee Canvot
2026-03-11 11:14:26.075 | SUCCESS  | images:telecharger_toutes_images:171 - [345/2451] ✅ Florian Neuhaus
2026-03-11 11:14:27.234 | SUCCESS  | images:telecharger_toutes_images:171 - [346/2451] ✅ Alex McCarthy
2026-03-11 11:14:27.250 | WARNING  | images:telecharger_toutes_images:173 - [347/2451] ❌ Sergio Viera
2026-03-11 11:14:27.374 | SUCCESS  | images:telecharger_toutes_images:171 - [348/2451] ✅ Rassoul Ndiaye
2026-03-11 11:14:27.790 | SUCCESS  | images:telecharger_toutes_images:171 - [349/2451] ✅ Pablo Ibáñez
2026-03-11 11:14:28.022 | WARNING  | images:telecharger_toutes_images:173 - [350/2451] ❌ Ibrahim Alani
2026-03-11 11:14:28.699 | SUCCESS  | images:telecharger_toutes_images:171 - [351/2451] ✅ Luck Zogbé
2026-03-11 11:14:28.731 | SUCCESS  | images:telecharger_toutes_images:171 - [352/2451] ✅ Santiago Giménez
2026-03-11 11:14:29.039 | SUCCESS  | images:telecharger_toutes_images:171 - [353/2451] ✅ Aleksandr Golovin
2026-03-11 11:14:29.248 | SUCCESS  | images:telecharger_toutes_images:171 - [354/2451] ✅ Arda Güler
2026-03-11 11:14:30.074 | SUCCESS  | images:telecharger_toutes_images:171 - [355/2451] ✅ Gonzalo Montiel
2026-03-11 11:14:30.389 | SUCCESS  | images:telecharger_toutes_images:171 - [356/2451] ✅ Álex Remiro
2026-03-11 11:14:30.447 | SUCCESS  | images:telecharger_toutes_images:171 - [357/2451] ✅ Jordan Ferri
2026-03-11 11:14:30.981 | SUCCESS  | images:telecharger_toutes_images:171 - [358/2451] ✅ Ramy Bensebaini
2026-03-11 11:14:31.045 | SUCCESS  | images:telecharger_toutes_images:171 - [359/2451] ✅ Juan Berrocal
2026-03-11 11:14:31.400 | SUCCESS  | images:telecharger_toutes_images:171 - [360/2451] ✅ Dylan Batubinsika
2026-03-11 11:14:31.944 | SUCCESS  | images:telecharger_toutes_images:171 - [361/2451] ✅ Jesper Lindstrøm
2026-03-11 11:14:31.975 | SUCCESS  | images:telecharger_toutes_images:171 - [362/2451] ✅ Unai Gómez
2026-03-11 11:14:32.342 | SUCCESS  | images:telecharger_toutes_images:171 - [363/2451] ✅ Hugo Duro
2026-03-11 11:14:32.647 | SUCCESS  | images:telecharger_toutes_images:171 - [364/2451] ✅ Dennis Geiger
2026-03-11 11:14:33.479 | SUCCESS  | images:telecharger_toutes_images:171 - [365/2451] ✅ Dimitry Bertaud
2026-03-11 11:14:33.891 | WARNING  | images:telecharger_toutes_images:173 - [366/2451] ❌ David Torres
2026-03-11 11:14:34.146 | SUCCESS  | images:telecharger_toutes_images:171 - [367/2451] ✅ Javier Guerra
2026-03-11 11:14:34.412 | WARNING  | images:telecharger_toutes_images:173 - [368/2451] ❌ Daniel Fila
2026-03-11 11:14:34.507 | SUCCESS  | images:telecharger_toutes_images:171 - [369/2451] ✅ Jahmai Simpson-Pusey
2026-03-11 11:14:35.181 | SUCCESS  | images:telecharger_toutes_images:171 - [370/2451] ✅ Denis Zakaria
2026-03-11 11:14:35.230 | SUCCESS  | images:telecharger_toutes_images:171 - [371/2451] ✅ Mattia Felici
2026-03-11 11:14:36.328 | SUCCESS  | images:telecharger_toutes_images:171 - [372/2451] ✅ Leandro Trossard
2026-03-11 11:14:36.547 | SUCCESS  | images:telecharger_toutes_images:171 - [373/2451] ✅ Jorge de Frutos
2026-03-11 11:14:36.556 | SUCCESS  | images:telecharger_toutes_images:171 - [374/2451] ✅ Javier Llabrés
2026-03-11 11:14:37.115 | WARNING  | images:telecharger_toutes_images:173 - [375/2451] ❌ Stefan Džodić
2026-03-11 11:14:37.282 | SUCCESS  | images:telecharger_toutes_images:171 - [376/2451] ✅ Sead Kolašinac
2026-03-11 11:14:37.884 | SUCCESS  | images:telecharger_toutes_images:171 - [377/2451] ✅ Stefan Schimmer
2026-03-11 11:14:38.108 | SUCCESS  | images:telecharger_toutes_images:171 - [378/2451] ✅ Rasmus Kristensen
2026-03-11 11:14:38.337 | SUCCESS  | images:telecharger_toutes_images:171 - [379/2451] ✅ Yann Aurel Bisseck
2026-03-11 11:14:39.094 | SUCCESS  | images:telecharger_toutes_images:171 - [380/2451] ✅ Sammie Szmodics
2026-03-11 11:14:39.175 | SUCCESS  | images:telecharger_toutes_images:171 - [381/2451] ✅ Gabriel Suazo
2026-03-11 11:14:40.185 | WARNING  | images:telecharger_toutes_images:173 - [382/2451] ❌ Will Alves
2026-03-11 11:14:40.291 | SUCCESS  | images:telecharger_toutes_images:171 - [383/2451] ✅ Chema
2026-03-11 11:14:40.341 | SUCCESS  | images:telecharger_toutes_images:171 - [384/2451] ✅ Juan Herzog
2026-03-11 11:14:40.970 | SUCCESS  | images:telecharger_toutes_images:171 - [385/2451] ✅ Leon Bailey
2026-03-11 11:14:41.036 | SUCCESS  | images:telecharger_toutes_images:171 - [386/2451] ✅ Ross Barkley
2026-03-11 11:14:42.557 | SUCCESS  | images:telecharger_toutes_images:171 - [387/2451] ✅ Nathan Butler-Oyedeji
2026-03-11 11:14:42.676 | WARNING  | images:telecharger_toutes_images:173 - [388/2451] ❌ Dominik Javorček
2026-03-11 11:14:42.693 | SUCCESS  | images:telecharger_toutes_images:171 - [389/2451] ✅ Martin Dúbravka
2026-03-11 11:14:43.287 | SUCCESS  | images:telecharger_toutes_images:171 - [390/2451] ✅ Enzo Boyomo
2026-03-11 11:14:43.301 | SUCCESS  | images:telecharger_toutes_images:171 - [391/2451] ✅ Nacho Vidal
2026-03-11 11:14:44.031 | SUCCESS  | images:telecharger_toutes_images:171 - [392/2451] ✅ Hugo Sotelo
2026-03-11 11:14:44.368 | SUCCESS  | images:telecharger_toutes_images:171 - [393/2451] ✅ Tajon Buchanan
2026-03-11 11:14:44.419 | SUCCESS  | images:telecharger_toutes_images:171 - [394/2451] ✅ Vitinha
2026-03-11 11:14:45.580 | SUCCESS  | images:telecharger_toutes_images:171 - [395/2451] ✅ Alessandro Zanoli
2026-03-11 11:14:45.603 | SUCCESS  | images:telecharger_toutes_images:171 - [396/2451] ✅ Angelo Stiller
2026-03-11 11:14:45.650 | SUCCESS  | images:telecharger_toutes_images:171 - [397/2451] ✅ Hans Hateboer
2026-03-11 11:14:46.865 | SUCCESS  | images:telecharger_toutes_images:171 - [398/2451] ✅ Gianluca Gaetano
2026-03-11 11:14:46.962 | SUCCESS  | images:telecharger_toutes_images:171 - [399/2451] ✅ Peio Canales
2026-03-11 11:14:48.020 | SUCCESS  | images:telecharger_toutes_images:171 - [400/2451] ✅ Cher Ndour
2026-03-11 11:14:48.110 | SUCCESS  | images:telecharger_toutes_images:171 - [401/2451] ✅ Rodrigo Bentancur
2026-03-11 11:14:48.467 | SUCCESS  | images:telecharger_toutes_images:171 - [402/2451] ✅ Luca Pellegrini
2026-03-11 11:14:48.918 | SUCCESS  | images:telecharger_toutes_images:171 - [403/2451] ✅ Igor Miladinović
2026-03-11 11:14:48.982 | SUCCESS  | images:telecharger_toutes_images:171 - [404/2451] ✅ Edimilson Fernandes
2026-03-11 11:14:50.144 | SUCCESS  | images:telecharger_toutes_images:171 - [405/2451] ✅ Ederson
2026-03-11 11:14:50.226 | SUCCESS  | images:telecharger_toutes_images:171 - [406/2451] ✅ Eliesse Ben Seghir
2026-03-11 11:14:51.509 | SUCCESS  | images:telecharger_toutes_images:171 - [407/2451] ✅ Fabien Centonze
2026-03-11 11:14:51.540 | SUCCESS  | images:telecharger_toutes_images:171 - [408/2451] ✅ Pedro
2026-03-11 11:14:51.585 | SUCCESS  | images:telecharger_toutes_images:171 - [409/2451] ✅ Thomas Müller
2026-03-11 11:14:52.275 | SUCCESS  | images:telecharger_toutes_images:171 - [410/2451] ✅ Fali Candé
2026-03-11 11:14:52.526 | SUCCESS  | images:telecharger_toutes_images:171 - [411/2451] ✅ Tommaso Augello
2026-03-11 11:14:53.484 | SUCCESS  | images:telecharger_toutes_images:171 - [412/2451] ✅ Ferland Mendy
2026-03-11 11:14:53.499 | SUCCESS  | images:telecharger_toutes_images:171 - [413/2451] ✅ Lucas Gourna-Douath
2026-03-11 11:14:53.565 | SUCCESS  | images:telecharger_toutes_images:171 - [414/2451] ✅ Timo Horn
2026-03-11 11:14:54.199 | SUCCESS  | images:telecharger_toutes_images:171 - [415/2451] ✅ Moise Kean
2026-03-11 11:14:54.278 | SUCCESS  | images:telecharger_toutes_images:171 - [416/2451] ✅ Marco Bizot
2026-03-11 11:14:55.227 | SUCCESS  | images:telecharger_toutes_images:171 - [417/2451] ✅ Francisco Perez
2026-03-11 11:14:55.792 | WARNING  | images:telecharger_toutes_images:173 - [418/2451] ❌ Jeremy Agbonifo
2026-03-11 11:14:55.823 | SUCCESS  | images:telecharger_toutes_images:171 - [419/2451] ✅ Olasagasti
2026-03-11 11:14:56.778 | WARNING  | images:telecharger_toutes_images:173 - [420/2451] ❌ Aristide Zossou
2026-03-11 11:14:57.099 | SUCCESS  | images:telecharger_toutes_images:171 - [421/2451] ✅ Mathias Honsak
2026-03-11 11:14:58.542 | SUCCESS  | images:telecharger_toutes_images:171 - [422/2451] ✅ Ruben Aguilar
2026-03-11 11:14:58.575 | SUCCESS  | images:telecharger_toutes_images:171 - [423/2451] ✅ Wylan Cyprien
2026-03-11 11:14:58.631 | SUCCESS  | images:telecharger_toutes_images:171 - [424/2451] ✅ Samuel Mbangula
2026-03-11 11:15:00.664 | WARNING  | images:telecharger_toutes_images:173 - [425/2451] ❌ Richie Sagrado
2026-03-11 11:15:00.679 | SUCCESS  | images:telecharger_toutes_images:171 - [426/2451] ✅ Oscar Højlund
2026-03-11 11:15:01.055 | SUCCESS  | images:telecharger_toutes_images:171 - [427/2451] ✅ Craig Dawson
2026-03-11 11:15:01.083 | SUCCESS  | images:telecharger_toutes_images:171 - [428/2451] ✅ Harvey Barnes
2026-03-11 11:15:01.230 | SUCCESS  | images:telecharger_toutes_images:171 - [429/2451] ✅ Alejandro Francés
2026-03-11 11:15:02.166 | SUCCESS  | images:telecharger_toutes_images:171 - [430/2451] ✅ Bernardo Silva
2026-03-11 11:15:02.856 | SUCCESS  | images:telecharger_toutes_images:171 - [431/2451] ✅ Alessio Romagnoli
2026-03-11 11:15:03.545 | SUCCESS  | images:telecharger_toutes_images:171 - [432/2451] ✅ Yeray Álvarez
2026-03-11 11:15:03.561 | SUCCESS  | images:telecharger_toutes_images:171 - [433/2451] ✅ Lucas Martínez Quarta
2026-03-11 11:15:03.593 | SUCCESS  | images:telecharger_toutes_images:171 - [434/2451] ✅ Mateusz Wieteska
2026-03-11 11:15:04.458 | SUCCESS  | images:telecharger_toutes_images:171 - [435/2451] ✅ Martín Zubimendi
2026-03-11 11:15:04.582 | SUCCESS  | images:telecharger_toutes_images:171 - [436/2451] ✅ Fredrik Jensen
2026-03-11 11:15:05.345 | SUCCESS  | images:telecharger_toutes_images:171 - [437/2451] ✅ Jesús Navas
2026-03-11 11:15:05.359 | SUCCESS  | images:telecharger_toutes_images:171 - [438/2451] ✅ André Silva
2026-03-11 11:15:05.484 | SUCCESS  | images:telecharger_toutes_images:171 - [439/2451] ✅ Tiago Santos
2026-03-11 11:15:06.281 | SUCCESS  | images:telecharger_toutes_images:171 - [440/2451] ✅ Daniel Peretz
2026-03-11 11:15:06.493 | SUCCESS  | images:telecharger_toutes_images:171 - [441/2451] ✅ Rasmus Nicolaisen
2026-03-11 11:15:07.948 | WARNING  | images:telecharger_toutes_images:173 - [442/2451] ❌ Adrian Benedyczak
2026-03-11 11:15:07.965 | SUCCESS  | images:telecharger_toutes_images:171 - [443/2451] ✅ Nicolò Casale
2026-03-11 11:15:07.979 | SUCCESS  | images:telecharger_toutes_images:171 - [444/2451] ✅ Nhoa Sangui
2026-03-11 11:15:09.050 | SUCCESS  | images:telecharger_toutes_images:171 - [445/2451] ✅ Alejo Véliz
2026-03-11 11:15:09.086 | SUCCESS  | images:telecharger_toutes_images:171 - [446/2451] ✅ Iñigo Martínez
2026-03-11 11:15:10.009 | SUCCESS  | images:telecharger_toutes_images:171 - [447/2451] ✅ Tomás Palacios
2026-03-11 11:15:10.094 | SUCCESS  | images:telecharger_toutes_images:171 - [448/2451] ✅ Andrés García
2026-03-11 11:15:10.243 | SUCCESS  | images:telecharger_toutes_images:171 - [449/2451] ✅ Bradley Locko
2026-03-11 11:15:11.095 | WARNING  | images:telecharger_toutes_images:173 - [450/2451] ❌ Enzo Caumont
2026-03-11 11:15:11.112 | SUCCESS  | images:telecharger_toutes_images:171 - [451/2451] ✅ Milan Đurić
2026-03-11 11:15:11.718 | SUCCESS  | images:telecharger_toutes_images:171 - [452/2451] ✅ Brahim Díaz
2026-03-11 11:15:11.863 | SUCCESS  | images:telecharger_toutes_images:171 - [453/2451] ✅ Bamba Dieng
2026-03-11 11:15:12.310 | SUCCESS  | images:telecharger_toutes_images:171 - [454/2451] ✅ Enric Franquesa
2026-03-11 11:15:13.044 | WARNING  | images:telecharger_toutes_images:173 - [455/2451] ❌ Lewis Orford
2026-03-11 11:15:13.214 | SUCCESS  | images:telecharger_toutes_images:171 - [456/2451] ✅ Abel Bretones
2026-03-11 11:15:13.317 | SUCCESS  | images:telecharger_toutes_images:171 - [457/2451] ✅ Jurriën Timber
2026-03-11 11:15:13.380 | SUCCESS  | images:telecharger_toutes_images:171 - [458/2451] ✅ Lewis Holtby
2026-03-11 11:15:14.035 | SUCCESS  | images:telecharger_toutes_images:171 - [459/2451] ✅ Daniel Luna
2026-03-11 11:15:14.333 | SUCCESS  | images:telecharger_toutes_images:171 - [460/2451] ✅ Jan Bednarek
2026-03-11 11:15:14.889 | SUCCESS  | images:telecharger_toutes_images:171 - [461/2451] ✅ Jáder Durán
2026-03-11 11:15:15.018 | SUCCESS  | images:telecharger_toutes_images:171 - [462/2451] ✅ Jarell Quansah
2026-03-11 11:15:15.473 | SUCCESS  | images:telecharger_toutes_images:171 - [463/2451] ✅ Iker Losada
2026-03-11 11:15:16.385 | SUCCESS  | images:telecharger_toutes_images:171 - [464/2451] ✅ Fernando Calero
2026-03-11 11:15:16.673 | SUCCESS  | images:telecharger_toutes_images:171 - [465/2451] ✅ Simone Scuffet
2026-03-11 11:15:16.984 | SUCCESS  | images:telecharger_toutes_images:171 - [466/2451] ✅ Samuel Gigot
2026-03-11 11:15:16.993 | SUCCESS  | images:telecharger_toutes_images:171 - [467/2451] ✅ Mathías Olivera
2026-03-11 11:15:17.104 | SUCCESS  | images:telecharger_toutes_images:171 - [468/2451] ✅ Razvan Sava
2026-03-11 11:15:18.373 | SUCCESS  | images:telecharger_toutes_images:171 - [469/2451] ✅ Yann Sommer
2026-03-11 11:15:18.457 | WARNING  | images:telecharger_toutes_images:173 - [470/2451] ❌ Daniel Díaz
2026-03-11 11:15:18.472 | SUCCESS  | images:telecharger_toutes_images:171 - [471/2451] ✅ Keane Lewis-Potter
2026-03-11 11:15:18.582 | SUCCESS  | images:telecharger_toutes_images:171 - [472/2451] ✅ Kader Meïté
2026-03-11 11:15:19.794 | SUCCESS  | images:telecharger_toutes_images:171 - [473/2451] ✅ Víctor Meseguer
2026-03-11 11:15:20.416 | SUCCESS  | images:telecharger_toutes_images:171 - [474/2451] ✅ Jonathan Ikone
2026-03-11 11:15:20.425 | SUCCESS  | images:telecharger_toutes_images:171 - [475/2451] ✅ Kylian Mbappé
2026-03-11 11:15:20.511 | SUCCESS  | images:telecharger_toutes_images:171 - [476/2451] ✅ Frank Magri
2026-03-11 11:15:20.705 | SUCCESS  | images:telecharger_toutes_images:171 - [477/2451] ✅ Honest Ahanor
2026-03-11 11:15:21.379 | SUCCESS  | images:telecharger_toutes_images:171 - [478/2451] ✅ Malang Sarr
2026-03-11 11:15:22.393 | SUCCESS  | images:telecharger_toutes_images:171 - [479/2451] ✅ Joshua King
2026-03-11 11:15:22.464 | WARNING  | images:telecharger_toutes_images:173 - [480/2451] ❌ Nathan Broadhead
2026-03-11 11:15:22.477 | SUCCESS  | images:telecharger_toutes_images:171 - [481/2451] ✅ Ander Herrera
2026-03-11 11:15:22.490 | SUCCESS  | images:telecharger_toutes_images:171 - [482/2451] ✅ Juan Bernat
2026-03-11 11:15:22.881 | SUCCESS  | images:telecharger_toutes_images:171 - [483/2451] ✅ Maxime Bernauer
2026-03-11 11:15:23.588 | SUCCESS  | images:telecharger_toutes_images:171 - [484/2451] ✅ Christoph Baumgartner
2026-03-11 11:15:23.808 | SUCCESS  | images:telecharger_toutes_images:171 - [485/2451] ✅ Obite N'Dicka
2026-03-11 11:15:24.074 | SUCCESS  | images:telecharger_toutes_images:171 - [486/2451] ✅ Jon Pacheco
2026-03-11 11:15:24.115 | SUCCESS  | images:telecharger_toutes_images:171 - [487/2451] ✅ Shumaira Mheuka
2026-03-11 11:15:24.304 | SUCCESS  | images:telecharger_toutes_images:171 - [488/2451] ✅ Ridle Baku
2026-03-11 11:15:26.071 | SUCCESS  | images:telecharger_toutes_images:171 - [489/2451] ✅ Ben Davies
2026-03-11 11:15:26.076 | WARNING  | images:telecharger_toutes_images:173 - [490/2451] ❌ Alberto Marí
2026-03-11 11:15:26.093 | SUCCESS  | images:telecharger_toutes_images:171 - [491/2451] ✅ Maximilian Bauer
2026-03-11 11:15:26.254 | SUCCESS  | images:telecharger_toutes_images:171 - [492/2451] ✅ Oumar Diakité
2026-03-11 11:15:26.587 | SUCCESS  | images:telecharger_toutes_images:171 - [493/2451] ✅ Matías Vecino
2026-03-11 11:15:28.507 | SUCCESS  | images:telecharger_toutes_images:171 - [494/2451] ✅ Danilo D'Ambrosio
2026-03-11 11:15:28.541 | SUCCESS  | images:telecharger_toutes_images:171 - [495/2451] ✅ Warmed Omari
2026-03-11 11:15:28.552 | SUCCESS  | images:telecharger_toutes_images:171 - [496/2451] ✅ Nicola Zalewski
2026-03-11 11:15:28.564 | SUCCESS  | images:telecharger_toutes_images:171 - [497/2451] ✅ Mathew Ryan
2026-03-11 11:15:29.176 | SUCCESS  | images:telecharger_toutes_images:171 - [498/2451] ✅ Nicolas Viola
2026-03-11 11:15:29.737 | SUCCESS  | images:telecharger_toutes_images:171 - [499/2451] ✅ Evan Ferguson
2026-03-11 11:15:30.021 | SUCCESS  | images:telecharger_toutes_images:171 - [500/2451] ✅ Jamie Vardy
2026-03-11 11:15:30.384 | SUCCESS  | images:telecharger_toutes_images:171 - [501/2451] ✅ Benjamin Pavard
2026-03-11 11:15:30.414 | SUCCESS  | images:telecharger_toutes_images:171 - [502/2451] ✅ Pablo Barrios
2026-03-11 11:15:31.133 | SUCCESS  | images:telecharger_toutes_images:171 - [503/2451] ✅ Marco Asensio
2026-03-11 11:15:31.738 | SUCCESS  | images:telecharger_toutes_images:171 - [504/2451] ✅ Joaquín Correa
2026-03-11 11:15:31.787 | WARNING  | images:telecharger_toutes_images:173 - [505/2451] ❌ Álvaro djaló
2026-03-11 11:15:32.434 | SUCCESS  | images:telecharger_toutes_images:171 - [506/2451] ✅ Jorginho
2026-03-11 11:15:32.559 | SUCCESS  | images:telecharger_toutes_images:171 - [507/2451] ✅ Dimitri Foulquier
2026-03-11 11:15:33.014 | SUCCESS  | images:telecharger_toutes_images:171 - [508/2451] ✅ Ludovic Ajorque
2026-03-11 11:15:33.587 | SUCCESS  | images:telecharger_toutes_images:171 - [509/2451] ✅ Jackson Irvine
2026-03-11 11:15:33.902 | SUCCESS  | images:telecharger_toutes_images:171 - [510/2451] ✅ Matias Moreno
2026-03-11 11:15:34.094 | SUCCESS  | images:telecharger_toutes_images:171 - [511/2451] ✅ Damián Pizarro
2026-03-11 11:15:34.104 | SUCCESS  | images:telecharger_toutes_images:171 - [512/2451] ✅ Charlie Cresswell
2026-03-11 11:15:35.029 | SUCCESS  | images:telecharger_toutes_images:171 - [513/2451] ✅ Aaron Ramsdale
2026-03-11 11:15:35.255 | SUCCESS  | images:telecharger_toutes_images:171 - [514/2451] ✅ Aljoscha Kemlein
2026-03-11 11:15:36.548 | SUCCESS  | images:telecharger_toutes_images:171 - [515/2451] ✅ José Arnaiz
2026-03-11 11:15:36.556 | SUCCESS  | images:telecharger_toutes_images:171 - [516/2451] ✅ Jonas Martin
2026-03-11 11:15:36.567 | SUCCESS  | images:telecharger_toutes_images:171 - [517/2451] ✅ Benjamin Siegrist
2026-03-11 11:15:36.605 | SUCCESS  | images:telecharger_toutes_images:171 - [518/2451] ✅ Facundo Buonanotte
2026-03-11 11:15:36.995 | SUCCESS  | images:telecharger_toutes_images:171 - [519/2451] ✅ Ibrahima Niane
2026-03-11 11:15:37.844 | SUCCESS  | images:telecharger_toutes_images:171 - [520/2451] ✅ George Edmundson
2026-03-11 11:15:38.457 | SUCCESS  | images:telecharger_toutes_images:171 - [521/2451] ✅ Taylor Harwood-Bellis
2026-03-11 11:15:38.556 | SUCCESS  | images:telecharger_toutes_images:171 - [522/2451] ✅ Raúl Asencio
2026-03-11 11:15:38.585 | SUCCESS  | images:telecharger_toutes_images:171 - [523/2451] ✅ Oliver Baumann
2026-03-11 11:15:38.800 | SUCCESS  | images:telecharger_toutes_images:171 - [524/2451] ✅ Adnan Januzaj
2026-03-11 11:15:39.184 | SUCCESS  | images:telecharger_toutes_images:171 - [525/2451] ✅ Nikola Krstović
2026-03-11 11:15:39.827 | SUCCESS  | images:telecharger_toutes_images:171 - [526/2451] ✅ Rémy Descamps
2026-03-11 11:15:40.207 | SUCCESS  | images:telecharger_toutes_images:171 - [527/2451] ✅ Jacobo Ramón
2026-03-11 11:15:40.318 | SUCCESS  | images:telecharger_toutes_images:171 - [528/2451] ✅ Georges Mikautadze
2026-03-11 11:15:40.361 | SUCCESS  | images:telecharger_toutes_images:171 - [529/2451] ✅ El Bilal Touré
2026-03-11 11:15:40.575 | SUCCESS  | images:telecharger_toutes_images:171 - [530/2451] ✅ Nico Elvedi
2026-03-11 11:15:41.106 | SUCCESS  | images:telecharger_toutes_images:171 - [531/2451] ✅ Jordan Pickford
2026-03-11 11:15:41.970 | SUCCESS  | images:telecharger_toutes_images:171 - [532/2451] ✅ Denzel Dumfries
2026-03-11 11:15:42.171 | SUCCESS  | images:telecharger_toutes_images:171 - [533/2451] ✅ Josué Casimir
2026-03-11 11:15:42.302 | SUCCESS  | images:telecharger_toutes_images:171 - [534/2451] ✅ Lucas Beltrán
2026-03-11 11:15:42.464 | SUCCESS  | images:telecharger_toutes_images:171 - [535/2451] ✅ Mats Wieffer
2026-03-11 11:15:42.986 | SUCCESS  | images:telecharger_toutes_images:171 - [536/2451] ✅ Fabio Chiarodia
2026-03-11 11:15:43.435 | SUCCESS  | images:telecharger_toutes_images:171 - [537/2451] ✅ Samuel Bamba
2026-03-11 11:15:43.806 | SUCCESS  | images:telecharger_toutes_images:171 - [538/2451] ✅ Dani de Wit
2026-03-11 11:15:43.983 | SUCCESS  | images:telecharger_toutes_images:171 - [539/2451] ✅ Gabriel Martinelli
2026-03-11 11:15:44.488 | SUCCESS  | images:telecharger_toutes_images:171 - [540/2451] ✅ Jean-Eudes Aholou
2026-03-11 11:15:44.731 | SUCCESS  | images:telecharger_toutes_images:171 - [541/2451] ✅ Arthur Melo
2026-03-11 11:15:44.791 | SUCCESS  | images:telecharger_toutes_images:171 - [542/2451] ✅ Ruslan Malinovskyi
2026-03-11 11:15:45.141 | SUCCESS  | images:telecharger_toutes_images:171 - [543/2451] ✅ Jack Taylor
2026-03-11 11:15:45.225 | SUCCESS  | images:telecharger_toutes_images:171 - [544/2451] ✅ Rasmus Højlund
2026-03-11 11:15:45.851 | SUCCESS  | images:telecharger_toutes_images:171 - [545/2451] ✅ Joshua Kimmich
2026-03-11 11:15:45.978 | SUCCESS  | images:telecharger_toutes_images:171 - [546/2451] ✅ Dani Carvajal
2026-03-11 11:15:46.584 | SUCCESS  | images:telecharger_toutes_images:171 - [547/2451] ✅ Claudio Echeverri
2026-03-11 11:15:46.654 | SUCCESS  | images:telecharger_toutes_images:171 - [548/2451] ✅ Isaac Palazón Camacho
2026-03-11 11:15:46.811 | SUCCESS  | images:telecharger_toutes_images:171 - [549/2451] ✅ Álvaro Rodríguez
2026-03-11 11:15:47.401 | SUCCESS  | images:telecharger_toutes_images:171 - [550/2451] ✅ Timo Werner
2026-03-11 11:15:47.634 | SUCCESS  | images:telecharger_toutes_images:171 - [551/2451] ✅ Gianluca Busio
2026-03-11 11:15:47.787 | SUCCESS  | images:telecharger_toutes_images:171 - [552/2451] ✅ Luis Díaz
2026-03-11 11:15:48.120 | SUCCESS  | images:telecharger_toutes_images:171 - [553/2451] ✅ Jordan Veretout
2026-03-11 11:15:48.484 | SUCCESS  | images:telecharger_toutes_images:171 - [554/2451] ✅ Lorenzo Pellegrini
2026-03-11 11:15:49.016 | SUCCESS  | images:telecharger_toutes_images:171 - [555/2451] ✅ Unai García
2026-03-11 11:15:49.077 | SUCCESS  | images:telecharger_toutes_images:171 - [556/2451] ✅ Antonio Nusa
2026-03-11 11:15:49.659 | SUCCESS  | images:telecharger_toutes_images:171 - [557/2451] ✅ Carlos Alcaraz
2026-03-11 11:15:49.964 | SUCCESS  | images:telecharger_toutes_images:171 - [558/2451] ✅ Valery Fernández
2026-03-11 11:15:49.978 | SUCCESS  | images:telecharger_toutes_images:171 - [559/2451] ✅ Darko Brašanac
2026-03-11 11:15:50.495 | SUCCESS  | images:telecharger_toutes_images:171 - [560/2451] ✅ Alessandro Buongiorno
2026-03-11 11:15:50.645 | SUCCESS  | images:telecharger_toutes_images:171 - [561/2451] ✅ Stefan Lainer
2026-03-11 11:15:51.234 | SUCCESS  | images:telecharger_toutes_images:171 - [562/2451] ✅ Edoardo Goldaniga
2026-03-11 11:15:51.566 | SUCCESS  | images:telecharger_toutes_images:171 - [563/2451] ✅ Nick Pope
2026-03-11 11:15:51.757 | SUCCESS  | images:telecharger_toutes_images:171 - [564/2451] ✅ Amir Rrahmani
2026-03-11 11:15:51.945 | SUCCESS  | images:telecharger_toutes_images:171 - [565/2451] ✅ Oriol Romeu
2026-03-11 11:15:52.072 | SUCCESS  | images:telecharger_toutes_images:171 - [566/2451] ✅ Adam Wharton
2026-03-11 11:15:52.825 | SUCCESS  | images:telecharger_toutes_images:171 - [567/2451] ✅ Angelo Fulgini
2026-03-11 11:15:52.834 | SUCCESS  | images:telecharger_toutes_images:171 - [568/2451] ✅ James Abankwah
2026-03-11 11:15:53.072 | SUCCESS  | images:telecharger_toutes_images:171 - [569/2451] ✅ Neal Maupay
2026-03-11 11:15:53.112 | SUCCESS  | images:telecharger_toutes_images:171 - [570/2451] ✅ Raúl Albiol
2026-03-11 11:15:53.533 | SUCCESS  | images:telecharger_toutes_images:171 - [571/2451] ✅ Lois Diony
2026-03-11 11:15:55.995 | SUCCESS  | images:telecharger_toutes_images:171 - [572/2451] ✅ Justin Kluivert
2026-03-11 11:15:56.092 | SUCCESS  | images:telecharger_toutes_images:171 - [573/2451] ✅ Mehdi Taremi
2026-03-11 11:15:56.107 | SUCCESS  | images:telecharger_toutes_images:171 - [574/2451] ✅ Djibril Sidibé
2026-03-11 11:15:56.107 | WARNING  | images:telecharger_toutes_images:173 - [575/2451] ❌ Jeremy Monga
2026-03-11 11:15:56.228 | SUCCESS  | images:telecharger_toutes_images:171 - [576/2451] ✅ Jon Guridi
2026-03-11 11:15:57.499 | SUCCESS  | images:telecharger_toutes_images:171 - [577/2451] ✅ Mattia Perin
2026-03-11 11:15:57.607 | SUCCESS  | images:telecharger_toutes_images:171 - [578/2451] ✅ Youssef Maleh
2026-03-11 11:15:57.767 | SUCCESS  | images:telecharger_toutes_images:171 - [579/2451] ✅ Eren Dinkçi
2026-03-11 11:15:57.827 | SUCCESS  | images:telecharger_toutes_images:171 - [580/2451] ✅ Enrico Del Prato
2026-03-11 11:15:57.865 | SUCCESS  | images:telecharger_toutes_images:171 - [581/2451] ✅ Djibril Sow
2026-03-11 11:15:58.571 | WARNING  | images:telecharger_toutes_images:173 - [582/2451] ❌ Nathan Wood-Gordon
2026-03-11 11:15:59.051 | SUCCESS  | images:telecharger_toutes_images:171 - [583/2451] ✅ Casemiro
2026-03-11 11:15:59.189 | SUCCESS  | images:telecharger_toutes_images:171 - [584/2451] ✅ Alberto costa
2026-03-11 11:15:59.235 | SUCCESS  | images:telecharger_toutes_images:171 - [585/2451] ✅ Jules Koundé
2026-03-11 11:15:59.593 | SUCCESS  | images:telecharger_toutes_images:171 - [586/2451] ✅ Yordan Osorio
2026-03-11 11:15:59.887 | SUCCESS  | images:telecharger_toutes_images:171 - [587/2451] ✅ Mathieu Gorgelin
2026-03-11 11:16:00.751 | SUCCESS  | images:telecharger_toutes_images:171 - [588/2451] ✅ Darwin Núñez
2026-03-11 11:16:01.059 | SUCCESS  | images:telecharger_toutes_images:171 - [589/2451] ✅ Luka Jović
2026-03-11 11:16:01.150 | WARNING  | images:telecharger_toutes_images:173 - [590/2451] ❌ Carlos Guirao
2026-03-11 11:16:01.193 | WARNING  | images:telecharger_toutes_images:173 - [591/2451] ❌ Jota Silva
2026-03-11 11:16:01.244 | SUCCESS  | images:telecharger_toutes_images:171 - [592/2451] ✅ Glen Kamara
2026-03-11 11:16:02.184 | SUCCESS  | images:telecharger_toutes_images:171 - [593/2451] ✅ Thomas Lemar
2026-03-11 11:16:03.501 | SUCCESS  | images:telecharger_toutes_images:171 - [594/2451] ✅ Conor Townsend
2026-03-11 11:16:03.517 | SUCCESS  | images:telecharger_toutes_images:171 - [595/2451] ✅ James Garner
2026-03-11 11:16:03.533 | SUCCESS  | images:telecharger_toutes_images:171 - [596/2451] ✅ Simon Adingra
2026-03-11 11:16:03.547 | SUCCESS  | images:telecharger_toutes_images:171 - [597/2451] ✅ Michele Di Gregorio
2026-03-11 11:16:04.541 | SUCCESS  | images:telecharger_toutes_images:171 - [598/2451] ✅ Szymon Żurkowski
2026-03-11 11:16:05.494 | SUCCESS  | images:telecharger_toutes_images:171 - [599/2451] ✅ Ferrán Ruiz
2026-03-11 11:16:05.510 | SUCCESS  | images:telecharger_toutes_images:171 - [600/2451] ✅ Suso
2026-03-11 11:16:05.526 | SUCCESS  | images:telecharger_toutes_images:171 - [601/2451] ✅ Stoichkov
2026-03-11 11:16:05.622 | SUCCESS  | images:telecharger_toutes_images:171 - [602/2451] ✅ Jacob Bruun Larsen
2026-03-11 11:16:06.271 | SUCCESS  | images:telecharger_toutes_images:171 - [603/2451] ✅ Scott McKenna
2026-03-11 11:16:07.013 | SUCCESS  | images:telecharger_toutes_images:171 - [604/2451] ✅ Chris Wood
2026-03-11 11:16:07.231 | SUCCESS  | images:telecharger_toutes_images:171 - [605/2451] ✅ Alban Lafont
2026-03-11 11:16:07.246 | SUCCESS  | images:telecharger_toutes_images:171 - [606/2451] ✅ Diego Conde
2026-03-11 11:16:07.434 | SUCCESS  | images:telecharger_toutes_images:171 - [607/2451] ✅ Conor Chaplin
2026-03-11 11:16:07.623 | SUCCESS  | images:telecharger_toutes_images:171 - [608/2451] ✅ Niclas Füllkrug
2026-03-11 11:16:08.424 | SUCCESS  | images:telecharger_toutes_images:171 - [609/2451] ✅ Aurélien Tchouaméni
2026-03-11 11:16:08.498 | SUCCESS  | images:telecharger_toutes_images:171 - [610/2451] ✅ David Neres
2026-03-11 11:16:08.846 | WARNING  | images:telecharger_toutes_images:173 - [611/2451] ❌ Semuel Pizzignacco
2026-03-11 11:16:08.863 | SUCCESS  | images:telecharger_toutes_images:171 - [612/2451] ✅ Clément Lenglet
2026-03-11 11:16:09.014 | SUCCESS  | images:telecharger_toutes_images:171 - [613/2451] ✅ Kalvin Phillips
2026-03-11 11:16:09.597 | WARNING  | images:telecharger_toutes_images:173 - [614/2451] ❌ Toby Collyer
2026-03-11 11:16:09.796 | SUCCESS  | images:telecharger_toutes_images:171 - [615/2451] ✅ Aaron Cresswell
2026-03-11 11:16:10.253 | SUCCESS  | images:telecharger_toutes_images:171 - [616/2451] ✅ Curtis Jones
2026-03-11 11:16:10.431 | SUCCESS  | images:telecharger_toutes_images:171 - [617/2451] ✅ Jan Paul van Hecke
2026-03-11 11:16:10.508 | SUCCESS  | images:telecharger_toutes_images:171 - [618/2451] ✅ Rui Modesto
2026-03-11 11:16:11.109 | SUCCESS  | images:telecharger_toutes_images:171 - [619/2451] ✅ Karim Adeyemi
2026-03-11 11:16:11.118 | SUCCESS  | images:telecharger_toutes_images:171 - [620/2451] ✅ Aaron Malouda
2026-03-11 11:16:11.558 | SUCCESS  | images:telecharger_toutes_images:171 - [621/2451] ✅ Victor Bernth Kristiansen
2026-03-11 11:16:11.935 | SUCCESS  | images:telecharger_toutes_images:171 - [622/2451] ✅ Antonio Blanco
2026-03-11 11:16:12.157 | SUCCESS  | images:telecharger_toutes_images:171 - [623/2451] ✅ Oladapo Afolayan
2026-03-11 11:16:12.919 | SUCCESS  | images:telecharger_toutes_images:171 - [624/2451] ✅ Bruno Fernandes
2026-03-11 11:16:13.022 | SUCCESS  | images:telecharger_toutes_images:171 - [625/2451] ✅ Yangel Herrera
2026-03-11 11:16:13.360 | SUCCESS  | images:telecharger_toutes_images:171 - [626/2451] ✅ Keita Baldé
2026-03-11 11:16:13.883 | SUCCESS  | images:telecharger_toutes_images:171 - [627/2451] ✅ Iker Benito
2026-03-11 11:16:13.890 | SUCCESS  | images:telecharger_toutes_images:171 - [628/2451] ✅ Karol Fila
2026-03-11 11:16:14.255 | SUCCESS  | images:telecharger_toutes_images:171 - [629/2451] ✅ Donny van de Beek
2026-03-11 11:16:14.600 | SUCCESS  | images:telecharger_toutes_images:171 - [630/2451] ✅ Jean-Philippe Mateta
2026-03-11 11:16:14.801 | SUCCESS  | images:telecharger_toutes_images:171 - [631/2451] ✅ Darko Lazović
2026-03-11 11:16:15.247 | WARNING  | images:telecharger_toutes_images:173 - [632/2451] ❌ Eloge Zabi
2026-03-11 11:16:15.521 | WARNING  | images:telecharger_toutes_images:173 - [633/2451] ❌ Lucas Oliveira Rosa
2026-03-11 11:16:15.567 | SUCCESS  | images:telecharger_toutes_images:171 - [634/2451] ✅ Martin Terrier
2026-03-11 11:16:16.251 | SUCCESS  | images:telecharger_toutes_images:171 - [635/2451] ✅ Massadio Haïdara
2026-03-11 11:16:16.448 | SUCCESS  | images:telecharger_toutes_images:171 - [636/2451] ✅ Mohamed Kaba
2026-03-11 11:16:17.045 | SUCCESS  | images:telecharger_toutes_images:171 - [637/2451] ✅ Donovan Léon
2026-03-11 11:16:17.067 | SUCCESS  | images:telecharger_toutes_images:171 - [638/2451] ✅ Alex Baena
2026-03-11 11:16:17.088 | SUCCESS  | images:telecharger_toutes_images:171 - [639/2451] ✅ Oleksandr Zinchenko
2026-03-11 11:16:17.555 | SUCCESS  | images:telecharger_toutes_images:171 - [640/2451] ✅ Thilo Kehrer
2026-03-11 11:16:17.930 | SUCCESS  | images:telecharger_toutes_images:171 - [641/2451] ✅ Zion Suzuki
2026-03-11 11:16:18.383 | SUCCESS  | images:telecharger_toutes_images:171 - [642/2451] ✅ Amos Pieper
2026-03-11 11:16:18.457 | SUCCESS  | images:telecharger_toutes_images:171 - [643/2451] ✅ Alfred Duncan
2026-03-11 11:16:18.482 | SUCCESS  | images:telecharger_toutes_images:171 - [644/2451] ✅ Jonathan Clauss
2026-03-11 11:16:19.284 | SUCCESS  | images:telecharger_toutes_images:171 - [645/2451] ✅ Kevin Schade
2026-03-11 11:16:19.293 | SUCCESS  | images:telecharger_toutes_images:171 - [646/2451] ✅ Thomas Partey
2026-03-11 11:16:20.194 | SUCCESS  | images:telecharger_toutes_images:171 - [647/2451] ✅ Seko Fofana
2026-03-11 11:16:20.262 | SUCCESS  | images:telecharger_toutes_images:171 - [648/2451] ✅ Thierno Barry
2026-03-11 11:16:20.275 | SUCCESS  | images:telecharger_toutes_images:171 - [649/2451] ✅ Alieu Fadera
2026-03-11 11:16:21.010 | SUCCESS  | images:telecharger_toutes_images:171 - [650/2451] ✅ Pau Torres
2026-03-11 11:16:21.216 | SUCCESS  | images:telecharger_toutes_images:171 - [651/2451] ✅ Pau Cabanes
2026-03-11 11:16:21.701 | SUCCESS  | images:telecharger_toutes_images:171 - [652/2451] ✅ Máximo Perrone
2026-03-11 11:16:21.910 | SUCCESS  | images:telecharger_toutes_images:171 - [653/2451] ✅ Stanis Idumbo
2026-03-11 11:16:21.920 | SUCCESS  | images:telecharger_toutes_images:171 - [654/2451] ✅ Alois Confais
2026-03-11 11:16:22.428 | SUCCESS  | images:telecharger_toutes_images:171 - [655/2451] ✅ Gabriel Vidovic
2026-03-11 11:16:22.523 | SUCCESS  | images:telecharger_toutes_images:171 - [656/2451] ✅ Ante Rebić
2026-03-11 11:16:23.356 | SUCCESS  | images:telecharger_toutes_images:171 - [657/2451] ✅ César Azpilicueta
2026-03-11 11:16:23.550 | SUCCESS  | images:telecharger_toutes_images:171 - [658/2451] ✅ Fabio González
2026-03-11 11:16:23.699 | SUCCESS  | images:telecharger_toutes_images:171 - [659/2451] ✅ Yeremi Pino
2026-03-11 11:16:24.008 | SUCCESS  | images:telecharger_toutes_images:171 - [660/2451] ✅ Timo Becker
2026-03-11 11:16:24.239 | SUCCESS  | images:telecharger_toutes_images:171 - [661/2451] ✅ Drissa Camara
2026-03-11 11:16:24.532 | SUCCESS  | images:telecharger_toutes_images:171 - [662/2451] ✅ Hugo Novoa
2026-03-11 11:16:24.743 | WARNING  | images:telecharger_toutes_images:173 - [663/2451] ❌ Gabriel Bares
2026-03-11 11:16:25.143 | SUCCESS  | images:telecharger_toutes_images:171 - [664/2451] ✅ Julien Le Cardinal
2026-03-11 11:16:25.159 | SUCCESS  | images:telecharger_toutes_images:171 - [665/2451] ✅ Alan Matturro
2026-03-11 11:16:25.916 | SUCCESS  | images:telecharger_toutes_images:171 - [666/2451] ✅ Adrian Bernabe
2026-03-11 11:16:26.333 | SUCCESS  | images:telecharger_toutes_images:171 - [667/2451] ✅ Abdul Mumin
2026-03-11 11:16:26.533 | SUCCESS  | images:telecharger_toutes_images:171 - [668/2451] ✅ Marc Domenech
2026-03-11 11:16:26.798 | SUCCESS  | images:telecharger_toutes_images:171 - [669/2451] ✅ Vincenzo Grifo
2026-03-11 11:16:27.153 | SUCCESS  | images:telecharger_toutes_images:171 - [670/2451] ✅ Gvidas Gineitis
2026-03-11 11:16:27.339 | SUCCESS  | images:telecharger_toutes_images:171 - [671/2451] ✅ Gianluca Caprari
2026-03-11 11:16:28.471 | SUCCESS  | images:telecharger_toutes_images:171 - [672/2451] ✅ Koke
2026-03-11 11:16:28.589 | SUCCESS  | images:telecharger_toutes_images:171 - [673/2451] ✅ Juan Soriano
2026-03-11 11:16:28.601 | SUCCESS  | images:telecharger_toutes_images:171 - [674/2451] ✅ Brooke Norton-Cuffy
2026-03-11 11:16:29.336 | SUCCESS  | images:telecharger_toutes_images:171 - [675/2451] ✅ Trevoh Chalobah
2026-03-11 11:16:29.402 | SUCCESS  | images:telecharger_toutes_images:171 - [676/2451] ✅ Adam Hložek
2026-03-11 11:16:30.009 | SUCCESS  | images:telecharger_toutes_images:171 - [677/2451] ✅ Tommy Doyle
2026-03-11 11:16:30.018 | SUCCESS  | images:telecharger_toutes_images:171 - [678/2451] ✅ Nadiem Amiri
2026-03-11 11:16:30.126 | SUCCESS  | images:telecharger_toutes_images:171 - [679/2451] ✅ Arne Engels
2026-03-11 11:16:31.080 | SUCCESS  | images:telecharger_toutes_images:171 - [680/2451] ✅ Mario Hermoso
2026-03-11 11:16:31.147 | SUCCESS  | images:telecharger_toutes_images:171 - [681/2451] ✅ Tommaso Pobega
2026-03-11 11:16:31.279 | SUCCESS  | images:telecharger_toutes_images:171 - [682/2451] ✅ Clinton Mata
2026-03-11 11:16:31.658 | SUCCESS  | images:telecharger_toutes_images:171 - [683/2451] ✅ Filip Marchwiński
2026-03-11 11:16:31.741 | SUCCESS  | images:telecharger_toutes_images:171 - [684/2451] ✅ Lautaro Valenti
2026-03-11 11:16:32.711 | SUCCESS  | images:telecharger_toutes_images:171 - [685/2451] ✅ Mohamed Bamba
2026-03-11 11:16:32.933 | SUCCESS  | images:telecharger_toutes_images:171 - [686/2451] ✅ Boubakar Kouyaté
2026-03-11 11:16:33.077 | SUCCESS  | images:telecharger_toutes_images:171 - [687/2451] ✅ Jubal
2026-03-11 11:16:33.422 | SUCCESS  | images:telecharger_toutes_images:171 - [688/2451] ✅ Youri Tielemans
2026-03-11 11:16:33.521 | WARNING  | images:telecharger_toutes_images:173 - [689/2451] ❌ Daniel Bandeira
2026-03-11 11:16:34.529 | SUCCESS  | images:telecharger_toutes_images:171 - [690/2451] ✅ Giovanni Leoni
2026-03-11 11:16:34.881 | SUCCESS  | images:telecharger_toutes_images:171 - [691/2451] ✅ Hamed Junior Traorè
2026-03-11 11:16:34.961 | SUCCESS  | images:telecharger_toutes_images:171 - [692/2451] ✅ Gustav Isaksen
2026-03-11 11:16:34.974 | SUCCESS  | images:telecharger_toutes_images:171 - [693/2451] ✅ Jan-Niklas Beste
2026-03-11 11:16:35.483 | SUCCESS  | images:telecharger_toutes_images:171 - [694/2451] ✅ Eldor Shomurodov
2026-03-11 11:16:36.557 | SUCCESS  | images:telecharger_toutes_images:171 - [695/2451] ✅ Atakan Karazor
2026-03-11 11:16:36.683 | SUCCESS  | images:telecharger_toutes_images:171 - [696/2451] ✅ Djaoui Cissé
2026-03-11 11:16:36.783 | SUCCESS  | images:telecharger_toutes_images:171 - [697/2451] ✅ Derek Cornelius
2026-03-11 11:16:36.821 | WARNING  | images:telecharger_toutes_images:173 - [698/2451] ❌ Ben Brereton
2026-03-11 11:16:37.130 | SUCCESS  | images:telecharger_toutes_images:171 - [699/2451] ✅ Tom King
2026-03-11 11:16:37.659 | SUCCESS  | images:telecharger_toutes_images:171 - [700/2451] ✅ Hákon Valdimarsson
2026-03-11 11:16:38.061 | SUCCESS  | images:telecharger_toutes_images:171 - [701/2451] ✅ Óscar Perea
2026-03-11 11:16:38.258 | SUCCESS  | images:telecharger_toutes_images:171 - [702/2451] ✅ Asier Villalibre
2026-03-11 11:16:38.361 | SUCCESS  | images:telecharger_toutes_images:171 - [703/2451] ✅ Jude Bellingham
2026-03-11 11:16:38.553 | SUCCESS  | images:telecharger_toutes_images:171 - [704/2451] ✅ Mads Roerslev
2026-03-11 11:16:39.384 | SUCCESS  | images:telecharger_toutes_images:171 - [705/2451] ✅ Darryl Bakola
2026-03-11 11:16:39.789 | SUCCESS  | images:telecharger_toutes_images:171 - [706/2451] ✅ Tim Oermann
2026-03-11 11:16:39.860 | SUCCESS  | images:telecharger_toutes_images:171 - [707/2451] ✅ Nicolas Pépé
2026-03-11 11:16:40.206 | SUCCESS  | images:telecharger_toutes_images:171 - [708/2451] ✅ Yukinari Sugawara
2026-03-11 11:16:40.302 | SUCCESS  | images:telecharger_toutes_images:171 - [709/2451] ✅ Mads Pedersen
2026-03-11 11:16:40.582 | SUCCESS  | images:telecharger_toutes_images:171 - [710/2451] ✅ Andu Kelati
2026-03-11 11:16:41.184 | SUCCESS  | images:telecharger_toutes_images:171 - [711/2451] ✅ Tanguy Nianzou
2026-03-11 11:16:41.193 | SUCCESS  | images:telecharger_toutes_images:171 - [712/2451] ✅ Tyler Fredricson
2026-03-11 11:16:41.960 | SUCCESS  | images:telecharger_toutes_images:171 - [713/2451] ✅ Steven Skrzybski
2026-03-11 11:16:42.010 | SUCCESS  | images:telecharger_toutes_images:171 - [714/2451] ✅ Faris Pemi Moumbagna
2026-03-11 11:16:42.025 | SUCCESS  | images:telecharger_toutes_images:171 - [715/2451] ✅ Mauro Arambarri
2026-03-11 11:16:44.142 | SUCCESS  | images:telecharger_toutes_images:171 - [716/2451] ✅ Mason Greenwood
2026-03-11 11:16:44.259 | SUCCESS  | images:telecharger_toutes_images:171 - [717/2451] ✅ Christian Kouamé
2026-03-11 11:16:45.112 | SUCCESS  | images:telecharger_toutes_images:171 - [718/2451] ✅ Mostafa Mohamed
2026-03-11 11:16:45.173 | SUCCESS  | images:telecharger_toutes_images:171 - [719/2451] ✅ Marcus Pedersen
2026-03-11 11:16:45.187 | SUCCESS  | images:telecharger_toutes_images:171 - [720/2451] ✅ Óscar Valentín
2026-03-11 11:16:45.990 | SUCCESS  | images:telecharger_toutes_images:171 - [721/2451] ✅ David Costa
2026-03-11 11:16:46.000 | SUCCESS  | images:telecharger_toutes_images:171 - [722/2451] ✅ Michel Ndary Adopo
2026-03-11 11:16:46.719 | WARNING  | images:telecharger_toutes_images:173 - [723/2451] ❌ Jan Salas
2026-03-11 11:16:46.724 | WARNING  | images:telecharger_toutes_images:173 - [724/2451] ❌ Benjamin Bouchouari
2026-03-11 11:16:46.888 | SUCCESS  | images:telecharger_toutes_images:171 - [725/2451] ✅ Iñigo Lekue
2026-03-11 11:16:47.326 | SUCCESS  | images:telecharger_toutes_images:171 - [726/2451] ✅ César Tárrega
2026-03-11 11:16:47.410 | SUCCESS  | images:telecharger_toutes_images:171 - [727/2451] ✅ Rani Khedira
2026-03-11 11:16:48.030 | WARNING  | images:telecharger_toutes_images:173 - [728/2451] ❌ Augustine Boakye
2026-03-11 11:16:48.159 | SUCCESS  | images:telecharger_toutes_images:171 - [729/2451] ✅ Saïd Benrahma
2026-03-11 11:16:48.259 | SUCCESS  | images:telecharger_toutes_images:171 - [730/2451] ✅ Dominic Calvert-Lewin
2026-03-11 11:16:48.607 | SUCCESS  | images:telecharger_toutes_images:171 - [731/2451] ✅ Ramon Hendriks
2026-03-11 11:16:48.833 | SUCCESS  | images:telecharger_toutes_images:171 - [732/2451] ✅ Federico Baschirotto
2026-03-11 11:16:50.261 | SUCCESS  | images:telecharger_toutes_images:171 - [733/2451] ✅ Sofyan Amrabat
2026-03-11 11:16:50.274 | SUCCESS  | images:telecharger_toutes_images:171 - [734/2451] ✅ Théo Chennahi
2026-03-11 11:16:50.284 | SUCCESS  | images:telecharger_toutes_images:171 - [735/2451] ✅ Moi Gómez
2026-03-11 11:16:50.492 | SUCCESS  | images:telecharger_toutes_images:171 - [736/2451] ✅ Gianluca Mancini
2026-03-11 11:16:50.783 | SUCCESS  | images:telecharger_toutes_images:171 - [737/2451] ✅ Joško Gvardiol
2026-03-11 11:16:51.908 | SUCCESS  | images:telecharger_toutes_images:171 - [738/2451] ✅ Lilian Brassier
2026-03-11 11:16:52.133 | SUCCESS  | images:telecharger_toutes_images:171 - [739/2451] ✅ Santi Comesaña
2026-03-11 11:16:52.452 | WARNING  | images:telecharger_toutes_images:173 - [740/2451] ❌ Paul Joly
2026-03-11 11:16:52.510 | SUCCESS  | images:telecharger_toutes_images:171 - [741/2451] ✅ Myron Boadu
2026-03-11 11:16:52.582 | SUCCESS  | images:telecharger_toutes_images:171 - [742/2451] ✅ Ladislav Krejčí
2026-03-11 11:16:53.466 | SUCCESS  | images:telecharger_toutes_images:171 - [743/2451] ✅ Artem Dovbyk
2026-03-11 11:16:53.766 | WARNING  | images:telecharger_toutes_images:173 - [744/2451] ❌ Adrian Niño
2026-03-11 11:16:54.088 | SUCCESS  | images:telecharger_toutes_images:171 - [745/2451] ✅ Hugo Ekitike
2026-03-11 11:16:54.122 | SUCCESS  | images:telecharger_toutes_images:171 - [746/2451] ✅ Castello Lukeba
2026-03-11 11:16:54.256 | SUCCESS  | images:telecharger_toutes_images:171 - [747/2451] ✅ Julian Niehues
2026-03-11 11:16:54.837 | SUCCESS  | images:telecharger_toutes_images:171 - [748/2451] ✅ Francesco Caputo
2026-03-11 11:16:55.246 | SUCCESS  | images:telecharger_toutes_images:171 - [749/2451] ✅ Teddy Teuma
2026-03-11 11:16:55.447 | SUCCESS  | images:telecharger_toutes_images:171 - [750/2451] ✅ Othmane Maamma
2026-03-11 11:16:55.957 | SUCCESS  | images:telecharger_toutes_images:171 - [751/2451] ✅ Marcus Tavernier
2026-03-11 11:16:56.031 | SUCCESS  | images:telecharger_toutes_images:171 - [752/2451] ✅ Robin Zentner
2026-03-11 11:16:56.259 | SUCCESS  | images:telecharger_toutes_images:171 - [753/2451] ✅ Kevin Paredes
2026-03-11 11:16:56.833 | SUCCESS  | images:telecharger_toutes_images:171 - [754/2451] ✅ Kiernan Dewsbury-Hall
2026-03-11 11:16:57.153 | SUCCESS  | images:telecharger_toutes_images:171 - [755/2451] ✅ Igor Zubeldia
2026-03-11 11:16:57.684 | SUCCESS  | images:telecharger_toutes_images:171 - [756/2451] ✅ Felix Passlack
2026-03-11 11:16:57.695 | SUCCESS  | images:telecharger_toutes_images:171 - [757/2451] ✅ Philipp Sander
2026-03-11 11:16:57.985 | SUCCESS  | images:telecharger_toutes_images:171 - [758/2451] ✅ Rubén García
2026-03-11 11:16:58.131 | SUCCESS  | images:telecharger_toutes_images:171 - [759/2451] ✅ Filippo Terracciano
2026-03-11 11:16:59.204 | SUCCESS  | images:telecharger_toutes_images:171 - [760/2451] ✅ Tanguy Ndombele
2026-03-11 11:16:59.212 | SUCCESS  | images:telecharger_toutes_images:171 - [761/2451] ✅ Tyrick Mitchell
2026-03-11 11:16:59.409 | SUCCESS  | images:telecharger_toutes_images:171 - [762/2451] ✅ Alejandro Balde
2026-03-11 11:16:59.932 | SUCCESS  | images:telecharger_toutes_images:171 - [763/2451] ✅ Yoram Zague
2026-03-11 11:16:59.942 | SUCCESS  | images:telecharger_toutes_images:171 - [764/2451] ✅ Gaetano Oristanio
2026-03-11 11:17:00.535 | SUCCESS  | images:telecharger_toutes_images:171 - [765/2451] ✅ Yanis Issoufou
2026-03-11 11:17:00.682 | SUCCESS  | images:telecharger_toutes_images:171 - [766/2451] ✅ Adrien Truffert
2026-03-11 11:17:01.056 | SUCCESS  | images:telecharger_toutes_images:171 - [767/2451] ✅ Carl Starfelt
2026-03-11 11:17:01.231 | SUCCESS  | images:telecharger_toutes_images:171 - [768/2451] ✅ Patrik Schick
2026-03-11 11:17:01.504 | SUCCESS  | images:telecharger_toutes_images:171 - [769/2451] ✅ Meschak Elia
2026-03-11 11:17:02.596 | SUCCESS  | images:telecharger_toutes_images:171 - [770/2451] ✅ Frederic Guilbert
2026-03-11 11:17:02.640 | SUCCESS  | images:telecharger_toutes_images:171 - [771/2451] ✅ Nicolas Höfler
2026-03-11 11:17:02.863 | SUCCESS  | images:telecharger_toutes_images:171 - [772/2451] ✅ Maximilian Beier
2026-03-11 11:17:02.947 | SUCCESS  | images:telecharger_toutes_images:171 - [773/2451] ✅ Pablo Maffeo
2026-03-11 11:17:03.381 | SUCCESS  | images:telecharger_toutes_images:171 - [774/2451] ✅ Lucas Perri
2026-03-11 11:17:03.830 | SUCCESS  | images:telecharger_toutes_images:171 - [775/2451] ✅ Unai Simón
2026-03-11 11:17:04.436 | SUCCESS  | images:telecharger_toutes_images:171 - [776/2451] ✅ André Ayew
2026-03-11 11:17:04.521 | SUCCESS  | images:telecharger_toutes_images:171 - [777/2451] ✅ Danny da Costa
2026-03-11 11:17:04.583 | SUCCESS  | images:telecharger_toutes_images:171 - [778/2451] ✅ Patrick Ciurria
2026-03-11 11:17:05.108 | SUCCESS  | images:telecharger_toutes_images:171 - [779/2451] ✅ Axel Witsel
2026-03-11 11:17:05.288 | SUCCESS  | images:telecharger_toutes_images:171 - [780/2451] ✅ Myles Lewis-Skelly
2026-03-11 11:17:06.036 | SUCCESS  | images:telecharger_toutes_images:171 - [781/2451] ✅ William Smallbone
2026-03-11 11:17:06.232 | SUCCESS  | images:telecharger_toutes_images:171 - [782/2451] ✅ Franco Cervi
2026-03-11 11:17:06.243 | SUCCESS  | images:telecharger_toutes_images:171 - [783/2451] ✅ Irvin Cardona
2026-03-11 11:17:07.516 | SUCCESS  | images:telecharger_toutes_images:171 - [784/2451] ✅ Brandon Austin
2026-03-11 11:17:07.585 | SUCCESS  | images:telecharger_toutes_images:171 - [785/2451] ✅ Baptiste Santamaria
2026-03-11 11:17:08.640 | SUCCESS  | images:telecharger_toutes_images:171 - [786/2451] ✅ Fran
2026-03-11 11:17:08.653 | SUCCESS  | images:telecharger_toutes_images:171 - [787/2451] ✅ Pietro Comuzzo
2026-03-11 11:17:08.667 | SUCCESS  | images:telecharger_toutes_images:171 - [788/2451] ✅ Lassine Sinayoko
2026-03-11 11:17:09.486 | SUCCESS  | images:telecharger_toutes_images:171 - [789/2451] ✅ Waldemar Anton
2026-03-11 11:17:09.536 | SUCCESS  | images:telecharger_toutes_images:171 - [790/2451] ✅ Carlens Arcus
2026-03-11 11:17:10.452 | SUCCESS  | images:telecharger_toutes_images:171 - [791/2451] ✅ Matteo Politano
2026-03-11 11:17:10.461 | SUCCESS  | images:telecharger_toutes_images:171 - [792/2451] ✅ Mattéo Guendouzi
2026-03-11 11:17:10.470 | SUCCESS  | images:telecharger_toutes_images:171 - [793/2451] ✅ John Tolkin
2026-03-11 11:17:10.987 | SUCCESS  | images:telecharger_toutes_images:171 - [794/2451] ✅ Romelu Lukaku
2026-03-11 11:17:11.109 | SUCCESS  | images:telecharger_toutes_images:171 - [795/2451] ✅ Johan Vásquez
2026-03-11 11:17:11.633 | SUCCESS  | images:telecharger_toutes_images:171 - [796/2451] ✅ Iliman Ndiaye
2026-03-11 11:17:11.814 | SUCCESS  | images:telecharger_toutes_images:171 - [797/2451] ✅ Ibrahima Konaté
2026-03-11 11:17:12.310 | SUCCESS  | images:telecharger_toutes_images:171 - [798/2451] ✅ Kenedy
2026-03-11 11:17:12.557 | SUCCESS  | images:telecharger_toutes_images:171 - [799/2451] ✅ Francisco Conceição
2026-03-11 11:17:12.826 | SUCCESS  | images:telecharger_toutes_images:171 - [800/2451] ✅ John Stones
2026-03-11 11:17:13.468 | SUCCESS  | images:telecharger_toutes_images:171 - [801/2451] ✅ Babis Lykogiannis
2026-03-11 11:17:13.673 | SUCCESS  | images:telecharger_toutes_images:171 - [802/2451] ✅ Gaby Jean
2026-03-11 11:17:13.898 | SUCCESS  | images:telecharger_toutes_images:171 - [803/2451] ✅ Federico Cassa
2026-03-11 11:17:14.335 | SUCCESS  | images:telecharger_toutes_images:171 - [804/2451] ✅ Moses Simon
2026-03-11 11:17:14.643 | SUCCESS  | images:telecharger_toutes_images:171 - [805/2451] ✅ Jakov Medić
2026-03-11 11:17:15.178 | SUCCESS  | images:telecharger_toutes_images:171 - [806/2451] ✅ Nicola Leali
2026-03-11 11:17:15.385 | SUCCESS  | images:telecharger_toutes_images:171 - [807/2451] ✅ Mateu Morey
2026-03-11 11:17:15.533 | SUCCESS  | images:telecharger_toutes_images:171 - [808/2451] ✅ Alex Sola
2026-03-11 11:17:15.984 | SUCCESS  | images:telecharger_toutes_images:171 - [809/2451] ✅ Gleison Bremer
2026-03-11 11:17:16.201 | SUCCESS  | images:telecharger_toutes_images:171 - [810/2451] ✅ Thibault De Smet
2026-03-11 11:17:16.377 | SUCCESS  | images:telecharger_toutes_images:171 - [811/2451] ✅ Enzo Fernández
2026-03-11 11:17:16.594 | SUCCESS  | images:telecharger_toutes_images:171 - [812/2451] ✅ Luka Modrić
2026-03-11 11:17:16.911 | SUCCESS  | images:telecharger_toutes_images:171 - [813/2451] ✅ Javi Sánchez
2026-03-11 11:17:17.301 | SUCCESS  | images:telecharger_toutes_images:171 - [814/2451] ✅ Andrej Kramarić
2026-03-11 11:17:18.114 | SUCCESS  | images:telecharger_toutes_images:171 - [815/2451] ✅ Brice Samba
2026-03-11 11:17:18.160 | SUCCESS  | images:telecharger_toutes_images:171 - [816/2451] ✅ Johan Mojica
2026-03-11 11:17:18.264 | SUCCESS  | images:telecharger_toutes_images:171 - [817/2451] ✅ Ike Orazi
2026-03-11 11:17:18.308 | SUCCESS  | images:telecharger_toutes_images:171 - [818/2451] ✅ José Campaña
2026-03-11 11:17:20.076 | SUCCESS  | images:telecharger_toutes_images:171 - [819/2451] ✅ Stanley N'Soki
2026-03-11 11:17:21.092 | SUCCESS  | images:telecharger_toutes_images:171 - [820/2451] ✅ Adrian Beck
2026-03-11 11:17:21.105 | SUCCESS  | images:telecharger_toutes_images:171 - [821/2451] ✅ Ludovic Blas
2026-03-11 11:17:21.116 | SUCCESS  | images:telecharger_toutes_images:171 - [822/2451] ✅ Manuel Fuster
2026-03-11 11:17:21.128 | SUCCESS  | images:telecharger_toutes_images:171 - [823/2451] ✅ Jeong Woo-yeong
2026-03-11 11:17:22.040 | SUCCESS  | images:telecharger_toutes_images:171 - [824/2451] ✅ Raúl Chasco
2026-03-11 11:17:22.633 | SUCCESS  | images:telecharger_toutes_images:171 - [825/2451] ✅ Kamil Grabara
2026-03-11 11:17:22.815 | SUCCESS  | images:telecharger_toutes_images:171 - [826/2451] ✅ Mamadou Sarr
2026-03-11 11:17:22.839 | SUCCESS  | images:telecharger_toutes_images:171 - [827/2451] ✅ Alberto Dossena
2026-03-11 11:17:22.854 | SUCCESS  | images:telecharger_toutes_images:171 - [828/2451] ✅ Radu Drăgușin
2026-03-11 11:17:23.558 | SUCCESS  | images:telecharger_toutes_images:171 - [829/2451] ✅ Oliver Skipp
2026-03-11 11:17:23.777 | SUCCESS  | images:telecharger_toutes_images:171 - [830/2451] ✅ Gerónimo Rulli
2026-03-11 11:17:24.382 | SUCCESS  | images:telecharger_toutes_images:171 - [831/2451] ✅ Nicolai Remberg
2026-03-11 11:17:24.529 | SUCCESS  | images:telecharger_toutes_images:171 - [832/2451] ✅ Yannick Gerhardt
2026-03-11 11:17:24.592 | SUCCESS  | images:telecharger_toutes_images:171 - [833/2451] ✅ Rabby Nzingoula
2026-03-11 11:17:25.897 | SUCCESS  | images:telecharger_toutes_images:171 - [834/2451] ✅ Caoimhín Kelleher
2026-03-11 11:17:25.974 | SUCCESS  | images:telecharger_toutes_images:171 - [835/2451] ✅ Falaye Sacko
2026-03-11 11:17:26.034 | SUCCESS  | images:telecharger_toutes_images:171 - [836/2451] ✅ Marvin Ducksch
2026-03-11 11:17:26.787 | SUCCESS  | images:telecharger_toutes_images:171 - [837/2451] ✅ Pep Chavarría
2026-03-11 11:17:26.945 | SUCCESS  | images:telecharger_toutes_images:171 - [838/2451] ✅ Djylian N'Guessan
2026-03-11 11:17:27.412 | SUCCESS  | images:telecharger_toutes_images:171 - [839/2451] ✅ Alfonso Pedraza
2026-03-11 11:17:27.536 | SUCCESS  | images:telecharger_toutes_images:171 - [840/2451] ✅ Paulo Gazzaniga
2026-03-11 11:17:27.680 | SUCCESS  | images:telecharger_toutes_images:171 - [841/2451] ✅ Carlos Martín
2026-03-11 11:17:28.452 | SUCCESS  | images:telecharger_toutes_images:171 - [842/2451] ✅ Rodri
2026-03-11 11:17:28.730 | SUCCESS  | images:telecharger_toutes_images:171 - [843/2451] ✅ Angel Gomes
2026-03-11 11:17:29.466 | SUCCESS  | images:telecharger_toutes_images:171 - [844/2451] ✅ Ange-Yoan Bonny
2026-03-11 11:17:29.558 | SUCCESS  | images:telecharger_toutes_images:171 - [845/2451] ✅ Caleb Wiley
2026-03-11 11:17:29.569 | SUCCESS  | images:telecharger_toutes_images:171 - [846/2451] ✅ Saba Sazonov
2026-03-11 11:17:29.933 | SUCCESS  | images:telecharger_toutes_images:171 - [847/2451] ✅ Andrea Colpani
2026-03-11 11:17:30.095 | SUCCESS  | images:telecharger_toutes_images:171 - [848/2451] ✅ Emil Audero
2026-03-11 11:17:30.719 | SUCCESS  | images:telecharger_toutes_images:171 - [849/2451] ✅ Jhoanner Chávez
2026-03-11 11:17:31.238 | SUCCESS  | images:telecharger_toutes_images:171 - [850/2451] ✅ Tidiam Gomis
2026-03-11 11:17:31.434 | SUCCESS  | images:telecharger_toutes_images:171 - [851/2451] ✅ Ayden Heaven
2026-03-11 11:17:31.606 | SUCCESS  | images:telecharger_toutes_images:171 - [852/2451] ✅ Rudy Matondo
2026-03-11 11:17:31.806 | SUCCESS  | images:telecharger_toutes_images:171 - [853/2451] ✅ Luca Marianucci
2026-03-11 11:17:31.985 | SUCCESS  | images:telecharger_toutes_images:171 - [854/2451] ✅ Borja Mayoral
2026-03-11 11:17:32.571 | SUCCESS  | images:telecharger_toutes_images:171 - [855/2451] ✅ Kevin Volland
2026-03-11 11:17:33.071 | WARNING  | images:telecharger_toutes_images:173 - [856/2451] ❌ Antoine Hainaut
2026-03-11 11:17:33.194 | SUCCESS  | images:telecharger_toutes_images:171 - [857/2451] ✅ Marvin Schulz
2026-03-11 11:17:33.247 | SUCCESS  | images:telecharger_toutes_images:171 - [858/2451] ✅ Rodrigo Riquelme
2026-03-11 11:17:33.643 | SUCCESS  | images:telecharger_toutes_images:171 - [859/2451] ✅ Corentin Tolisso
2026-03-11 11:17:34.212 | SUCCESS  | images:telecharger_toutes_images:171 - [860/2451] ✅ Tim Skarke
2026-03-11 11:17:34.977 | SUCCESS  | images:telecharger_toutes_images:171 - [861/2451] ✅ Youssouf Ndayishimiye
2026-03-11 11:17:34.987 | SUCCESS  | images:telecharger_toutes_images:171 - [862/2451] ✅ Sergi
2026-03-11 11:17:35.036 | SUCCESS  | images:telecharger_toutes_images:171 - [863/2451] ✅ Mohamed Amoura
2026-03-11 11:17:35.271 | SUCCESS  | images:telecharger_toutes_images:171 - [864/2451] ✅ Abdou Harroui
2026-03-11 11:17:35.634 | SUCCESS  | images:telecharger_toutes_images:171 - [865/2451] ✅ Filippo Melegoni
2026-03-11 11:17:36.083 | SUCCESS  | images:telecharger_toutes_images:171 - [866/2451] ✅ Kassoum Ouattara
2026-03-11 11:17:36.530 | SUCCESS  | images:telecharger_toutes_images:171 - [867/2451] ✅ Tomáš Souček
2026-03-11 11:17:36.563 | SUCCESS  | images:telecharger_toutes_images:171 - [868/2451] ✅ Alexander Prass
2026-03-11 11:17:36.766 | SUCCESS  | images:telecharger_toutes_images:171 - [869/2451] ✅ Andreas Pereira
2026-03-11 11:17:37.074 | SUCCESS  | images:telecharger_toutes_images:171 - [870/2451] ✅ Federico Ravaglia
2026-03-11 11:17:37.277 | SUCCESS  | images:telecharger_toutes_images:171 - [871/2451] ✅ Nahuel Tenaglia
2026-03-11 11:17:37.656 | SUCCESS  | images:telecharger_toutes_images:171 - [872/2451] ✅ Emi Buendía
2026-03-11 11:17:37.813 | SUCCESS  | images:telecharger_toutes_images:171 - [873/2451] ✅ Ferdi Kadioglu
2026-03-11 11:17:38.259 | SUCCESS  | images:telecharger_toutes_images:171 - [874/2451] ✅ Vladyslav Krapyvtsov
2026-03-11 11:17:38.783 | SUCCESS  | images:telecharger_toutes_images:171 - [875/2451] ✅ Miguel
2026-03-11 11:17:38.792 | SUCCESS  | images:telecharger_toutes_images:171 - [876/2451] ✅ Fer López
2026-03-11 11:17:39.381 | SUCCESS  | images:telecharger_toutes_images:171 - [877/2451] ✅ Gabriel Magalhães
2026-03-11 11:17:39.408 | SUCCESS  | images:telecharger_toutes_images:171 - [878/2451] ✅ Leny Yoro
2026-03-11 11:17:39.753 | SUCCESS  | images:telecharger_toutes_images:171 - [879/2451] ✅ Michael Golding
2026-03-11 11:17:40.053 | SUCCESS  | images:telecharger_toutes_images:171 - [880/2451] ✅ Ionuț Radu
2026-03-11 11:17:40.572 | WARNING  | images:telecharger_toutes_images:173 - [881/2451] ❌ Alessandro Vogliacco
2026-03-11 11:17:41.023 | SUCCESS  | images:telecharger_toutes_images:171 - [882/2451] ✅ Umar Sadiq
2026-03-11 11:17:41.389 | WARNING  | images:telecharger_toutes_images:173 - [883/2451] ❌ Álvaro Pascual
2026-03-11 11:17:41.406 | SUCCESS  | images:telecharger_toutes_images:171 - [884/2451] ✅ Pedro Chirivella
2026-03-11 11:17:41.660 | SUCCESS  | images:telecharger_toutes_images:171 - [885/2451] ✅ Adam Armstrong
2026-03-11 11:17:41.929 | SUCCESS  | images:telecharger_toutes_images:171 - [886/2451] ✅ Daniel Bentley
2026-03-11 11:17:42.299 | WARNING  | images:telecharger_toutes_images:173 - [887/2451] ❌ Kacper Koscierski
2026-03-11 11:17:42.703 | SUCCESS  | images:telecharger_toutes_images:171 - [888/2451] ✅ Daley Blind
2026-03-11 11:17:42.865 | SUCCESS  | images:telecharger_toutes_images:171 - [889/2451] ✅ Nicolò Barella
2026-03-11 11:17:43.340 | SUCCESS  | images:telecharger_toutes_images:171 - [890/2451] ✅ James Hill
2026-03-11 11:17:43.507 | SUCCESS  | images:telecharger_toutes_images:171 - [891/2451] ✅ Moussa Diarra
2026-03-11 11:17:43.795 | WARNING  | images:telecharger_toutes_images:173 - [892/2451] ❌ Rodrigo Abajas
2026-03-11 11:17:44.256 | SUCCESS  | images:telecharger_toutes_images:171 - [893/2451] ✅ Flynn Downes
2026-03-11 11:17:44.404 | SUCCESS  | images:telecharger_toutes_images:171 - [894/2451] ✅ Leandro Cabrera
2026-03-11 11:17:44.636 | SUCCESS  | images:telecharger_toutes_images:171 - [895/2451] ✅ Asher Agbinone
2026-03-11 11:17:44.861 | SUCCESS  | images:telecharger_toutes_images:171 - [896/2451] ✅ David Odogu
2026-03-11 11:17:44.937 | SUCCESS  | images:telecharger_toutes_images:171 - [897/2451] ✅ Robert Sánchez
2026-03-11 11:17:46.012 | SUCCESS  | images:telecharger_toutes_images:171 - [898/2451] ✅ Ryan Sessegnon
2026-03-11 11:17:46.100 | SUCCESS  | images:telecharger_toutes_images:171 - [899/2451] ✅ Iñaki Williams
2026-03-11 11:17:46.136 | SUCCESS  | images:telecharger_toutes_images:171 - [900/2451] ✅ Willy Kambwala
2026-03-11 11:17:46.659 | SUCCESS  | images:telecharger_toutes_images:171 - [901/2451] ✅ Tyronne Ebuehi
2026-03-11 11:17:46.667 | SUCCESS  | images:telecharger_toutes_images:171 - [902/2451] ✅ Jack Stephens
2026-03-11 11:17:47.332 | SUCCESS  | images:telecharger_toutes_images:171 - [903/2451] ✅ Bryan Mbeumo
2026-03-11 11:17:47.518 | SUCCESS  | images:telecharger_toutes_images:171 - [904/2451] ✅ Zinédine Ould Khaled
2026-03-11 11:17:48.117 | SUCCESS  | images:telecharger_toutes_images:171 - [905/2451] ✅ Wilfred Ndidi
2026-03-11 11:17:48.339 | SUCCESS  | images:telecharger_toutes_images:171 - [906/2451] ✅ Gorka Guruzeta
2026-03-11 11:17:48.530 | SUCCESS  | images:telecharger_toutes_images:171 - [907/2451] ✅ Hamza Rafia
2026-03-11 11:17:48.837 | SUCCESS  | images:telecharger_toutes_images:171 - [908/2451] ✅ Ardian Ismajli
2026-03-11 11:17:48.845 | SUCCESS  | images:telecharger_toutes_images:171 - [909/2451] ✅ Valentin Atangana Edoa
2026-03-11 11:17:49.767 | SUCCESS  | images:telecharger_toutes_images:171 - [910/2451] ✅ Warren Zaïre-Emery
2026-03-11 11:17:49.848 | SUCCESS  | images:telecharger_toutes_images:171 - [911/2451] ✅ Tyrell Malacia
2026-03-11 11:17:49.916 | SUCCESS  | images:telecharger_toutes_images:171 - [912/2451] ✅ Guillaume Restes
2026-03-11 11:17:50.405 | SUCCESS  | images:telecharger_toutes_images:171 - [913/2451] ✅ Enzo Loiodice
2026-03-11 11:17:50.417 | SUCCESS  | images:telecharger_toutes_images:171 - [914/2451] ✅ Andre-Frank Zambo Anguissa
2026-03-11 11:17:51.337 | SUCCESS  | images:telecharger_toutes_images:171 - [915/2451] ✅ Téji Savanier
2026-03-11 11:17:51.426 | SUCCESS  | images:telecharger_toutes_images:171 - [916/2451] ✅ Jean-Philippe Gbamin
2026-03-11 11:17:51.608 | SUCCESS  | images:telecharger_toutes_images:171 - [917/2451] ✅ Yann Gboho
2026-03-11 11:17:51.912 | SUCCESS  | images:telecharger_toutes_images:171 - [918/2451] ✅ Yves Bissouma
2026-03-11 11:17:52.581 | SUCCESS  | images:telecharger_toutes_images:171 - [919/2451] ✅ Florent Hanin
2026-03-11 11:17:52.950 | SUCCESS  | images:telecharger_toutes_images:171 - [920/2451] ✅ Justin Devenny
2026-03-11 11:17:53.108 | SUCCESS  | images:telecharger_toutes_images:171 - [921/2451] ✅ Juan Foyth
2026-03-11 11:17:53.117 | SUCCESS  | images:telecharger_toutes_images:171 - [922/2451] ✅ Silvère Ganvoula M'Boussy
2026-03-11 11:17:53.344 | SUCCESS  | images:telecharger_toutes_images:171 - [923/2451] ✅ Carles Aleñá
2026-03-11 11:17:53.931 | SUCCESS  | images:telecharger_toutes_images:171 - [924/2451] ✅ Sacha Boey
2026-03-11 11:17:55.062 | SUCCESS  | images:telecharger_toutes_images:171 - [925/2451] ✅ Alex Iwobi
2026-03-11 11:17:55.156 | SUCCESS  | images:telecharger_toutes_images:171 - [926/2451] ✅ Alberto Grassi
2026-03-11 11:17:55.362 | SUCCESS  | images:telecharger_toutes_images:171 - [927/2451] ✅ Enzo Barrenechea
2026-03-11 11:17:55.510 | SUCCESS  | images:telecharger_toutes_images:171 - [928/2451] ✅ Abel Ruiz
2026-03-11 11:17:55.953 | SUCCESS  | images:telecharger_toutes_images:171 - [929/2451] ✅ Youssoufa Moukoko
2026-03-11 11:17:56.559 | SUCCESS  | images:telecharger_toutes_images:171 - [930/2451] ✅ Habib Diarra
2026-03-11 11:17:56.860 | SUCCESS  | images:telecharger_toutes_images:171 - [931/2451] ✅ Yerry Mina
2026-03-11 11:17:56.946 | SUCCESS  | images:telecharger_toutes_images:171 - [932/2451] ✅ Pablo Durán
2026-03-11 11:17:57.534 | SUCCESS  | images:telecharger_toutes_images:171 - [933/2451] ✅ Sinaly Diomande
2026-03-11 11:17:57.706 | SUCCESS  | images:telecharger_toutes_images:171 - [934/2451] ✅ David Preu
2026-03-11 11:17:58.588 | SUCCESS  | images:telecharger_toutes_images:171 - [935/2451] ✅ Romain Perraud
2026-03-11 11:17:58.657 | SUCCESS  | images:telecharger_toutes_images:171 - [936/2451] ✅ Giacomo Raspadori
2026-03-11 11:17:58.736 | SUCCESS  | images:telecharger_toutes_images:171 - [937/2451] ✅ Mikkel Kaufmann
2026-03-11 11:17:59.260 | SUCCESS  | images:telecharger_toutes_images:171 - [938/2451] ✅ Morgan Sanson
2026-03-11 11:17:59.269 | SUCCESS  | images:telecharger_toutes_images:171 - [939/2451] ✅ Kevin Danso
2026-03-11 11:17:59.948 | SUCCESS  | images:telecharger_toutes_images:171 - [940/2451] ✅ Alex Palmer
2026-03-11 11:18:00.157 | SUCCESS  | images:telecharger_toutes_images:171 - [941/2451] ✅ Florian Lejeune
2026-03-11 11:18:00.448 | SUCCESS  | images:telecharger_toutes_images:171 - [942/2451] ✅ Kevin Akpoguma
2026-03-11 11:18:00.817 | SUCCESS  | images:telecharger_toutes_images:171 - [943/2451] ✅ Ruben Vargas
2026-03-11 11:18:00.904 | SUCCESS  | images:telecharger_toutes_images:171 - [944/2451] ✅ Berat Djimsiti
2026-03-11 11:18:01.212 | SUCCESS  | images:telecharger_toutes_images:171 - [945/2451] ✅ Hugo Álvarez
2026-03-11 11:18:02.254 | SUCCESS  | images:telecharger_toutes_images:171 - [946/2451] ✅ Marc-André ter Stegen
2026-03-11 11:18:02.266 | SUCCESS  | images:telecharger_toutes_images:171 - [947/2451] ✅ Evanilson
2026-03-11 11:18:02.284 | SUCCESS  | images:telecharger_toutes_images:171 - [948/2451] ✅ Hernani
2026-03-11 11:18:03.497 | SUCCESS  | images:telecharger_toutes_images:171 - [949/2451] ✅ Facundo Medina
2026-03-11 11:18:03.508 | SUCCESS  | images:telecharger_toutes_images:171 - [950/2451] ✅ Andoni Gorosabel
2026-03-11 11:18:04.292 | SUCCESS  | images:telecharger_toutes_images:171 - [951/2451] ✅ Douglas Luiz
2026-03-11 11:18:04.301 | SUCCESS  | images:telecharger_toutes_images:171 - [952/2451] ✅ Marcus Thuram
2026-03-11 11:18:04.438 | SUCCESS  | images:telecharger_toutes_images:171 - [953/2451] ✅ Enzo Le Fée
2026-03-11 11:18:05.226 | WARNING  | images:telecharger_toutes_images:173 - [954/2451] ❌ Roman Dixon
2026-03-11 11:18:05.248 | SUCCESS  | images:telecharger_toutes_images:171 - [955/2451] ✅ Osame Sahraoui
2026-03-11 11:18:06.161 | SUCCESS  | images:telecharger_toutes_images:171 - [956/2451] ✅ Jaka Bijol
2026-03-11 11:18:06.173 | SUCCESS  | images:telecharger_toutes_images:171 - [957/2451] ✅ Ayanda Sishuba
2026-03-11 11:18:06.235 | SUCCESS  | images:telecharger_toutes_images:171 - [958/2451] ✅ Levi Colwill
2026-03-11 11:18:07.051 | SUCCESS  | images:telecharger_toutes_images:171 - [959/2451] ✅ Iván Sánchez
2026-03-11 11:18:07.136 | SUCCESS  | images:telecharger_toutes_images:171 - [960/2451] ✅ Téo Barisic
2026-03-11 11:18:07.963 | SUCCESS  | images:telecharger_toutes_images:171 - [961/2451] ✅ Valentin Carboni
2026-03-11 11:18:07.973 | SUCCESS  | images:telecharger_toutes_images:171 - [962/2451] ✅ Reda Belahyane
2026-03-11 11:18:08.108 | SUCCESS  | images:telecharger_toutes_images:171 - [963/2451] ✅ Gabriel Moscardo
2026-03-11 11:18:08.936 | SUCCESS  | images:telecharger_toutes_images:171 - [964/2451] ✅ Jean Mattéo Bahoya
2026-03-11 11:18:09.103 | SUCCESS  | images:telecharger_toutes_images:171 - [965/2451] ✅ Jacopo Seghetti
2026-03-11 11:18:09.536 | SUCCESS  | images:telecharger_toutes_images:171 - [966/2451] ✅ Max Moerstedt
2026-03-11 11:18:09.838 | SUCCESS  | images:telecharger_toutes_images:171 - [967/2451] ✅ Dani Rodríguez
2026-03-11 11:18:09.849 | SUCCESS  | images:telecharger_toutes_images:171 - [968/2451] ✅ Janik Haberer
2026-03-11 11:18:10.171 | SUCCESS  | images:telecharger_toutes_images:171 - [969/2451] ✅ Vinicius Júnior
2026-03-11 11:18:10.659 | SUCCESS  | images:telecharger_toutes_images:171 - [970/2451] ✅ Borna Barišić
2026-03-11 11:18:11.201 | SUCCESS  | images:telecharger_toutes_images:171 - [971/2451] ✅ James Rodríguez
2026-03-11 11:18:11.267 | SUCCESS  | images:telecharger_toutes_images:171 - [972/2451] ✅ Pape Gueye
2026-03-11 11:18:12.000 | WARNING  | images:telecharger_toutes_images:173 - [973/2451] ❌ Florian Ayé
2026-03-11 11:18:12.233 | SUCCESS  | images:telecharger_toutes_images:171 - [974/2451] ✅ Cucho
2026-03-11 11:18:12.835 | SUCCESS  | images:telecharger_toutes_images:171 - [975/2451] ✅ Lucas Tousart
2026-03-11 11:18:12.938 | SUCCESS  | images:telecharger_toutes_images:171 - [976/2451] ✅ Fran Garcia
2026-03-11 11:18:12.984 | SUCCESS  | images:telecharger_toutes_images:171 - [977/2451] ✅ Arthur Vermeeren
2026-03-11 11:18:13.464 | SUCCESS  | images:telecharger_toutes_images:171 - [978/2451] ✅ Haris Tabakovic
2026-03-11 11:18:14.250 | WARNING  | images:telecharger_toutes_images:173 - [979/2451] ❌ Endika Buján
2026-03-11 11:18:14.434 | SUCCESS  | images:telecharger_toutes_images:171 - [980/2451] ✅ Abdoulie Ceesay
2026-03-11 11:18:14.510 | SUCCESS  | images:telecharger_toutes_images:171 - [981/2451] ✅ Idrissa Gana Gueye
2026-03-11 11:18:14.560 | SUCCESS  | images:telecharger_toutes_images:171 - [982/2451] ✅ Bojan Miovski
2026-03-11 11:18:15.159 | SUCCESS  | images:telecharger_toutes_images:171 - [983/2451] ✅ Daley Sinkgraven
2026-03-11 11:18:15.450 | WARNING  | images:telecharger_toutes_images:173 - [984/2451] ❌ Hiroki Sekine
2026-03-11 11:18:16.092 | SUCCESS  | images:telecharger_toutes_images:171 - [985/2451] ✅ Steve Ngoura
2026-03-11 11:18:16.225 | SUCCESS  | images:telecharger_toutes_images:171 - [986/2451] ✅ Keyliane Abdallah
2026-03-11 11:18:16.406 | SUCCESS  | images:telecharger_toutes_images:171 - [987/2451] ✅ Ryan Trevitt
2026-03-11 11:18:16.824 | SUCCESS  | images:telecharger_toutes_images:171 - [988/2451] ✅ Aliou Badara Baldé
2026-03-11 11:18:17.116 | SUCCESS  | images:telecharger_toutes_images:171 - [989/2451] ✅ Connor Metcalfe
2026-03-11 11:18:17.486 | SUCCESS  | images:telecharger_toutes_images:171 - [990/2451] ✅ Jurgen Ekkelenkamp
2026-03-11 11:18:18.003 | SUCCESS  | images:telecharger_toutes_images:171 - [991/2451] ✅ Bertuğ Yıldırım
2026-03-11 11:18:18.314 | SUCCESS  | images:telecharger_toutes_images:171 - [992/2451] ✅ Alexis Claude-Maurice
2026-03-11 11:18:18.324 | SUCCESS  | images:telecharger_toutes_images:171 - [993/2451] ✅ Johnny Cardoso
2026-03-11 11:18:18.536 | WARNING  | images:telecharger_toutes_images:173 - [994/2451] ❌ Ben Lhassine Kone
2026-03-11 11:18:19.062 | SUCCESS  | images:telecharger_toutes_images:171 - [995/2451] ✅ Romain Faivre
2026-03-11 11:18:19.293 | SUCCESS  | images:telecharger_toutes_images:171 - [996/2451] ✅ Daniel Parejo
2026-03-11 11:18:19.830 | SUCCESS  | images:telecharger_toutes_images:171 - [997/2451] ✅ Gonzalo García
2026-03-11 11:18:20.115 | SUCCESS  | images:telecharger_toutes_images:171 - [998/2451] ✅ Kaoru Mitoma
2026-03-11 11:18:20.418 | SUCCESS  | images:telecharger_toutes_images:171 - [999/2451] ✅ Vitinha
2026-03-11 11:18:20.691 | SUCCESS  | images:telecharger_toutes_images:171 - [1000/2451] ✅ Sergi Cardona
2026-03-11 11:18:20.945 | SUCCESS  | images:telecharger_toutes_images:171 - [1001/2451] ✅ Jeremie Frimpong
2026-03-11 11:18:21.260 | SUCCESS  | images:telecharger_toutes_images:171 - [1002/2451] ✅ Robinio Vaz
2026-03-11 11:18:22.622 | SUCCESS  | images:telecharger_toutes_images:171 - [1003/2451] ✅ Mattia Viti
2026-03-11 11:18:22.633 | SUCCESS  | images:telecharger_toutes_images:171 - [1004/2451] ✅ Jacob Ondrejka
2026-03-11 11:18:22.643 | SUCCESS  | images:telecharger_toutes_images:171 - [1005/2451] ✅ Lennard Maloney
2026-03-11 11:18:22.726 | SUCCESS  | images:telecharger_toutes_images:171 - [1006/2451] ✅ Jens Odgaard
2026-03-11 11:18:23.243 | SUCCESS  | images:telecharger_toutes_images:171 - [1007/2451] ✅ Borja Iglesias
2026-03-11 11:18:24.602 | SUCCESS  | images:telecharger_toutes_images:171 - [1008/2451] ✅ Javier Manquillo
2026-03-11 11:18:24.614 | SUCCESS  | images:telecharger_toutes_images:171 - [1009/2451] ✅ Martin Adeline
2026-03-11 11:18:24.623 | SUCCESS  | images:telecharger_toutes_images:171 - [1010/2451] ✅ Tadeo Allende
2026-03-11 11:18:24.634 | SUCCESS  | images:telecharger_toutes_images:171 - [1011/2451] ✅ Adrià Altimira
2026-03-11 11:18:25.513 | SUCCESS  | images:telecharger_toutes_images:171 - [1012/2451] ✅ Ricardo Pereira
2026-03-11 11:18:26.148 | SUCCESS  | images:telecharger_toutes_images:171 - [1013/2451] ✅ Alessandro Bastoni
2026-03-11 11:18:26.156 | SUCCESS  | images:telecharger_toutes_images:171 - [1014/2451] ✅ Assan Ouedraogo
2026-03-11 11:18:26.237 | SUCCESS  | images:telecharger_toutes_images:171 - [1015/2451] ✅ Adam Dźwigała
2026-03-11 11:18:26.361 | SUCCESS  | images:telecharger_toutes_images:171 - [1016/2451] ✅ Axel Tapé
2026-03-11 11:18:27.505 | SUCCESS  | images:telecharger_toutes_images:171 - [1017/2451] ✅ Emmanuel Agbadou
2026-03-11 11:18:28.126 | SUCCESS  | images:telecharger_toutes_images:171 - [1018/2451] ✅ Carlos Gómez
2026-03-11 11:18:28.164 | SUCCESS  | images:telecharger_toutes_images:171 - [1019/2451] ✅ Modibo Sagnan
2026-03-11 11:18:28.243 | SUCCESS  | images:telecharger_toutes_images:171 - [1020/2451] ✅ Kingsley Ehizibue
2026-03-11 11:18:28.368 | SUCCESS  | images:telecharger_toutes_images:171 - [1021/2451] ✅ Samu Costa
2026-03-11 11:18:28.647 | SUCCESS  | images:telecharger_toutes_images:171 - [1022/2451] ✅ Kenny Lala
2026-03-11 11:18:29.401 | SUCCESS  | images:telecharger_toutes_images:171 - [1023/2451] ✅ Marin Ljubicic
2026-03-11 11:18:29.739 | SUCCESS  | images:telecharger_toutes_images:171 - [1024/2451] ✅ Duk
2026-03-11 11:18:29.808 | SUCCESS  | images:telecharger_toutes_images:171 - [1025/2451] ✅ Max Aarons
2026-03-11 11:18:29.932 | SUCCESS  | images:telecharger_toutes_images:171 - [1026/2451] ✅ Mattia Liberali
2026-03-11 11:18:30.225 | SUCCESS  | images:telecharger_toutes_images:171 - [1027/2451] ✅ Daniel Muñoz
2026-03-11 11:18:31.147 | SUCCESS  | images:telecharger_toutes_images:171 - [1028/2451] ✅ Nicolas Pallois
2026-03-11 11:18:31.290 | SUCCESS  | images:telecharger_toutes_images:171 - [1029/2451] ✅ Koji Miyoshi
2026-03-11 11:18:31.411 | SUCCESS  | images:telecharger_toutes_images:171 - [1030/2451] ✅ Emil Krafth
2026-03-11 11:18:31.565 | SUCCESS  | images:telecharger_toutes_images:171 - [1031/2451] ✅ Guglielmo Vicario
2026-03-11 11:18:31.598 | SUCCESS  | images:telecharger_toutes_images:171 - [1032/2451] ✅ Kenny Tete
2026-03-11 11:18:32.343 | SUCCESS  | images:telecharger_toutes_images:171 - [1033/2451] ✅ Matteo Pessina
2026-03-11 11:18:33.495 | SUCCESS  | images:telecharger_toutes_images:171 - [1034/2451] ✅ Lasso Coulibaly
2026-03-11 11:18:33.508 | SUCCESS  | images:telecharger_toutes_images:171 - [1035/2451] ✅ Chiedozie Ogbene
2026-03-11 11:18:33.604 | SUCCESS  | images:telecharger_toutes_images:171 - [1036/2451] ✅ Sidiki Cherif
2026-03-11 11:18:33.615 | SUCCESS  | images:telecharger_toutes_images:171 - [1037/2451] ✅ Mirko Marić
2026-03-11 11:18:34.542 | SUCCESS  | images:telecharger_toutes_images:171 - [1038/2451] ✅ Elias Saad
2026-03-11 11:18:34.976 | SUCCESS  | images:telecharger_toutes_images:171 - [1039/2451] ✅ Oliver McBurnie
2026-03-11 11:18:34.985 | SUCCESS  | images:telecharger_toutes_images:171 - [1040/2451] ✅ George Ilenikhena
2026-03-11 11:18:35.279 | SUCCESS  | images:telecharger_toutes_images:171 - [1041/2451] ✅ George Hirst
2026-03-11 11:18:35.383 | SUCCESS  | images:telecharger_toutes_images:171 - [1042/2451] ✅ Ola Solbakken
2026-03-11 11:18:35.802 | SUCCESS  | images:telecharger_toutes_images:171 - [1043/2451] ✅ Léo Scienza
2026-03-11 11:18:36.434 | SUCCESS  | images:telecharger_toutes_images:171 - [1044/2451] ✅ Juan Jesus
2026-03-11 11:18:37.798 | SUCCESS  | images:telecharger_toutes_images:171 - [1045/2451] ✅ Martin Ødegaard
2026-03-11 11:18:37.866 | SUCCESS  | images:telecharger_toutes_images:171 - [1046/2451] ✅ Tiago Cardoso
2026-03-11 11:18:37.886 | SUCCESS  | images:telecharger_toutes_images:171 - [1047/2451] ✅ Joris Chotard
2026-03-11 11:18:37.894 | SUCCESS  | images:telecharger_toutes_images:171 - [1048/2451] ✅ Daniel Yáñez
2026-03-11 11:18:38.230 | SUCCESS  | images:telecharger_toutes_images:171 - [1049/2451] ✅ Dušan Vlahović
2026-03-11 11:18:38.847 | SUCCESS  | images:telecharger_toutes_images:171 - [1050/2451] ✅ Jesper Karlsson
2026-03-11 11:18:39.486 | SUCCESS  | images:telecharger_toutes_images:171 - [1051/2451] ✅ Himad Abdelli
2026-03-11 11:18:39.890 | WARNING  | images:telecharger_toutes_images:173 - [1052/2451] ❌ Lior Kasa
2026-03-11 11:18:39.908 | SUCCESS  | images:telecharger_toutes_images:171 - [1053/2451] ✅ Emiliano Martínez
2026-03-11 11:18:39.920 | SUCCESS  | images:telecharger_toutes_images:171 - [1054/2451] ✅ Lilian Raolisoa
2026-03-11 11:18:40.218 | SUCCESS  | images:telecharger_toutes_images:171 - [1055/2451] ✅ Rui Patrício
2026-03-11 11:18:41.155 | SUCCESS  | images:telecharger_toutes_images:171 - [1056/2451] ✅ Pierrick Capelle
2026-03-11 11:18:41.612 | SUCCESS  | images:telecharger_toutes_images:171 - [1057/2451] ✅ Morgan Guilavogui
2026-03-11 11:18:41.912 | SUCCESS  | images:telecharger_toutes_images:171 - [1058/2451] ✅ Mateo Kovačić
2026-03-11 11:18:42.000 | SUCCESS  | images:telecharger_toutes_images:171 - [1059/2451] ✅ Jarrod Bowen
2026-03-11 11:18:42.420 | SUCCESS  | images:telecharger_toutes_images:171 - [1060/2451] ✅ Pavel Kadeřábek
2026-03-11 11:18:42.631 | SUCCESS  | images:telecharger_toutes_images:171 - [1061/2451] ✅ Ondrej Duda
2026-03-11 11:18:43.572 | WARNING  | images:telecharger_toutes_images:173 - [1062/2451] ❌ José Carlos González
2026-03-11 11:18:43.681 | SUCCESS  | images:telecharger_toutes_images:171 - [1063/2451] ✅ Kilian Fischer
2026-03-11 11:18:43.891 | SUCCESS  | images:telecharger_toutes_images:171 - [1064/2451] ✅ Joe Gomez
2026-03-11 11:18:44.569 | SUCCESS  | images:telecharger_toutes_images:171 - [1065/2451] ✅ Alisson
2026-03-11 11:18:44.624 | SUCCESS  | images:telecharger_toutes_images:171 - [1066/2451] ✅ Florian Sotoca
2026-03-11 11:18:45.253 | SUCCESS  | images:telecharger_toutes_images:171 - [1067/2451] ✅ Kaishu Sano
2026-03-11 11:18:45.472 | SUCCESS  | images:telecharger_toutes_images:171 - [1068/2451] ✅ Alejandro Garnacho
2026-03-11 11:18:45.480 | SUCCESS  | images:telecharger_toutes_images:171 - [1069/2451] ✅ Caleb Ekuban
2026-03-11 11:18:46.234 | SUCCESS  | images:telecharger_toutes_images:171 - [1070/2451] ✅ William Osula
2026-03-11 11:18:46.476 | SUCCESS  | images:telecharger_toutes_images:171 - [1071/2451] ✅ Saad El Haddad
2026-03-11 11:18:47.459 | SUCCESS  | images:telecharger_toutes_images:171 - [1072/2451] ✅ Bryan Gil
2026-03-11 11:18:47.482 | WARNING  | images:telecharger_toutes_images:173 - [1073/2451] ❌ Harry Amass
2026-03-11 11:18:47.561 | SUCCESS  | images:telecharger_toutes_images:171 - [1074/2451] ✅ Abdulai Juma Bah
2026-03-11 11:18:48.097 | SUCCESS  | images:telecharger_toutes_images:171 - [1075/2451] ✅ Arnaud Nordin
2026-03-11 11:18:48.206 | SUCCESS  | images:telecharger_toutes_images:171 - [1076/2451] ✅ Eduardo Camavinga
2026-03-11 11:18:49.034 | SUCCESS  | images:telecharger_toutes_images:171 - [1077/2451] ✅ Pedro Neto
2026-03-11 11:18:49.455 | SUCCESS  | images:telecharger_toutes_images:171 - [1078/2451] ✅ David de Gea
2026-03-11 11:18:49.765 | SUCCESS  | images:telecharger_toutes_images:171 - [1079/2451] ✅ Sepp van den Berg
2026-03-11 11:18:50.186 | SUCCESS  | images:telecharger_toutes_images:171 - [1080/2451] ✅ Ademola Lookman
2026-03-11 11:18:50.317 | SUCCESS  | images:telecharger_toutes_images:171 - [1081/2451] ✅ Arkaitz Mariezkurrena
2026-03-11 11:18:50.695 | SUCCESS  | images:telecharger_toutes_images:171 - [1082/2451] ✅ Aimar Oroz
2026-03-11 11:18:50.925 | SUCCESS  | images:telecharger_toutes_images:171 - [1083/2451] ✅ Leonardo Balerdi
2026-03-11 11:18:51.458 | SUCCESS  | images:telecharger_toutes_images:171 - [1084/2451] ✅ Rareș-Cătălin Burnete
2026-03-11 11:18:51.866 | SUCCESS  | images:telecharger_toutes_images:171 - [1085/2451] ✅ Christopher Nkunku
2026-03-11 11:18:52.195 | SUCCESS  | images:telecharger_toutes_images:171 - [1086/2451] ✅ Nick Woltemade
2026-03-11 11:18:52.466 | SUCCESS  | images:telecharger_toutes_images:171 - [1087/2451] ✅ Nicholas Pierini
2026-03-11 11:18:52.607 | SUCCESS  | images:telecharger_toutes_images:171 - [1088/2451] ✅ Destiny Udogie
2026-03-11 11:18:53.269 | SUCCESS  | images:telecharger_toutes_images:171 - [1089/2451] ✅ Gaëtan Laborde
2026-03-11 11:18:53.550 | SUCCESS  | images:telecharger_toutes_images:171 - [1090/2451] ✅ Tino Kadewere
2026-03-11 11:18:53.864 | SUCCESS  | images:telecharger_toutes_images:171 - [1091/2451] ✅ Hamza Choudhury
2026-03-11 11:18:53.977 | SUCCESS  | images:telecharger_toutes_images:171 - [1092/2451] ✅ Ousmane Camara
2026-03-11 11:18:54.391 | SUCCESS  | images:telecharger_toutes_images:171 - [1093/2451] ✅ Sven Ulreich
2026-03-11 11:18:54.524 | SUCCESS  | images:telecharger_toutes_images:171 - [1094/2451] ✅ David Raum
2026-03-11 11:18:55.203 | SUCCESS  | images:telecharger_toutes_images:171 - [1095/2451] ✅ Kevin Zeroli
2026-03-11 11:18:55.334 | SUCCESS  | images:telecharger_toutes_images:171 - [1096/2451] ✅ Khéphren Thuram
2026-03-11 11:18:55.771 | SUCCESS  | images:telecharger_toutes_images:171 - [1097/2451] ✅ Iago Aspas
2026-03-11 11:18:56.056 | SUCCESS  | images:telecharger_toutes_images:171 - [1098/2451] ✅ Finley Stevens
2026-03-11 11:18:56.371 | SUCCESS  | images:telecharger_toutes_images:171 - [1099/2451] ✅ Davide Bartesaghi
2026-03-11 11:18:56.861 | SUCCESS  | images:telecharger_toutes_images:171 - [1100/2451] ✅ Maxim Leitsch
2026-03-11 11:18:57.140 | SUCCESS  | images:telecharger_toutes_images:171 - [1101/2451] ✅ Nobel Mendy
2026-03-11 11:18:57.337 | SUCCESS  | images:telecharger_toutes_images:171 - [1102/2451] ✅ Florent Mollet
2026-03-11 11:18:57.470 | SUCCESS  | images:telecharger_toutes_images:171 - [1103/2451] ✅ Miguel Gutiérrez
2026-03-11 11:18:58.170 | SUCCESS  | images:telecharger_toutes_images:171 - [1104/2451] ✅ Nicola Sansone
2026-03-11 11:18:59.014 | SUCCESS  | images:telecharger_toutes_images:171 - [1105/2451] ✅ Gastón Pereiro
2026-03-11 11:18:59.090 | WARNING  | images:telecharger_toutes_images:173 - [1106/2451] ❌ Etienne Eto'o
2026-03-11 11:18:59.311 | SUCCESS  | images:telecharger_toutes_images:171 - [1107/2451] ✅ Josip Stanišić
2026-03-11 11:18:59.398 | SUCCESS  | images:telecharger_toutes_images:171 - [1108/2451] ✅ Fikayo Tomori
2026-03-11 11:19:00.266 | SUCCESS  | images:telecharger_toutes_images:171 - [1109/2451] ✅ Flavius Daniliuc
2026-03-11 11:19:01.224 | SUCCESS  | images:telecharger_toutes_images:171 - [1110/2451] ✅ Jean Butez
2026-03-11 11:19:01.236 | SUCCESS  | images:telecharger_toutes_images:171 - [1111/2451] ✅ Alessandro Deiola
2026-03-11 11:19:01.246 | SUCCESS  | images:telecharger_toutes_images:171 - [1112/2451] ✅ Arsen Zakharyan
2026-03-11 11:19:01.323 | SUCCESS  | images:telecharger_toutes_images:171 - [1113/2451] ✅ Stefan Posch
2026-03-11 11:19:02.164 | SUCCESS  | images:telecharger_toutes_images:171 - [1114/2451] ✅ Assane Dioussé
2026-03-11 11:19:02.835 | SUCCESS  | images:telecharger_toutes_images:171 - [1115/2451] ✅ Niklas Dorsch
2026-03-11 11:19:02.901 | SUCCESS  | images:telecharger_toutes_images:171 - [1116/2451] ✅ Jesse Joronen
2026-03-11 11:19:02.910 | SUCCESS  | images:telecharger_toutes_images:171 - [1117/2451] ✅ Ricardo Rodríguez
2026-03-11 11:19:03.134 | SUCCESS  | images:telecharger_toutes_images:171 - [1118/2451] ✅ Enzo Tchato
2026-03-11 11:19:03.732 | SUCCESS  | images:telecharger_toutes_images:171 - [1119/2451] ✅ Ethan Nwaneri
2026-03-11 11:19:04.363 | SUCCESS  | images:telecharger_toutes_images:171 - [1120/2451] ✅ Răzvan Marin
2026-03-11 11:19:04.664 | SUCCESS  | images:telecharger_toutes_images:171 - [1121/2451] ✅ Abner
2026-03-11 11:19:04.784 | SUCCESS  | images:telecharger_toutes_images:171 - [1122/2451] ✅ Gio Reyna
2026-03-11 11:19:04.861 | SUCCESS  | images:telecharger_toutes_images:171 - [1123/2451] ✅ Daniel Podence
2026-03-11 11:19:05.096 | SUCCESS  | images:telecharger_toutes_images:171 - [1124/2451] ✅ Davide Zappacosta
2026-03-11 11:19:05.938 | SUCCESS  | images:telecharger_toutes_images:171 - [1125/2451] ✅ Abdoulaye Bamba
2026-03-11 11:19:06.360 | SUCCESS  | images:telecharger_toutes_images:171 - [1126/2451] ✅ Ayyoub Bouaddi
2026-03-11 11:19:06.369 | SUCCESS  | images:telecharger_toutes_images:171 - [1127/2451] ✅ Sebastiano Esposito
2026-03-11 11:19:06.427 | SUCCESS  | images:telecharger_toutes_images:171 - [1128/2451] ✅ Daniel Maldini
2026-03-11 11:19:06.677 | SUCCESS  | images:telecharger_toutes_images:171 - [1129/2451] ✅ Harrison Reed
2026-03-11 11:19:07.724 | SUCCESS  | images:telecharger_toutes_images:171 - [1130/2451] ✅ Jhon Lucumí
2026-03-11 11:19:07.898 | SUCCESS  | images:telecharger_toutes_images:171 - [1131/2451] ✅ Ayoze Pérez
2026-03-11 11:19:08.226 | SUCCESS  | images:telecharger_toutes_images:171 - [1132/2451] ✅ İlkay Gündoğan
2026-03-11 11:19:08.278 | SUCCESS  | images:telecharger_toutes_images:171 - [1133/2451] ✅ Krépin Diatta
2026-03-11 11:19:08.362 | SUCCESS  | images:telecharger_toutes_images:171 - [1134/2451] ✅ Marc-Oliver Kempf
2026-03-11 11:19:09.311 | SUCCESS  | images:telecharger_toutes_images:171 - [1135/2451] ✅ Gerard Moreno
2026-03-11 11:19:09.502 | SUCCESS  | images:telecharger_toutes_images:171 - [1136/2451] ✅ Valentin Mihaila
2026-03-11 11:19:10.561 | SUCCESS  | images:telecharger_toutes_images:171 - [1137/2451] ✅ Youssouf Fofana
2026-03-11 11:19:10.569 | SUCCESS  | images:telecharger_toutes_images:171 - [1138/2451] ✅ Samuel Essende
2026-03-11 11:19:10.580 | SUCCESS  | images:telecharger_toutes_images:171 - [1139/2451] ✅ Valentin Gendrey
2026-03-11 11:19:11.106 | SUCCESS  | images:telecharger_toutes_images:171 - [1140/2451] ✅ Bruno Guimarães
2026-03-11 11:19:11.190 | SUCCESS  | images:telecharger_toutes_images:171 - [1141/2451] ✅ Malick Fofana
2026-03-11 11:19:12.039 | SUCCESS  | images:telecharger_toutes_images:171 - [1142/2451] ✅ Nadir Zortea
2026-03-11 11:19:12.247 | SUCCESS  | images:telecharger_toutes_images:171 - [1143/2451] ✅ Amadou Onana
2026-03-11 11:19:12.337 | SUCCESS  | images:telecharger_toutes_images:171 - [1144/2451] ✅ Pablo Fornals
2026-03-11 11:19:12.770 | SUCCESS  | images:telecharger_toutes_images:171 - [1145/2451] ✅ Mathys Tel
2026-03-11 11:19:12.783 | SUCCESS  | images:telecharger_toutes_images:171 - [1146/2451] ✅ Junior Adamu
2026-03-11 11:19:13.394 | SUCCESS  | images:telecharger_toutes_images:171 - [1147/2451] ✅ Jordan Teze
2026-03-11 11:19:13.730 | SUCCESS  | images:telecharger_toutes_images:171 - [1148/2451] ✅ Pierre Ekwah Elimby
2026-03-11 11:19:13.776 | SUCCESS  | images:telecharger_toutes_images:171 - [1149/2451] ✅ Lamine Yamal
2026-03-11 11:19:14.114 | SUCCESS  | images:telecharger_toutes_images:171 - [1150/2451] ✅ Sandro Ramírez
2026-03-11 11:19:14.306 | SUCCESS  | images:telecharger_toutes_images:171 - [1151/2451] ✅ Thomas Delaine
2026-03-11 11:19:15.487 | WARNING  | images:telecharger_toutes_images:173 - [1152/2451] ❌ Federico Accornero
2026-03-11 11:19:15.504 | SUCCESS  | images:telecharger_toutes_images:171 - [1153/2451] ✅ Matz Sels
2026-03-11 11:19:15.513 | SUCCESS  | images:telecharger_toutes_images:171 - [1154/2451] ✅ Tyrone Mings
2026-03-11 11:19:16.217 | WARNING  | images:telecharger_toutes_images:173 - [1155/2451] ❌ Ayman Aiki
2026-03-11 11:19:16.228 | SUCCESS  | images:telecharger_toutes_images:171 - [1156/2451] ✅ Lorenzo Lucca
2026-03-11 11:19:17.170 | SUCCESS  | images:telecharger_toutes_images:171 - [1157/2451] ✅ Alexis Mac Allister
2026-03-11 11:19:17.288 | SUCCESS  | images:telecharger_toutes_images:171 - [1158/2451] ✅ Tomáš Suslov
2026-03-11 11:19:17.324 | SUCCESS  | images:telecharger_toutes_images:171 - [1159/2451] ✅ Miha Zajc
2026-03-11 11:19:18.327 | SUCCESS  | images:telecharger_toutes_images:171 - [1160/2451] ✅ Juanmi
2026-03-11 11:19:18.432 | SUCCESS  | images:telecharger_toutes_images:171 - [1161/2451] ✅ Vitaly Janelt
2026-03-11 11:19:19.869 | SUCCESS  | images:telecharger_toutes_images:171 - [1162/2451] ✅ Lee Kang-in
2026-03-11 11:19:19.999 | WARNING  | images:telecharger_toutes_images:173 - [1163/2451] ❌ Ryan Manning
2026-03-11 11:19:20.031 | SUCCESS  | images:telecharger_toutes_images:171 - [1164/2451] ✅ Ali Al Hamadi
2026-03-11 11:19:20.626 | SUCCESS  | images:telecharger_toutes_images:171 - [1165/2451] ✅ Tim Iroegbunam
2026-03-11 11:19:20.741 | SUCCESS  | images:telecharger_toutes_images:171 - [1166/2451] ✅ Germán Valera
2026-03-11 11:19:21.046 | WARNING  | images:telecharger_toutes_images:173 - [1167/2451] ❌ Arturo Rodríguez
2026-03-11 11:19:22.019 | SUCCESS  | images:telecharger_toutes_images:171 - [1168/2451] ✅ Álex Muñoz
2026-03-11 11:19:22.111 | SUCCESS  | images:telecharger_toutes_images:171 - [1169/2451] ✅ Anastasios Douvikas
2026-03-11 11:19:22.214 | SUCCESS  | images:telecharger_toutes_images:171 - [1170/2451] ✅ Leif Davis
2026-03-11 11:19:22.961 | SUCCESS  | images:telecharger_toutes_images:171 - [1171/2451] ✅ Stefan Bell
2026-03-11 11:19:22.970 | SUCCESS  | images:telecharger_toutes_images:171 - [1172/2451] ✅ Mahdi Camara
2026-03-11 11:19:23.475 | SUCCESS  | images:telecharger_toutes_images:171 - [1173/2451] ✅ Christian Günter
2026-03-11 11:19:23.569 | SUCCESS  | images:telecharger_toutes_images:171 - [1174/2451] ✅ Lassana Coulibaly
2026-03-11 11:19:23.788 | SUCCESS  | images:telecharger_toutes_images:171 - [1175/2451] ✅ Rodri
2026-03-11 11:19:24.615 | WARNING  | images:telecharger_toutes_images:173 - [1176/2451] ❌ Faik Sakar
2026-03-11 11:19:25.155 | SUCCESS  | images:telecharger_toutes_images:171 - [1177/2451] ✅ Esteban Lepaul
2026-03-11 11:19:25.281 | SUCCESS  | images:telecharger_toutes_images:171 - [1178/2451] ✅ Oussama El Azzouzi
2026-03-11 11:19:25.473 | SUCCESS  | images:telecharger_toutes_images:171 - [1179/2451] ✅ Pierre Kalulu
2026-03-11 11:19:25.690 | SUCCESS  | images:telecharger_toutes_images:171 - [1180/2451] ✅ Joshua King
2026-03-11 11:19:26.625 | SUCCESS  | images:telecharger_toutes_images:171 - [1181/2451] ✅ Miguel Almirón
2026-03-11 11:19:27.486 | SUCCESS  | images:telecharger_toutes_images:171 - [1182/2451] ✅ Loïs Openda
2026-03-11 11:19:27.579 | SUCCESS  | images:telecharger_toutes_images:171 - [1183/2451] ✅ Martin Satriano
2026-03-11 11:19:27.788 | SUCCESS  | images:telecharger_toutes_images:171 - [1184/2451] ✅ Manu Koné
2026-03-11 11:19:27.805 | SUCCESS  | images:telecharger_toutes_images:171 - [1185/2451] ✅ Álvaro Tejero
2026-03-11 11:19:28.524 | SUCCESS  | images:telecharger_toutes_images:171 - [1186/2451] ✅ Munir El Haddadi
2026-03-11 11:19:29.672 | SUCCESS  | images:telecharger_toutes_images:171 - [1187/2451] ✅ Kyle Walker
2026-03-11 11:19:29.684 | SUCCESS  | images:telecharger_toutes_images:171 - [1188/2451] ✅ Maximilian Arnold
2026-03-11 11:19:29.781 | SUCCESS  | images:telecharger_toutes_images:171 - [1189/2451] ✅ Romain Esse
2026-03-11 11:19:29.806 | SUCCESS  | images:telecharger_toutes_images:171 - [1190/2451] ✅ Ivan Ordets
2026-03-11 11:19:30.317 | SUCCESS  | images:telecharger_toutes_images:171 - [1191/2451] ✅ Sorba Thomas
2026-03-11 11:19:32.201 | SUCCESS  | images:telecharger_toutes_images:171 - [1192/2451] ✅ Manuel Neuer
2026-03-11 11:19:32.211 | SUCCESS  | images:telecharger_toutes_images:171 - [1193/2451] ✅ Dean Huijsen
2026-03-11 11:19:32.307 | SUCCESS  | images:telecharger_toutes_images:171 - [1194/2451] ✅ Philipp Hofmann
2026-03-11 11:19:32.317 | SUCCESS  | images:telecharger_toutes_images:171 - [1195/2451] ✅ Sergio Camello
2026-03-11 11:19:32.929 | SUCCESS  | images:telecharger_toutes_images:171 - [1196/2451] ✅ Gianluca Scamacca
2026-03-11 11:19:34.126 | SUCCESS  | images:telecharger_toutes_images:171 - [1197/2451] ✅ Adrien Rabiot
2026-03-11 11:19:34.191 | SUCCESS  | images:telecharger_toutes_images:171 - [1198/2451] ✅ Unai López
2026-03-11 11:19:34.291 | SUCCESS  | images:telecharger_toutes_images:171 - [1199/2451] ✅ Joan García
2026-03-11 11:19:34.398 | SUCCESS  | images:telecharger_toutes_images:171 - [1200/2451] ✅ Christantus Uche
2026-03-11 11:19:34.938 | SUCCESS  | images:telecharger_toutes_images:171 - [1201/2451] ✅ Eric Smith
2026-03-11 11:19:36.607 | SUCCESS  | images:telecharger_toutes_images:171 - [1202/2451] ✅ Illia Zabarnyi
2026-03-11 11:19:36.616 | SUCCESS  | images:telecharger_toutes_images:171 - [1203/2451] ✅ Mathias Pereira Lage
2026-03-11 11:19:36.633 | SUCCESS  | images:telecharger_toutes_images:171 - [1204/2451] ✅ Reda Khadra
2026-03-11 11:19:36.709 | SUCCESS  | images:telecharger_toutes_images:171 - [1205/2451] ✅ Sergi Dominguez
2026-03-11 11:19:36.737 | SUCCESS  | images:telecharger_toutes_images:171 - [1206/2451] ✅ Louis Leroux
2026-03-11 11:19:38.478 | SUCCESS  | images:telecharger_toutes_images:171 - [1207/2451] ✅ Maximilian Mittelstädt
2026-03-11 11:19:38.524 | SUCCESS  | images:telecharger_toutes_images:171 - [1208/2451] ✅ Serge Gnabry
2026-03-11 11:19:38.600 | SUCCESS  | images:telecharger_toutes_images:171 - [1209/2451] ✅ Jérémy Le Douaron
2026-03-11 11:19:38.702 | SUCCESS  | images:telecharger_toutes_images:171 - [1210/2451] ✅ Zuriko Davitashvili
2026-03-11 11:19:39.328 | SUCCESS  | images:telecharger_toutes_images:171 - [1211/2451] ✅ Jean-Clair Todibo
2026-03-11 11:19:40.567 | SUCCESS  | images:telecharger_toutes_images:171 - [1212/2451] ✅ Youssef Chermiti
2026-03-11 11:19:40.569 | WARNING  | images:telecharger_toutes_images:173 - [1213/2451] ❌ Ben Viadere
2026-03-11 11:19:40.585 | SUCCESS  | images:telecharger_toutes_images:171 - [1214/2451] ✅ Armando Izzo
2026-03-11 11:19:40.590 | WARNING  | images:telecharger_toutes_images:173 - [1215/2451] ❌ Darío Fuentes
2026-03-11 11:19:41.139 | SUCCESS  | images:telecharger_toutes_images:171 - [1216/2451] ✅ Manuel Akanji
2026-03-11 11:19:41.964 | WARNING  | images:telecharger_toutes_images:173 - [1217/2451] ❌ Carlos Forbs
2026-03-11 11:19:42.583 | SUCCESS  | images:telecharger_toutes_images:171 - [1218/2451] ✅ Lameck Banda
2026-03-11 11:19:42.594 | SUCCESS  | images:telecharger_toutes_images:171 - [1219/2451] ✅ Rico Henry
2026-03-11 11:19:42.608 | SUCCESS  | images:telecharger_toutes_images:171 - [1220/2451] ✅ Edmond-Paris Maghoma
2026-03-11 11:19:42.668 | SUCCESS  | images:telecharger_toutes_images:171 - [1221/2451] ✅ Joel Ward
2026-03-11 11:19:43.283 | SUCCESS  | images:telecharger_toutes_images:171 - [1222/2451] ✅ Arthur
2026-03-11 11:19:43.738 | SUCCESS  | images:telecharger_toutes_images:171 - [1223/2451] ✅ Pascal Groß
2026-03-11 11:19:44.067 | SUCCESS  | images:telecharger_toutes_images:171 - [1224/2451] ✅ João Félix
2026-03-11 11:19:44.272 | SUCCESS  | images:telecharger_toutes_images:171 - [1225/2451] ✅ Assane Diao
2026-03-11 11:19:44.358 | WARNING  | images:telecharger_toutes_images:173 - [1226/2451] ❌ Michael Svoboda
2026-03-11 11:19:44.544 | SUCCESS  | images:telecharger_toutes_images:171 - [1227/2451] ✅ Pierre Højbjerg
2026-03-11 11:19:45.179 | SUCCESS  | images:telecharger_toutes_images:171 - [1228/2451] ✅ Vasilije Adžić
2026-03-11 11:19:45.629 | SUCCESS  | images:telecharger_toutes_images:171 - [1229/2451] ✅ Edson Álvarez
2026-03-11 11:19:46.309 | SUCCESS  | images:telecharger_toutes_images:171 - [1230/2451] ✅ Carlos Vinícius
2026-03-11 11:19:46.475 | SUCCESS  | images:telecharger_toutes_images:171 - [1231/2451] ✅ João Gomes
2026-03-11 11:19:46.593 | SUCCESS  | images:telecharger_toutes_images:171 - [1232/2451] ✅ Wilfried Singo
2026-03-11 11:19:47.005 | SUCCESS  | images:telecharger_toutes_images:171 - [1233/2451] ✅ Yann Karamoh
2026-03-11 11:19:47.541 | SUCCESS  | images:telecharger_toutes_images:171 - [1234/2451] ✅ Julián Malatini
2026-03-11 11:19:48.762 | SUCCESS  | images:telecharger_toutes_images:171 - [1235/2451] ✅ Willian
2026-03-11 11:19:48.776 | SUCCESS  | images:telecharger_toutes_images:171 - [1236/2451] ✅ Marco Grüll
2026-03-11 11:19:48.814 | SUCCESS  | images:telecharger_toutes_images:171 - [1237/2451] ✅ Domagoj Bradarić
2026-03-11 11:19:49.196 | SUCCESS  | images:telecharger_toutes_images:171 - [1238/2451] ✅ Lucien Agoume
2026-03-11 11:19:50.246 | SUCCESS  | images:telecharger_toutes_images:171 - [1239/2451] ✅ Mahamadou Nagida
2026-03-11 11:19:51.404 | SUCCESS  | images:telecharger_toutes_images:171 - [1240/2451] ✅ Mikel Oyarzabal
2026-03-11 11:19:51.604 | WARNING  | images:telecharger_toutes_images:173 - [1241/2451] ❌ David Akpan Ankeye
2026-03-11 11:19:51.624 | SUCCESS  | images:telecharger_toutes_images:171 - [1242/2451] ✅ Jonathan Rowe
2026-03-11 11:19:51.637 | SUCCESS  | images:telecharger_toutes_images:171 - [1243/2451] ✅ Pejiño
2026-03-11 11:19:52.666 | SUCCESS  | images:telecharger_toutes_images:171 - [1244/2451] ✅ Jota
2026-03-11 11:19:54.472 | WARNING  | images:telecharger_toutes_images:173 - [1245/2451] ❌ Mateo Pellegrino
2026-03-11 11:19:54.490 | SUCCESS  | images:telecharger_toutes_images:171 - [1246/2451] ✅ Félix Lemaréchal
2026-03-11 11:19:54.500 | SUCCESS  | images:telecharger_toutes_images:171 - [1247/2451] ✅ Luca Ranieri
2026-03-11 11:19:54.513 | SUCCESS  | images:telecharger_toutes_images:171 - [1248/2451] ✅ Nicola Pintus
2026-03-11 11:19:55.805 | SUCCESS  | images:telecharger_toutes_images:171 - [1249/2451] ✅ Carlos Augusto
2026-03-11 11:19:56.995 | SUCCESS  | images:telecharger_toutes_images:171 - [1250/2451] ✅ Robert Lewandowski
2026-03-11 11:19:57.184 | SUCCESS  | images:telecharger_toutes_images:171 - [1251/2451] ✅ Sergio Carreira
2026-03-11 11:19:57.194 | SUCCESS  | images:telecharger_toutes_images:171 - [1252/2451] ✅ Jacques Ekomie
2026-03-11 11:19:57.228 | SUCCESS  | images:telecharger_toutes_images:171 - [1253/2451] ✅ Leandro Chichizola
2026-03-11 11:19:57.887 | SUCCESS  | images:telecharger_toutes_images:171 - [1254/2451] ✅ Adrien Tameze
2026-03-11 11:19:59.158 | WARNING  | images:telecharger_toutes_images:173 - [1255/2451] ❌ Malcolm Jeng
2026-03-11 11:19:59.181 | SUCCESS  | images:telecharger_toutes_images:171 - [1256/2451] ✅ Rodrigo Gomes
2026-03-11 11:19:59.192 | SUCCESS  | images:telecharger_toutes_images:171 - [1257/2451] ✅ Simone Pafundi
2026-03-11 11:19:59.414 | SUCCESS  | images:telecharger_toutes_images:171 - [1258/2451] ✅ Ben Mee
2026-03-11 11:19:59.900 | SUCCESS  | images:telecharger_toutes_images:171 - [1259/2451] ✅ John Yeboah
2026-03-11 11:20:00.958 | SUCCESS  | images:telecharger_toutes_images:171 - [1260/2451] ✅ Luis Sinisterra
2026-03-11 11:20:01.170 | SUCCESS  | images:telecharger_toutes_images:171 - [1261/2451] ✅ Toni Lato
2026-03-11 11:20:01.181 | SUCCESS  | images:telecharger_toutes_images:171 - [1262/2451] ✅ Michael Gregoritsch
2026-03-11 11:20:01.602 | SUCCESS  | images:telecharger_toutes_images:171 - [1263/2451] ✅ Francesco Zampano
2026-03-11 11:20:01.778 | SUCCESS  | images:telecharger_toutes_images:171 - [1264/2451] ✅ Ander Guevara
2026-03-11 11:20:02.845 | SUCCESS  | images:telecharger_toutes_images:171 - [1265/2451] ✅ Sheraldo Becker
2026-03-11 11:20:03.088 | SUCCESS  | images:telecharger_toutes_images:171 - [1266/2451] ✅ Dan Ndoye
2026-03-11 11:20:03.272 | SUCCESS  | images:telecharger_toutes_images:171 - [1267/2451] ✅ Alexander Isak
2026-03-11 11:20:03.281 | SUCCESS  | images:telecharger_toutes_images:171 - [1268/2451] ✅ Nnamdi Collins
2026-03-11 11:20:03.490 | SUCCESS  | images:telecharger_toutes_images:171 - [1269/2451] ✅ Caleb Okoli
2026-03-11 11:20:05.107 | SUCCESS  | images:telecharger_toutes_images:171 - [1270/2451] ✅ Marco Carnesecchi
2026-03-11 11:20:05.117 | SUCCESS  | images:telecharger_toutes_images:171 - [1271/2451] ✅ Timothy Weah
2026-03-11 11:20:05.127 | SUCCESS  | images:telecharger_toutes_images:171 - [1272/2451] ✅ Xaver Schlager
2026-03-11 11:20:05.159 | SUCCESS  | images:telecharger_toutes_images:171 - [1273/2451] ✅ Ante Budimir
2026-03-11 11:20:05.443 | SUCCESS  | images:telecharger_toutes_images:171 - [1274/2451] ✅ Nicolas Cozza
2026-03-11 11:20:07.001 | SUCCESS  | images:telecharger_toutes_images:171 - [1275/2451] ✅ Rodrygo
2026-03-11 11:20:07.046 | SUCCESS  | images:telecharger_toutes_images:171 - [1276/2451] ✅ Julian Araujo
2026-03-11 11:20:07.122 | SUCCESS  | images:telecharger_toutes_images:171 - [1277/2451] ✅ David Soria
2026-03-11 11:20:07.213 | SUCCESS  | images:telecharger_toutes_images:171 - [1278/2451] ✅ Oliver Abildgaard
2026-03-11 11:20:07.225 | SUCCESS  | images:telecharger_toutes_images:171 - [1279/2451] ✅ Dinko Horkaš
2026-03-11 11:20:08.421 | SUCCESS  | images:telecharger_toutes_images:171 - [1280/2451] ✅ Micky van de Ven
2026-03-11 11:20:08.849 | SUCCESS  | images:telecharger_toutes_images:171 - [1281/2451] ✅ Hamidou Makalou
2026-03-11 11:20:08.928 | SUCCESS  | images:telecharger_toutes_images:171 - [1282/2451] ✅ Mario Balotelli
2026-03-11 11:20:08.954 | SUCCESS  | images:telecharger_toutes_images:171 - [1283/2451] ✅ Johan Manzambi
2026-03-11 11:20:09.075 | SUCCESS  | images:telecharger_toutes_images:171 - [1284/2451] ✅ José Sá
2026-03-11 11:20:10.421 | SUCCESS  | images:telecharger_toutes_images:171 - [1285/2451] ✅ Yehor Yarmoliuk
2026-03-11 11:20:10.647 | SUCCESS  | images:telecharger_toutes_images:171 - [1286/2451] ✅ Álvaro García
2026-03-11 11:20:10.711 | WARNING  | images:telecharger_toutes_images:173 - [1287/2451] ❌ Ivan Jaime Pajuelo
2026-03-11 11:20:11.020 | SUCCESS  | images:telecharger_toutes_images:171 - [1288/2451] ✅ Tom Rothe
2026-03-11 11:20:11.325 | SUCCESS  | images:telecharger_toutes_images:171 - [1289/2451] ✅ Mateo Flores
2026-03-11 11:20:12.485 | SUCCESS  | images:telecharger_toutes_images:171 - [1290/2451] ✅ John McGinn
2026-03-11 11:20:12.597 | SUCCESS  | images:telecharger_toutes_images:171 - [1291/2451] ✅ Carlos Vicente
2026-03-11 11:20:12.894 | SUCCESS  | images:telecharger_toutes_images:171 - [1292/2451] ✅ Wesley Saïd
2026-03-11 11:20:12.966 | WARNING  | images:telecharger_toutes_images:173 - [1293/2451] ❌ Marcus Harness
2026-03-11 11:20:13.111 | WARNING  | images:telecharger_toutes_images:173 - [1294/2451] ❌ Ilyes Housni
2026-03-11 11:20:14.321 | SUCCESS  | images:telecharger_toutes_images:171 - [1295/2451] ✅ Christian Kabasele
2026-03-11 11:20:14.622 | SUCCESS  | images:telecharger_toutes_images:171 - [1296/2451] ✅ Arthur Chaves
2026-03-11 11:20:14.774 | SUCCESS  | images:telecharger_toutes_images:171 - [1297/2451] ✅ Diego Gómez
2026-03-11 11:20:15.077 | WARNING  | images:telecharger_toutes_images:173 - [1298/2451] ❌ Raúl Moro
2026-03-11 11:20:15.090 | SUCCESS  | images:telecharger_toutes_images:171 - [1299/2451] ✅ Christopher Operi
2026-03-11 11:20:15.749 | SUCCESS  | images:telecharger_toutes_images:171 - [1300/2451] ✅ Yan Diomandé
2026-03-11 11:20:16.229 | SUCCESS  | images:telecharger_toutes_images:171 - [1301/2451] ✅ Nico O’Reilly
2026-03-11 11:20:16.948 | SUCCESS  | images:telecharger_toutes_images:171 - [1302/2451] ✅ Santiago Mouriño
2026-03-11 11:20:17.177 | SUCCESS  | images:telecharger_toutes_images:171 - [1303/2451] ✅ Nicolò Cambiaghi
2026-03-11 11:20:17.188 | SUCCESS  | images:telecharger_toutes_images:171 - [1304/2451] ✅ Iñigo Ruiz de Galarreta
2026-03-11 11:20:17.478 | SUCCESS  | images:telecharger_toutes_images:171 - [1305/2451] ✅ José Luis Palomino
2026-03-11 11:20:17.782 | SUCCESS  | images:telecharger_toutes_images:171 - [1306/2451] ✅ Kamory Doumbia
2026-03-11 11:20:18.822 | SUCCESS  | images:telecharger_toutes_images:171 - [1307/2451] ✅ Serhou Guirassy
2026-03-11 11:20:18.856 | SUCCESS  | images:telecharger_toutes_images:171 - [1308/2451] ✅ Amadou Haidara
2026-03-11 11:20:19.162 | SUCCESS  | images:telecharger_toutes_images:171 - [1309/2451] ✅ Grischa Prömel
2026-03-11 11:20:19.423 | SUCCESS  | images:telecharger_toutes_images:171 - [1310/2451] ✅ Leo Román
2026-03-11 11:20:19.571 | SUCCESS  | images:telecharger_toutes_images:171 - [1311/2451] ✅ Christian Gytkjær
2026-03-11 11:20:20.204 | SUCCESS  | images:telecharger_toutes_images:171 - [1312/2451] ✅ Jonas Urbig
2026-03-11 11:20:20.319 | SUCCESS  | images:telecharger_toutes_images:171 - [1313/2451] ✅ Divin Mubama
2026-03-11 11:20:21.148 | SUCCESS  | images:telecharger_toutes_images:171 - [1314/2451] ✅ Noah Edjouma
2026-03-11 11:20:21.160 | SUCCESS  | images:telecharger_toutes_images:171 - [1315/2451] ✅ Jens Cajuste
2026-03-11 11:20:21.444 | SUCCESS  | images:telecharger_toutes_images:171 - [1316/2451] ✅ Mattias Svanberg
2026-03-11 11:20:21.746 | SUCCESS  | images:telecharger_toutes_images:171 - [1317/2451] ✅ Julián Chicco
2026-03-11 11:20:22.040 | WARNING  | images:telecharger_toutes_images:173 - [1318/2451] ❌ Will Lankshear
2026-03-11 11:20:22.216 | SUCCESS  | images:telecharger_toutes_images:171 - [1319/2451] ✅ Son Heung-min
2026-03-11 11:20:22.867 | SUCCESS  | images:telecharger_toutes_images:171 - [1320/2451] ✅ Viggo Gebel
2026-03-11 11:20:23.022 | SUCCESS  | images:telecharger_toutes_images:171 - [1321/2451] ✅ Vincent Sierro
2026-03-11 11:20:23.392 | SUCCESS  | images:telecharger_toutes_images:171 - [1322/2451] ✅ Domingos Duarte
2026-03-11 11:20:24.148 | SUCCESS  | images:telecharger_toutes_images:171 - [1323/2451] ✅ Łukasz Fabiański
2026-03-11 11:20:24.318 | SUCCESS  | images:telecharger_toutes_images:171 - [1324/2451] ✅ Ben Johnson
2026-03-11 11:20:24.920 | SUCCESS  | images:telecharger_toutes_images:171 - [1325/2451] ✅ Dominik Szoboszlai
2026-03-11 11:20:25.008 | SUCCESS  | images:telecharger_toutes_images:171 - [1326/2451] ✅ Jan Schöppner
2026-03-11 11:20:25.160 | SUCCESS  | images:telecharger_toutes_images:171 - [1327/2451] ✅ Bazoumana Touré
2026-03-11 11:20:25.796 | SUCCESS  | images:telecharger_toutes_images:171 - [1328/2451] ✅ Théo Sainte-Luce
2026-03-11 11:20:26.032 | SUCCESS  | images:telecharger_toutes_images:171 - [1329/2451] ✅ Lukas Daschner
2026-03-11 11:20:26.923 | SUCCESS  | images:telecharger_toutes_images:171 - [1330/2451] ✅ Alex Meret
2026-03-11 11:20:27.008 | SUCCESS  | images:telecharger_toutes_images:171 - [1331/2451] ✅ Ameen Al-Dakhil
2026-03-11 11:20:27.020 | SUCCESS  | images:telecharger_toutes_images:171 - [1332/2451] ✅ Andreas Albers
2026-03-11 11:20:27.898 | SUCCESS  | images:telecharger_toutes_images:171 - [1333/2451] ✅ Igor Matanovic
2026-03-11 11:20:27.908 | SUCCESS  | images:telecharger_toutes_images:171 - [1334/2451] ✅ Riccardo Sottil
2026-03-11 11:20:28.670 | SUCCESS  | images:telecharger_toutes_images:171 - [1335/2451] ✅ Sergi Altimira
2026-03-11 11:20:28.799 | SUCCESS  | images:telecharger_toutes_images:171 - [1336/2451] ✅ Danilo
2026-03-11 11:20:28.874 | SUCCESS  | images:telecharger_toutes_images:171 - [1337/2451] ✅ Alberto Paleari
2026-03-11 11:20:30.602 | SUCCESS  | images:telecharger_toutes_images:171 - [1338/2451] ✅ Natan
2026-03-11 11:20:30.688 | SUCCESS  | images:telecharger_toutes_images:171 - [1339/2451] ✅ Jesús Areso
2026-03-11 11:20:31.649 | SUCCESS  | images:telecharger_toutes_images:171 - [1340/2451] ✅ Duje Ćaleta-Car
2026-03-11 11:20:31.664 | SUCCESS  | images:telecharger_toutes_images:171 - [1341/2451] ✅ Junior Dina Ebimbe
2026-03-11 11:20:31.759 | SUCCESS  | images:telecharger_toutes_images:171 - [1342/2451] ✅ Bernard Nguene
2026-03-11 11:20:32.547 | SUCCESS  | images:telecharger_toutes_images:171 - [1343/2451] ✅ Robin Hranáč
2026-03-11 11:20:32.602 | SUCCESS  | images:telecharger_toutes_images:171 - [1344/2451] ✅ Shuto Machino
2026-03-11 11:20:33.453 | SUCCESS  | images:telecharger_toutes_images:171 - [1345/2451] ✅ James Mcatee
2026-03-11 11:20:33.525 | SUCCESS  | images:telecharger_toutes_images:171 - [1346/2451] ✅ Marko Ivezić
2026-03-11 11:20:33.680 | SUCCESS  | images:telecharger_toutes_images:171 - [1347/2451] ✅ Patrick Osterhage
2026-03-11 11:20:34.157 | SUCCESS  | images:telecharger_toutes_images:171 - [1348/2451] ✅ Fabio Carvalho
2026-03-11 11:20:34.274 | SUCCESS  | images:telecharger_toutes_images:171 - [1349/2451] ✅ Sandi Lovrić
2026-03-11 11:20:34.798 | SUCCESS  | images:telecharger_toutes_images:171 - [1350/2451] ✅ Mason Mount
2026-03-11 11:20:35.253 | WARNING  | images:telecharger_toutes_images:173 - [1351/2451] ❌ Paulo Azzi
2026-03-11 11:20:35.311 | SUCCESS  | images:telecharger_toutes_images:171 - [1352/2451] ✅ Massimo Luongo
2026-03-11 11:20:35.924 | SUCCESS  | images:telecharger_toutes_images:171 - [1353/2451] ✅ Jibril Othman
2026-03-11 11:20:36.378 | SUCCESS  | images:telecharger_toutes_images:171 - [1354/2451] ✅ Danel Sinani
2026-03-11 11:20:36.393 | SUCCESS  | images:telecharger_toutes_images:171 - [1355/2451] ✅ Oier Zarraga
2026-03-11 11:20:37.555 | SUCCESS  | images:telecharger_toutes_images:171 - [1356/2451] ✅ Federico Dimarco
2026-03-11 11:20:37.651 | SUCCESS  | images:telecharger_toutes_images:171 - [1357/2451] ✅ Matteo Darmian
2026-03-11 11:20:37.661 | SUCCESS  | images:telecharger_toutes_images:171 - [1358/2451] ✅ Álex Valle
2026-03-11 11:20:38.549 | SUCCESS  | images:telecharger_toutes_images:171 - [1359/2451] ✅ William Saliba
2026-03-11 11:20:38.623 | SUCCESS  | images:telecharger_toutes_images:171 - [1360/2451] ✅ Armando Broja
2026-03-11 11:20:39.472 | SUCCESS  | images:telecharger_toutes_images:171 - [1361/2451] ✅ Pablo Sarabia
2026-03-11 11:20:39.547 | SUCCESS  | images:telecharger_toutes_images:171 - [1362/2451] ✅ Allan Nyom
2026-03-11 11:20:39.556 | SUCCESS  | images:telecharger_toutes_images:171 - [1363/2451] ✅ Iglesias
2026-03-11 11:20:40.312 | SUCCESS  | images:telecharger_toutes_images:171 - [1364/2451] ✅ Elia Caprile
2026-03-11 11:20:40.373 | SUCCESS  | images:telecharger_toutes_images:171 - [1365/2451] ✅ Ko Itakura
2026-03-11 11:20:41.249 | SUCCESS  | images:telecharger_toutes_images:171 - [1366/2451] ✅ Théo Pellenard
2026-03-11 11:20:41.343 | SUCCESS  | images:telecharger_toutes_images:171 - [1367/2451] ✅ Christian Eriksen
2026-03-11 11:20:41.578 | SUCCESS  | images:telecharger_toutes_images:171 - [1368/2451] ✅ Samuele Ricci
2026-03-11 11:20:41.848 | SUCCESS  | images:telecharger_toutes_images:171 - [1369/2451] ✅ Julio Soler
2026-03-11 11:20:42.009 | SUCCESS  | images:telecharger_toutes_images:171 - [1370/2451] ✅ Kyle Walker-Peters
2026-03-11 11:20:42.692 | SUCCESS  | images:telecharger_toutes_images:171 - [1371/2451] ✅ David Raya
2026-03-11 11:20:42.792 | SUCCESS  | images:telecharger_toutes_images:171 - [1372/2451] ✅ Remo Freuler
2026-03-11 11:20:43.530 | SUCCESS  | images:telecharger_toutes_images:171 - [1373/2451] ✅ Nicolò Zaniolo
2026-03-11 11:20:43.595 | SUCCESS  | images:telecharger_toutes_images:171 - [1374/2451] ✅ Antony
2026-03-11 11:20:43.867 | SUCCESS  | images:telecharger_toutes_images:171 - [1375/2451] ✅ Pablo Garcia
2026-03-11 11:20:44.325 | SUCCESS  | images:telecharger_toutes_images:171 - [1376/2451] ✅ Antonio Sivera
2026-03-11 11:20:44.333 | SUCCESS  | images:telecharger_toutes_images:171 - [1377/2451] ✅ Jon Moncayola
2026-03-11 11:20:44.881 | SUCCESS  | images:telecharger_toutes_images:171 - [1378/2451] ✅ Adam Lallana
2026-03-11 11:20:45.071 | SUCCESS  | images:telecharger_toutes_images:171 - [1379/2451] ✅ Sebastiano Luperto
2026-03-11 11:20:45.894 | SUCCESS  | images:telecharger_toutes_images:171 - [1380/2451] ✅ Boubacar Traoré
2026-03-11 11:20:45.981 | SUCCESS  | images:telecharger_toutes_images:171 - [1381/2451] ✅ Pascal Stenzel
2026-03-11 11:20:46.581 | SUCCESS  | images:telecharger_toutes_images:171 - [1382/2451] ✅ Pathé Ciss
2026-03-11 11:20:46.601 | SUCCESS  | images:telecharger_toutes_images:171 - [1383/2451] ✅ Arijanet Muric
2026-03-11 11:20:46.871 | SUCCESS  | images:telecharger_toutes_images:171 - [1384/2451] ✅ Hong Hyunseok
2026-03-11 11:20:47.554 | SUCCESS  | images:telecharger_toutes_images:171 - [1385/2451] ✅ Adama Traoré
2026-03-11 11:20:47.783 | SUCCESS  | images:telecharger_toutes_images:171 - [1386/2451] ✅ Luka Topalović
2026-03-11 11:20:48.373 | SUCCESS  | images:telecharger_toutes_images:171 - [1387/2451] ✅ Issiaga Camara
2026-03-11 11:20:48.451 | SUCCESS  | images:telecharger_toutes_images:171 - [1388/2451] ✅ Robin Le Normand
2026-03-11 11:20:49.572 | SUCCESS  | images:telecharger_toutes_images:171 - [1389/2451] ✅ Ki-Jana Hoever
2026-03-11 11:20:49.645 | SUCCESS  | images:telecharger_toutes_images:171 - [1390/2451] ✅ Javi Hernández
2026-03-11 11:20:49.945 | SUCCESS  | images:telecharger_toutes_images:171 - [1391/2451] ✅ Abde Rebbach
2026-03-11 11:20:50.472 | SUCCESS  | images:telecharger_toutes_images:171 - [1392/2451] ✅ Kirian Rodríguez
2026-03-11 11:20:50.556 | SUCCESS  | images:telecharger_toutes_images:171 - [1393/2451] ✅ Cenk Özkacar
2026-03-11 11:20:51.387 | SUCCESS  | images:telecharger_toutes_images:171 - [1394/2451] ✅ Rayan Aït-Nouri
2026-03-11 11:20:51.510 | WARNING  | images:telecharger_toutes_images:173 - [1395/2451] ❌ Pica
2026-03-11 11:20:51.753 | SUCCESS  | images:telecharger_toutes_images:171 - [1396/2451] ✅ Andy Diouf
2026-03-11 11:20:52.346 | SUCCESS  | images:telecharger_toutes_images:171 - [1397/2451] ✅ Anthony Rouault
2026-03-11 11:20:52.364 | SUCCESS  | images:telecharger_toutes_images:171 - [1398/2451] ✅ Jefferson Lerma
2026-03-11 11:20:53.323 | SUCCESS  | images:telecharger_toutes_images:171 - [1399/2451] ✅ Lucas Paquetá
2026-03-11 11:20:53.403 | SUCCESS  | images:telecharger_toutes_images:171 - [1400/2451] ✅ Michael Zetterer
2026-03-11 11:20:53.475 | SUCCESS  | images:telecharger_toutes_images:171 - [1401/2451] ✅ Valentin Rosier
2026-03-11 11:20:53.925 | SUCCESS  | images:telecharger_toutes_images:171 - [1402/2451] ✅ Enzo Ebosse
2026-03-11 11:20:53.935 | SUCCESS  | images:telecharger_toutes_images:171 - [1403/2451] ✅ Djed Spence
2026-03-11 11:20:55.197 | SUCCESS  | images:telecharger_toutes_images:171 - [1404/2451] ✅ Álex Suárez
2026-03-11 11:20:55.275 | SUCCESS  | images:telecharger_toutes_images:171 - [1405/2451] ✅ Gideon Mensah
2026-03-11 11:20:55.348 | SUCCESS  | images:telecharger_toutes_images:171 - [1406/2451] ✅ Wout Faes
2026-03-11 11:20:55.533 | SUCCESS  | images:telecharger_toutes_images:171 - [1407/2451] ✅ Nicolas Jackson
2026-03-11 11:20:56.200 | SUCCESS  | images:telecharger_toutes_images:171 - [1408/2451] ✅ Mario Gila
2026-03-11 11:20:57.101 | SUCCESS  | images:telecharger_toutes_images:171 - [1409/2451] ✅ Luke Shaw
2026-03-11 11:20:57.174 | WARNING  | images:telecharger_toutes_images:173 - [1410/2451] ❌ Jacopo Bacci
2026-03-11 11:20:57.177 | WARNING  | images:telecharger_toutes_images:173 - [1411/2451] ❌ Gabin Capuano
2026-03-11 11:20:57.528 | SUCCESS  | images:telecharger_toutes_images:171 - [1412/2451] ✅ Daniele Ghilardi
2026-03-11 11:20:57.675 | SUCCESS  | images:telecharger_toutes_images:171 - [1413/2451] ✅ Julio Enciso
2026-03-11 11:20:59.239 | WARNING  | images:telecharger_toutes_images:173 - [1414/2451] ❌ Diego Iturralde
2026-03-11 11:20:59.410 | SUCCESS  | images:telecharger_toutes_images:171 - [1415/2451] ✅ Medon Berisha
2026-03-11 11:20:59.477 | SUCCESS  | images:telecharger_toutes_images:171 - [1416/2451] ✅ Viktor Kovalenko
2026-03-11 11:20:59.487 | SUCCESS  | images:telecharger_toutes_images:171 - [1417/2451] ✅ Yahia Fofana
2026-03-11 11:21:00.102 | SUCCESS  | images:telecharger_toutes_images:171 - [1418/2451] ✅ Giorgos Masouras
2026-03-11 11:21:00.674 | SUCCESS  | images:telecharger_toutes_images:171 - [1419/2451] ✅ Alexandre Lacazette
2026-03-11 11:21:01.428 | SUCCESS  | images:telecharger_toutes_images:171 - [1420/2451] ✅ Amad Diallo
2026-03-11 11:21:01.480 | SUCCESS  | images:telecharger_toutes_images:171 - [1421/2451] ✅ Keinan Davis
2026-03-11 11:21:01.502 | SUCCESS  | images:telecharger_toutes_images:171 - [1422/2451] ✅ Soumaïla Coulibaly
2026-03-11 11:21:01.737 | SUCCESS  | images:telecharger_toutes_images:171 - [1423/2451] ✅ Ferrán Torres
2026-03-11 11:21:02.247 | SUCCESS  | images:telecharger_toutes_images:171 - [1424/2451] ✅ Cristiano Biraghi
2026-03-11 11:21:03.388 | SUCCESS  | images:telecharger_toutes_images:171 - [1425/2451] ✅ Désiré Doué
2026-03-11 11:21:03.449 | SUCCESS  | images:telecharger_toutes_images:171 - [1426/2451] ✅ Aaron Wan-Bissaka
2026-03-11 11:21:03.533 | SUCCESS  | images:telecharger_toutes_images:171 - [1427/2451] ✅ Samuel Amo-Ameyaw
2026-03-11 11:21:03.544 | SUCCESS  | images:telecharger_toutes_images:171 - [1428/2451] ✅ Sam Johnstone
2026-03-11 11:21:04.064 | SUCCESS  | images:telecharger_toutes_images:171 - [1429/2451] ✅ Mario Götze
2026-03-11 11:21:05.177 | SUCCESS  | images:telecharger_toutes_images:171 - [1430/2451] ✅ Cédric Kipré
2026-03-11 11:21:05.253 | SUCCESS  | images:telecharger_toutes_images:171 - [1431/2451] ✅ Axel Camblan
2026-03-11 11:21:05.264 | SUCCESS  | images:telecharger_toutes_images:171 - [1432/2451] ✅ Óscar de Marcos
2026-03-11 11:21:05.398 | SUCCESS  | images:telecharger_toutes_images:171 - [1433/2451] ✅ Arvid Brorsson
2026-03-11 11:21:05.734 | SUCCESS  | images:telecharger_toutes_images:171 - [1434/2451] ✅ Wladimiro Falcone
2026-03-11 11:21:07.430 | SUCCESS  | images:telecharger_toutes_images:171 - [1435/2451] ✅ Ben Godfrey
2026-03-11 11:21:07.454 | SUCCESS  | images:telecharger_toutes_images:171 - [1436/2451] ✅ Koka
2026-03-11 11:21:07.468 | SUCCESS  | images:telecharger_toutes_images:171 - [1437/2451] ✅ Carlos Benavídez
2026-03-11 11:21:07.481 | SUCCESS  | images:telecharger_toutes_images:171 - [1438/2451] ✅ Tom Krauß
2026-03-11 11:21:07.589 | SUCCESS  | images:telecharger_toutes_images:171 - [1439/2451] ✅ Vanja Milinković-Savić
2026-03-11 11:21:09.224 | SUCCESS  | images:telecharger_toutes_images:171 - [1440/2451] ✅ Ismail Jakobs
2026-03-11 11:21:09.303 | SUCCESS  | images:telecharger_toutes_images:171 - [1441/2451] ✅ Manu Morlanes
2026-03-11 11:21:09.312 | SUCCESS  | images:telecharger_toutes_images:171 - [1442/2451] ✅ Aitor Fernández
2026-03-11 11:21:09.326 | SUCCESS  | images:telecharger_toutes_images:171 - [1443/2451] ✅ Leopold Querfeld
2026-03-11 11:21:09.825 | SUCCESS  | images:telecharger_toutes_images:171 - [1444/2451] ✅ Ramón Martínez
2026-03-11 11:21:10.609 | SUCCESS  | images:telecharger_toutes_images:171 - [1445/2451] ✅ Lucas Ocampos
2026-03-11 11:21:10.986 | SUCCESS  | images:telecharger_toutes_images:171 - [1446/2451] ✅ Will Hughes
2026-03-11 11:21:11.254 | SUCCESS  | images:telecharger_toutes_images:171 - [1447/2451] ✅ Isco
2026-03-11 11:21:11.509 | SUCCESS  | images:telecharger_toutes_images:171 - [1448/2451] ✅ Bahereba Guirassy
2026-03-11 11:21:11.646 | SUCCESS  | images:telecharger_toutes_images:171 - [1449/2451] ✅ Emanuel Emegha
2026-03-11 11:21:12.490 | SUCCESS  | images:telecharger_toutes_images:171 - [1450/2451] ✅ Bradley Barcola
2026-03-11 11:21:13.360 | SUCCESS  | images:telecharger_toutes_images:171 - [1451/2451] ✅ Harry Toffolo
2026-03-11 11:21:13.370 | SUCCESS  | images:telecharger_toutes_images:171 - [1452/2451] ✅ Aleix García
2026-03-11 11:21:13.574 | SUCCESS  | images:telecharger_toutes_images:171 - [1453/2451] ✅ Juan Musso
2026-03-11 11:21:13.639 | WARNING  | images:telecharger_toutes_images:173 - [1454/2451] ❌ Lucas Bergvall
2026-03-11 11:21:14.099 | SUCCESS  | images:telecharger_toutes_images:171 - [1455/2451] ✅ Eric Bailly
2026-03-11 11:21:15.399 | SUCCESS  | images:telecharger_toutes_images:171 - [1456/2451] ✅ Ibrahim Sissoko
2026-03-11 11:21:15.454 | SUCCESS  | images:telecharger_toutes_images:171 - [1457/2451] ✅ Carlos Baleba
2026-03-11 11:21:15.465 | SUCCESS  | images:telecharger_toutes_images:171 - [1458/2451] ✅ Samuele Vignato
2026-03-11 11:21:15.829 | SUCCESS  | images:telecharger_toutes_images:171 - [1459/2451] ✅ Julian Brandt
2026-03-11 11:21:16.049 | SUCCESS  | images:telecharger_toutes_images:171 - [1460/2451] ✅ Azor Matusiwa
2026-03-11 11:21:16.976 | SUCCESS  | images:telecharger_toutes_images:171 - [1461/2451] ✅ Marcus Rashford
2026-03-11 11:21:17.322 | SUCCESS  | images:telecharger_toutes_images:171 - [1462/2451] ✅ David Argüelles
2026-03-11 11:21:17.398 | SUCCESS  | images:telecharger_toutes_images:171 - [1463/2451] ✅ Tamás Nikitscher
2026-03-11 11:21:17.578 | SUCCESS  | images:telecharger_toutes_images:171 - [1464/2451] ✅ Mika Biereth
2026-03-11 11:21:17.622 | SUCCESS  | images:telecharger_toutes_images:171 - [1465/2451] ✅ Sebastian Otoa
2026-03-11 11:21:19.123 | SUCCESS  | images:telecharger_toutes_images:171 - [1466/2451] ✅ Sam Morsy
2026-03-11 11:21:19.278 | SUCCESS  | images:telecharger_toutes_images:171 - [1467/2451] ✅ Teun Koopmeiners
2026-03-11 11:21:19.288 | SUCCESS  | images:telecharger_toutes_images:171 - [1468/2451] ✅ Antonio Sánchez
2026-03-11 11:21:19.309 | SUCCESS  | images:telecharger_toutes_images:171 - [1469/2451] ✅ Endrick
2026-03-11 11:21:19.350 | SUCCESS  | images:telecharger_toutes_images:171 - [1470/2451] ✅ Alex Padilla
2026-03-11 11:21:20.498 | SUCCESS  | images:telecharger_toutes_images:171 - [1471/2451] ✅ Aymen Barkok
2026-03-11 11:21:21.078 | SUCCESS  | images:telecharger_toutes_images:171 - [1472/2451] ✅ Aleksandar Sedlar
2026-03-11 11:21:21.090 | SUCCESS  | images:telecharger_toutes_images:171 - [1473/2451] ✅ Ángel Ortíz
2026-03-11 11:21:21.152 | SUCCESS  | images:telecharger_toutes_images:171 - [1474/2451] ✅ Sean Longstaff
2026-03-11 11:21:21.185 | SUCCESS  | images:telecharger_toutes_images:171 - [1475/2451] ✅ Julen Agirrezabala
2026-03-11 11:21:22.456 | SUCCESS  | images:telecharger_toutes_images:171 - [1476/2451] ✅ Calvin Bassey
2026-03-11 11:21:22.878 | SUCCESS  | images:telecharger_toutes_images:171 - [1477/2451] ✅ Joe Willock
2026-03-11 11:21:22.952 | SUCCESS  | images:telecharger_toutes_images:171 - [1478/2451] ✅ Erhan Mašović
2026-03-11 11:21:23.024 | SUCCESS  | images:telecharger_toutes_images:171 - [1479/2451] ✅ Loum Tchaouna
2026-03-11 11:21:23.193 | SUCCESS  | images:telecharger_toutes_images:171 - [1480/2451] ✅ Armel Bella Kotchap
2026-03-11 11:21:24.219 | SUCCESS  | images:telecharger_toutes_images:171 - [1481/2451] ✅ Cristian Romero
2026-03-11 11:21:24.974 | SUCCESS  | images:telecharger_toutes_images:171 - [1482/2451] ✅ Marash Kumbulla
2026-03-11 11:21:24.982 | SUCCESS  | images:telecharger_toutes_images:171 - [1483/2451] ✅ Brian Oliván
2026-03-11 11:21:25.083 | SUCCESS  | images:telecharger_toutes_images:171 - [1484/2451] ✅ Luca Jaquez
2026-03-11 11:21:25.127 | SUCCESS  | images:telecharger_toutes_images:171 - [1485/2451] ✅ Warren Kamanzi
2026-03-11 11:21:25.574 | SUCCESS  | images:telecharger_toutes_images:171 - [1486/2451] ✅ Nicolás Valentini
2026-03-11 11:21:27.494 | WARNING  | images:telecharger_toutes_images:173 - [1487/2451] ❌ Lucas Stassin
2026-03-11 11:21:27.536 | SUCCESS  | images:telecharger_toutes_images:171 - [1488/2451] ✅ Adu Ares
2026-03-11 11:21:27.546 | SUCCESS  | images:telecharger_toutes_images:171 - [1489/2451] ✅ Pietro Pellegri
2026-03-11 11:21:27.558 | SUCCESS  | images:telecharger_toutes_images:171 - [1490/2451] ✅ Magnus Kofod Andersen
2026-03-11 11:21:27.570 | SUCCESS  | images:telecharger_toutes_images:171 - [1491/2451] ✅ Justin Njinmah
2026-03-11 11:21:29.213 | SUCCESS  | images:telecharger_toutes_images:171 - [1492/2451] ✅ Djené
2026-03-11 11:21:29.329 | SUCCESS  | images:telecharger_toutes_images:171 - [1493/2451] ✅ Magnus Knudsen
2026-03-11 11:21:29.398 | SUCCESS  | images:telecharger_toutes_images:171 - [1494/2451] ✅ Sergio Herrera
2026-03-11 11:21:29.531 | WARNING  | images:telecharger_toutes_images:173 - [1495/2451] ❌ Justin Smith
2026-03-11 11:21:29.574 | SUCCESS  | images:telecharger_toutes_images:171 - [1496/2451] ✅ M'Bala Nzola
2026-03-11 11:21:31.058 | SUCCESS  | images:telecharger_toutes_images:171 - [1497/2451] ✅ Willy Boly
2026-03-11 11:21:31.136 | SUCCESS  | images:telecharger_toutes_images:171 - [1498/2451] ✅ Hamari Traoré
2026-03-11 11:21:31.151 | SUCCESS  | images:telecharger_toutes_images:171 - [1499/2451] ✅ Jakub Stolarczyk
2026-03-11 11:21:31.166 | SUCCESS  | images:telecharger_toutes_images:171 - [1500/2451] ✅ Javi Galán
2026-03-11 11:21:31.209 | SUCCESS  | images:telecharger_toutes_images:171 - [1501/2451] ✅ Yusuf Kabadayı
2026-03-11 11:21:33.446 | SUCCESS  | images:telecharger_toutes_images:171 - [1502/2451] ✅ Igor
2026-03-11 11:21:33.529 | SUCCESS  | images:telecharger_toutes_images:171 - [1503/2451] ✅ Dan-Axel Zagadou
2026-03-11 11:21:33.538 | SUCCESS  | images:telecharger_toutes_images:171 - [1504/2451] ✅ Patrick Cutrone
2026-03-11 11:21:33.551 | SUCCESS  | images:telecharger_toutes_images:171 - [1505/2451] ✅ Birama Touré
2026-03-11 11:21:33.560 | SUCCESS  | images:telecharger_toutes_images:171 - [1506/2451] ✅ Lorenzo Venturino
2026-03-11 11:21:35.023 | SUCCESS  | images:telecharger_toutes_images:171 - [1507/2451] ✅ Piotr Zieliński
2026-03-11 11:21:35.179 | SUCCESS  | images:telecharger_toutes_images:171 - [1508/2451] ✅ Aitor Ruibal
2026-03-11 11:21:35.350 | SUCCESS  | images:telecharger_toutes_images:171 - [1509/2451] ✅ Eddie Nketiah
2026-03-11 11:21:35.549 | SUCCESS  | images:telecharger_toutes_images:171 - [1510/2451] ✅ Jay Idzes
2026-03-11 11:21:35.933 | SUCCESS  | images:telecharger_toutes_images:171 - [1511/2451] ✅ Ihlas Bebou
2026-03-11 11:21:37.124 | SUCCESS  | images:telecharger_toutes_images:171 - [1512/2451] ✅ Karl-Johan Johnsson
2026-03-11 11:21:37.424 | SUCCESS  | images:telecharger_toutes_images:171 - [1513/2451] ✅ Juan Cruz Armada
2026-03-11 11:21:37.500 | SUCCESS  | images:telecharger_toutes_images:171 - [1514/2451] ✅ Orel Mangala
2026-03-11 11:21:37.720 | SUCCESS  | images:telecharger_toutes_images:171 - [1515/2451] ✅ Miloš Veljković
2026-03-11 11:21:38.101 | SUCCESS  | images:telecharger_toutes_images:171 - [1516/2451] ✅ Simon Sohm
2026-03-11 11:21:38.578 | SUCCESS  | images:telecharger_toutes_images:171 - [1517/2451] ✅ Mark McKenzie
2026-03-11 11:21:39.303 | SUCCESS  | images:telecharger_toutes_images:171 - [1518/2451] ✅ Randy Nteka
2026-03-11 11:21:39.448 | SUCCESS  | images:telecharger_toutes_images:171 - [1519/2451] ✅ Kamaldeen Sulemana
2026-03-11 11:21:39.586 | WARNING  | images:telecharger_toutes_images:173 - [1520/2451] ❌ Harry Clarke
2026-03-11 11:21:39.896 | SUCCESS  | images:telecharger_toutes_images:171 - [1521/2451] ✅ Giuliano Simeone
2026-03-11 11:21:40.606 | SUCCESS  | images:telecharger_toutes_images:171 - [1522/2451] ✅ Nuno Tavares
2026-03-11 11:21:41.172 | SUCCESS  | images:telecharger_toutes_images:171 - [1523/2451] ✅ Emre Can
2026-03-11 11:21:41.245 | SUCCESS  | images:telecharger_toutes_images:171 - [1524/2451] ✅ Francis Coquelin
2026-03-11 11:21:41.530 | WARNING  | images:telecharger_toutes_images:173 - [1525/2451] ❌ Mickael Nade
2026-03-11 11:21:41.622 | SUCCESS  | images:telecharger_toutes_images:171 - [1526/2451] ✅ Naouirou Ahamada
2026-03-11 11:21:41.996 | SUCCESS  | images:telecharger_toutes_images:171 - [1527/2451] ✅ Frederik Rønnow
2026-03-11 11:21:43.961 | SUCCESS  | images:telecharger_toutes_images:171 - [1528/2451] ✅ João Palhinha
2026-03-11 11:21:43.974 | SUCCESS  | images:telecharger_toutes_images:171 - [1529/2451] ✅ Edmond Tapsoba
2026-03-11 11:21:44.105 | SUCCESS  | images:telecharger_toutes_images:171 - [1530/2451] ✅ Issa Diop
2026-03-11 11:21:44.120 | SUCCESS  | images:telecharger_toutes_images:171 - [1531/2451] ✅ Rodrigo Muniz
2026-03-11 11:21:44.910 | WARNING  | images:telecharger_toutes_images:173 - [1532/2451] ❌ Welington
2026-03-11 11:21:46.122 | SUCCESS  | images:telecharger_toutes_images:171 - [1533/2451] ✅ Danilo
2026-03-11 11:21:46.137 | SUCCESS  | images:telecharger_toutes_images:171 - [1534/2451] ✅ Benjamín Domínguez
2026-03-11 11:21:46.207 | SUCCESS  | images:telecharger_toutes_images:171 - [1535/2451] ✅ Pablo Marín
2026-03-11 11:21:46.218 | SUCCESS  | images:telecharger_toutes_images:171 - [1536/2451] ✅ Patrick Drewes
2026-03-11 11:21:46.876 | SUCCESS  | images:telecharger_toutes_images:171 - [1537/2451] ✅ Mitchel Bakker
2026-03-11 11:21:47.625 | SUCCESS  | images:telecharger_toutes_images:171 - [1538/2451] ✅ Tom Cairney
2026-03-11 11:21:47.873 | SUCCESS  | images:telecharger_toutes_images:171 - [1539/2451] ✅ Kristoffer Ajer
2026-03-11 11:21:47.889 | SUCCESS  | images:telecharger_toutes_images:171 - [1540/2451] ✅ Nathan Collins
2026-03-11 11:21:47.903 | SUCCESS  | images:telecharger_toutes_images:171 - [1541/2451] ✅ Manuel Locatelli
2026-03-11 11:21:48.736 | WARNING  | images:telecharger_toutes_images:173 - [1542/2451] ❌ Lorenzo Tosto
2026-03-11 11:21:49.505 | SUCCESS  | images:telecharger_toutes_images:171 - [1543/2451] ✅ Carles Pérez
2026-03-11 11:21:49.586 | SUCCESS  | images:telecharger_toutes_images:171 - [1544/2451] ✅ Daniele Sommariva
2026-03-11 11:21:50.023 | SUCCESS  | images:telecharger_toutes_images:171 - [1545/2451] ✅ Éderson
2026-03-11 11:21:50.034 | SUCCESS  | images:telecharger_toutes_images:171 - [1546/2451] ✅ Kristijan Jakić
2026-03-11 11:21:50.327 | SUCCESS  | images:telecharger_toutes_images:171 - [1547/2451] ✅ Mark Flekken
2026-03-11 11:21:51.009 | SUCCESS  | images:telecharger_toutes_images:171 - [1548/2451] ✅ Florinel Coman
2026-03-11 11:21:51.524 | SUCCESS  | images:telecharger_toutes_images:171 - [1549/2451] ✅ Bryan Zaragoza
2026-03-11 11:21:51.611 | WARNING  | images:telecharger_toutes_images:173 - [1550/2451] ❌ Mateo Mejía
2026-03-11 11:21:51.672 | SUCCESS  | images:telecharger_toutes_images:171 - [1551/2451] ✅ Mario Martín
2026-03-11 11:21:51.764 | SUCCESS  | images:telecharger_toutes_images:171 - [1552/2451] ✅ Neto
2026-03-11 11:21:53.226 | SUCCESS  | images:telecharger_toutes_images:171 - [1553/2451] ✅ Adam Obert
2026-03-11 11:21:53.387 | WARNING  | images:telecharger_toutes_images:173 - [1554/2451] ❌ Giorgio Altare
2026-03-11 11:21:53.476 | SUCCESS  | images:telecharger_toutes_images:171 - [1555/2451] ✅ Karl Jakob Hein
2026-03-11 11:21:53.583 | SUCCESS  | images:telecharger_toutes_images:171 - [1556/2451] ✅ Pablo Marí
2026-03-11 11:21:54.445 | SUCCESS  | images:telecharger_toutes_images:171 - [1557/2451] ✅ Jack Harrison
2026-03-11 11:21:55.723 | SUCCESS  | images:telecharger_toutes_images:171 - [1558/2451] ✅ Kike Barja
2026-03-11 11:21:55.802 | SUCCESS  | images:telecharger_toutes_images:171 - [1559/2451] ✅ Niklas Stark
2026-03-11 11:21:55.857 | SUCCESS  | images:telecharger_toutes_images:171 - [1560/2451] ✅ Nikola Vlašić
2026-03-11 11:21:55.873 | SUCCESS  | images:telecharger_toutes_images:171 - [1561/2451] ✅ Amine Gouiri
2026-03-11 11:21:56.552 | SUCCESS  | images:telecharger_toutes_images:171 - [1562/2451] ✅ Davide Faraoni
2026-03-11 11:21:57.439 | SUCCESS  | images:telecharger_toutes_images:171 - [1563/2451] ✅ Vicente Guaita
2026-03-11 11:21:57.488 | SUCCESS  | images:telecharger_toutes_images:171 - [1564/2451] ✅ Łukasz Skorupski
2026-03-11 11:21:57.523 | SUCCESS  | images:telecharger_toutes_images:171 - [1565/2451] ✅ Maduka Okoye
2026-03-11 11:21:57.640 | SUCCESS  | images:telecharger_toutes_images:171 - [1566/2451] ✅ Marius Bülter
2026-03-11 11:21:57.997 | SUCCESS  | images:telecharger_toutes_images:171 - [1567/2451] ✅ Arne Maier
2026-03-11 11:21:59.320 | SUCCESS  | images:telecharger_toutes_images:171 - [1568/2451] ✅ Daniel Vivian
2026-03-11 11:21:59.384 | WARNING  | images:telecharger_toutes_images:173 - [1569/2451] ❌ Mory Gbane
2026-03-11 11:21:59.432 | SUCCESS  | images:telecharger_toutes_images:171 - [1570/2451] ✅ Nathaniel Brown
2026-03-11 11:21:59.461 | WARNING  | images:telecharger_toutes_images:173 - [1571/2451] ❌ Plamedi Nsingi
2026-03-11 11:21:59.851 | SUCCESS  | images:telecharger_toutes_images:171 - [1572/2451] ✅ Oussama Targhalline
2026-03-11 11:22:00.779 | SUCCESS  | images:telecharger_toutes_images:171 - [1573/2451] ✅ Michail Antonio
2026-03-11 11:22:01.123 | SUCCESS  | images:telecharger_toutes_images:171 - [1574/2451] ✅ Yassine Kechta
2026-03-11 11:22:01.175 | SUCCESS  | images:telecharger_toutes_images:171 - [1575/2451] ✅ Jeremy Sarmiento
2026-03-11 11:22:01.411 | WARNING  | images:telecharger_toutes_images:173 - [1576/2451] ❌ Alfie Dorrington
2026-03-11 11:22:01.576 | SUCCESS  | images:telecharger_toutes_images:171 - [1577/2451] ✅ Tanner Tessmann
2026-03-11 11:22:02.804 | SUCCESS  | images:telecharger_toutes_images:171 - [1578/2451] ✅ Marko Dmitrović
2026-03-11 11:22:02.860 | SUCCESS  | images:telecharger_toutes_images:171 - [1579/2451] ✅ Marco Sportiello
2026-03-11 11:22:03.015 | SUCCESS  | images:telecharger_toutes_images:171 - [1580/2451] ✅ Gabriel Strefezza
2026-03-11 11:22:03.191 | SUCCESS  | images:telecharger_toutes_images:171 - [1581/2451] ✅ Nordi Mukiele
2026-03-11 11:22:03.220 | SUCCESS  | images:telecharger_toutes_images:171 - [1582/2451] ✅ Gerard Gumbau
2026-03-11 11:22:04.426 | SUCCESS  | images:telecharger_toutes_images:171 - [1583/2451] ✅ Eric Dier
2026-03-11 11:22:04.546 | SUCCESS  | images:telecharger_toutes_images:171 - [1584/2451] ✅ Gautier Lloris
2026-03-11 11:22:04.567 | SUCCESS  | images:telecharger_toutes_images:171 - [1585/2451] ✅ Estanis
2026-03-11 11:22:05.877 | SUCCESS  | images:telecharger_toutes_images:171 - [1586/2451] ✅ Rayan Fofana
2026-03-11 11:22:05.886 | SUCCESS  | images:telecharger_toutes_images:171 - [1587/2451] ✅ Lukáš Hrádecký
2026-03-11 11:22:06.308 | SUCCESS  | images:telecharger_toutes_images:171 - [1588/2451] ✅ Axel Disasi
2026-03-11 11:22:06.335 | SUCCESS  | images:telecharger_toutes_images:171 - [1589/2451] ✅ Ali Abdi
2026-03-11 11:22:06.367 | SUCCESS  | images:telecharger_toutes_images:171 - [1590/2451] ✅ Skelly Alvero
2026-03-11 11:22:07.196 | SUCCESS  | images:telecharger_toutes_images:171 - [1591/2451] ✅ Dani Olmo
2026-03-11 11:22:07.873 | SUCCESS  | images:telecharger_toutes_images:171 - [1592/2451] ✅ Eberechi Eze
2026-03-11 11:22:07.950 | SUCCESS  | images:telecharger_toutes_images:171 - [1593/2451] ✅ Riccardo Calafiori
2026-03-11 11:22:08.399 | SUCCESS  | images:telecharger_toutes_images:171 - [1594/2451] ✅ Mattia De Sciglio
2026-03-11 11:22:08.413 | SUCCESS  | images:telecharger_toutes_images:171 - [1595/2451] ✅ Iván Martín
2026-03-11 11:22:09.149 | SUCCESS  | images:telecharger_toutes_images:171 - [1596/2451] ✅ Boubakary Soumaré
2026-03-11 11:22:09.677 | SUCCESS  | images:telecharger_toutes_images:171 - [1597/2451] ✅ Julian Chabot
2026-03-11 11:22:10.052 | SUCCESS  | images:telecharger_toutes_images:171 - [1598/2451] ✅ Marcos André
2026-03-11 11:22:10.062 | SUCCESS  | images:telecharger_toutes_images:171 - [1599/2451] ✅ Florent Muslija
2026-03-11 11:22:10.127 | SUCCESS  | images:telecharger_toutes_images:171 - [1600/2451] ✅ Edoardo Bove
2026-03-11 11:22:10.805 | SUCCESS  | images:telecharger_toutes_images:171 - [1601/2451] ✅ Matteo Ruggeri
2026-03-11 11:22:11.920 | SUCCESS  | images:telecharger_toutes_images:171 - [1602/2451] ✅ Presnel Kimpembe
2026-03-11 11:22:12.003 | SUCCESS  | images:telecharger_toutes_images:171 - [1603/2451] ✅ Brajan Gruda
2026-03-11 11:22:12.013 | SUCCESS  | images:telecharger_toutes_images:171 - [1604/2451] ✅ Ollie Watkins
2026-03-11 11:22:12.150 | SUCCESS  | images:telecharger_toutes_images:171 - [1605/2451] ✅ Jackson Tchatchoua
2026-03-11 11:22:13.048 | SUCCESS  | images:telecharger_toutes_images:171 - [1606/2451] ✅ Borna Sosa
2026-03-11 11:22:14.129 | SUCCESS  | images:telecharger_toutes_images:171 - [1607/2451] ✅ Tijjani Reijnders
2026-03-11 11:22:14.178 | SUCCESS  | images:telecharger_toutes_images:171 - [1608/2451] ✅ Antoniu
2026-03-11 11:22:14.259 | SUCCESS  | images:telecharger_toutes_images:171 - [1609/2451] ✅ Théo De Percin
2026-03-11 11:22:14.273 | SUCCESS  | images:telecharger_toutes_images:171 - [1610/2451] ✅ Alexander Nübel
2026-03-11 11:22:15.411 | SUCCESS  | images:telecharger_toutes_images:171 - [1611/2451] ✅ Nico Williams
2026-03-11 11:22:16.582 | SUCCESS  | images:telecharger_toutes_images:171 - [1612/2451] ✅ Valentino Livramento
2026-03-11 11:22:16.590 | SUCCESS  | images:telecharger_toutes_images:171 - [1613/2451] ✅ Christopher Wooh
2026-03-11 11:22:16.602 | SUCCESS  | images:telecharger_toutes_images:171 - [1614/2451] ✅ Finn Porath
2026-03-11 11:22:16.613 | SUCCESS  | images:telecharger_toutes_images:171 - [1615/2451] ✅ Lorenz Assignon
2026-03-11 11:22:17.127 | SUCCESS  | images:telecharger_toutes_images:171 - [1616/2451] ✅ Franco Carboni
2026-03-11 11:22:18.222 | SUCCESS  | images:telecharger_toutes_images:171 - [1617/2451] ✅ Julien Duranville
2026-03-11 11:22:18.378 | SUCCESS  | images:telecharger_toutes_images:171 - [1618/2451] ✅ Zito Luvumbo
2026-03-11 11:22:18.601 | SUCCESS  | images:telecharger_toutes_images:171 - [1619/2451] ✅ José Luis Gayà
2026-03-11 11:22:18.736 | WARNING  | images:telecharger_toutes_images:173 - [1620/2451] ❌ Bob Murphy Omoregbe
2026-03-11 11:22:18.974 | SUCCESS  | images:telecharger_toutes_images:171 - [1621/2451] ✅ Jack Grealish
2026-03-11 11:22:20.138 | SUCCESS  | images:telecharger_toutes_images:171 - [1622/2451] ✅ Federico Chiesa
2026-03-11 11:22:20.252 | SUCCESS  | images:telecharger_toutes_images:171 - [1623/2451] ✅ Faustino Anjorin
2026-03-11 11:22:20.265 | SUCCESS  | images:telecharger_toutes_images:171 - [1624/2451] ✅ Maurides
2026-03-11 11:22:21.524 | SUCCESS  | images:telecharger_toutes_images:171 - [1625/2451] ✅ Hans Nicolussi Caviglia
2026-03-11 11:22:21.544 | SUCCESS  | images:telecharger_toutes_images:171 - [1626/2451] ✅ Mikel Vesga
2026-03-11 11:22:22.503 | SUCCESS  | images:telecharger_toutes_images:171 - [1627/2451] ✅ Ousmane Dembélé
2026-03-11 11:22:22.517 | SUCCESS  | images:telecharger_toutes_images:171 - [1628/2451] ✅ Victor Boniface
2026-03-11 11:22:22.554 | SUCCESS  | images:telecharger_toutes_images:171 - [1629/2451] ✅ Andrei Ratiu
2026-03-11 11:22:23.463 | WARNING  | images:telecharger_toutes_images:173 - [1630/2451] ❌ Milos Lukovic
2026-03-11 11:22:23.477 | SUCCESS  | images:telecharger_toutes_images:171 - [1631/2451] ✅ Andy Irving
2026-03-11 11:22:23.849 | SUCCESS  | images:telecharger_toutes_images:171 - [1632/2451] ✅ Álex Grimaldo
2026-03-11 11:22:24.073 | WARNING  | images:telecharger_toutes_images:173 - [1633/2451] ❌ Loïc N'Gatta
2026-03-11 11:22:24.374 | SUCCESS  | images:telecharger_toutes_images:171 - [1634/2451] ✅ Jay Stansfield
2026-03-11 11:22:24.753 | SUCCESS  | images:telecharger_toutes_images:171 - [1635/2451] ✅ Wilfried Zaha
2026-03-11 11:22:24.973 | SUCCESS  | images:telecharger_toutes_images:171 - [1636/2451] ✅ Jonathan Bamba
2026-03-11 11:22:25.724 | SUCCESS  | images:telecharger_toutes_images:171 - [1637/2451] ✅ Dan Burn
2026-03-11 11:22:25.802 | SUCCESS  | images:telecharger_toutes_images:171 - [1638/2451] ✅ Kasey McAteer
2026-03-11 11:22:26.325 | SUCCESS  | images:telecharger_toutes_images:171 - [1639/2451] ✅ Lorenzo Anghelè
2026-03-11 11:22:26.659 | SUCCESS  | images:telecharger_toutes_images:171 - [1640/2451] ✅ Carney Chukwuemeka
2026-03-11 11:22:26.701 | SUCCESS  | images:telecharger_toutes_images:171 - [1641/2451] ✅ Pedro Lima
2026-03-11 11:22:27.381 | SUCCESS  | images:telecharger_toutes_images:171 - [1642/2451] ✅ Rayan Cherki
2026-03-11 11:22:27.482 | SUCCESS  | images:telecharger_toutes_images:171 - [1643/2451] ✅ Suat Serdar
2026-03-11 11:22:28.496 | SUCCESS  | images:telecharger_toutes_images:171 - [1644/2451] ✅ Leo Skiri Østigård
2026-03-11 11:22:28.746 | SUCCESS  | images:telecharger_toutes_images:171 - [1645/2451] ✅ Mikayil Ngor Faye
2026-03-11 11:22:28.873 | SUCCESS  | images:telecharger_toutes_images:171 - [1646/2451] ✅ Antonín Kinský
2026-03-11 11:22:29.496 | SUCCESS  | images:telecharger_toutes_images:171 - [1647/2451] ✅ Takehiro Tomiyasu
2026-03-11 11:22:29.565 | SUCCESS  | images:telecharger_toutes_images:171 - [1648/2451] ✅ Timothy Chandler
2026-03-11 11:22:30.482 | SUCCESS  | images:telecharger_toutes_images:171 - [1649/2451] ✅ Lucas Chevalier
2026-03-11 11:22:30.559 | SUCCESS  | images:telecharger_toutes_images:171 - [1650/2451] ✅ Deiver Machado
2026-03-11 11:22:30.603 | SUCCESS  | images:telecharger_toutes_images:171 - [1651/2451] ✅ Chadi Riad
2026-03-11 11:22:31.730 | SUCCESS  | images:telecharger_toutes_images:171 - [1652/2451] ✅ Raheem Sterling
2026-03-11 11:22:31.771 | SUCCESS  | images:telecharger_toutes_images:171 - [1653/2451] ✅ Wes Burns
2026-03-11 11:22:32.543 | WARNING  | images:telecharger_toutes_images:173 - [1654/2451] ❌ Jailson Siqueira
2026-03-11 11:22:32.564 | SUCCESS  | images:telecharger_toutes_images:171 - [1655/2451] ✅ Aurélio Buta
2026-03-11 11:22:32.928 | SUCCESS  | images:telecharger_toutes_images:171 - [1656/2451] ✅ Tiago Tomás
2026-03-11 11:22:33.681 | SUCCESS  | images:telecharger_toutes_images:171 - [1657/2451] ✅ Diego Carlos
2026-03-11 11:22:33.985 | SUCCESS  | images:telecharger_toutes_images:171 - [1658/2451] ✅ Gautier Larsonneur
2026-03-11 11:22:34.044 | WARNING  | images:telecharger_toutes_images:173 - [1659/2451] ❌ Mario Maroto
2026-03-11 11:22:34.142 | SUCCESS  | images:telecharger_toutes_images:171 - [1660/2451] ✅ Guela Doué
2026-03-11 11:22:34.425 | SUCCESS  | images:telecharger_toutes_images:171 - [1661/2451] ✅ Yunus Musah
2026-03-11 11:22:34.954 | SUCCESS  | images:telecharger_toutes_images:171 - [1662/2451] ✅ Raúl Jiménez
2026-03-11 11:22:35.933 | SUCCESS  | images:telecharger_toutes_images:171 - [1663/2451] ✅ Alexander Meyer
2026-03-11 11:22:35.965 | SUCCESS  | images:telecharger_toutes_images:171 - [1664/2451] ✅ Rico Lewis
2026-03-11 11:22:35.982 | SUCCESS  | images:telecharger_toutes_images:171 - [1665/2451] ✅ Jean Onana
2026-03-11 11:22:36.378 | SUCCESS  | images:telecharger_toutes_images:171 - [1666/2451] ✅ Matúš Bero
2026-03-11 11:22:36.449 | SUCCESS  | images:telecharger_toutes_images:171 - [1667/2451] ✅ Dodô
2026-03-11 11:22:37.806 | SUCCESS  | images:telecharger_toutes_images:171 - [1668/2451] ✅ Mohammed Kudus
2026-03-11 11:22:37.909 | SUCCESS  | images:telecharger_toutes_images:171 - [1669/2451] ✅ Gabriel Jesus
2026-03-11 11:22:37.955 | SUCCESS  | images:telecharger_toutes_images:171 - [1670/2451] ✅ Maghnes Akliouche
2026-03-11 11:22:38.329 | SUCCESS  | images:telecharger_toutes_images:171 - [1671/2451] ✅ Matteo Cancellieri
2026-03-11 11:22:38.491 | SUCCESS  | images:telecharger_toutes_images:171 - [1672/2451] ✅ Jordan Pefok
2026-03-11 11:22:39.447 | SUCCESS  | images:telecharger_toutes_images:171 - [1673/2451] ✅ Yuri Berchiche
2026-03-11 11:22:39.679 | SUCCESS  | images:telecharger_toutes_images:171 - [1674/2451] ✅ Max Rosenfelder
2026-03-11 11:22:40.047 | SUCCESS  | images:telecharger_toutes_images:171 - [1675/2451] ✅ Thijs Dallinga
2026-03-11 11:22:40.275 | SUCCESS  | images:telecharger_toutes_images:171 - [1676/2451] ✅ Stefano Sensi
2026-03-11 11:22:40.493 | SUCCESS  | images:telecharger_toutes_images:171 - [1677/2451] ✅ Derrick Köhn
2026-03-11 11:22:40.982 | SUCCESS  | images:telecharger_toutes_images:171 - [1678/2451] ✅ Evann Guessand
2026-03-11 11:22:41.325 | SUCCESS  | images:telecharger_toutes_images:171 - [1679/2451] ✅ Noussair Mazraoui
2026-03-11 11:22:42.108 | SUCCESS  | images:telecharger_toutes_images:171 - [1680/2451] ✅ Marc Bartra
2026-03-11 11:22:42.361 | WARNING  | images:telecharger_toutes_images:173 - [1681/2451] ❌ Issa Doumbia
2026-03-11 11:22:42.450 | SUCCESS  | images:telecharger_toutes_images:171 - [1682/2451] ✅ Erencan Yardimci
2026-03-11 11:22:42.732 | WARNING  | images:telecharger_toutes_images:173 - [1683/2451] ❌ Xavier Moreno
2026-03-11 11:22:43.130 | SUCCESS  | images:telecharger_toutes_images:171 - [1684/2451] ✅ Luis Guilherme
2026-03-11 11:22:43.832 | SUCCESS  | images:telecharger_toutes_images:171 - [1685/2451] ✅ Marvin Friedrich
2026-03-11 11:22:44.027 | SUCCESS  | images:telecharger_toutes_images:171 - [1686/2451] ✅ Gerard Martín
2026-03-11 11:22:44.327 | SUCCESS  | images:telecharger_toutes_images:171 - [1687/2451] ✅ Silvi Clúa
2026-03-11 11:22:44.455 | SUCCESS  | images:telecharger_toutes_images:171 - [1688/2451] ✅ Albert Guðmundsson
2026-03-11 11:22:44.872 | SUCCESS  | images:telecharger_toutes_images:171 - [1689/2451] ✅ Luis Pérez
2026-03-11 11:22:45.753 | SUCCESS  | images:telecharger_toutes_images:171 - [1690/2451] ✅ Joshua Acheampong
2026-03-11 11:22:45.809 | WARNING  | images:telecharger_toutes_images:173 - [1691/2451] ❌ Aingeru Olabarrieta
2026-03-11 11:22:46.132 | SUCCESS  | images:telecharger_toutes_images:171 - [1692/2451] ✅ Kevin Kampl
2026-03-11 11:22:46.429 | SUCCESS  | images:telecharger_toutes_images:171 - [1693/2451] ✅ Antonio Raillo
2026-03-11 11:22:46.564 | WARNING  | images:telecharger_toutes_images:173 - [1694/2451] ❌ Diego
2026-03-11 11:22:47.358 | SUCCESS  | images:telecharger_toutes_images:171 - [1695/2451] ✅ Samuel Chukwueze
2026-03-11 11:22:47.552 | SUCCESS  | images:telecharger_toutes_images:171 - [1696/2451] ✅ Lucas Beraldo
2026-03-11 11:22:48.181 | SUCCESS  | images:telecharger_toutes_images:171 - [1697/2451] ✅ Ryan Gravenberch
2026-03-11 11:22:48.232 | SUCCESS  | images:telecharger_toutes_images:171 - [1698/2451] ✅ Ilias Akhomach
2026-03-11 11:22:48.244 | SUCCESS  | images:telecharger_toutes_images:171 - [1699/2451] ✅ Abdoulaye Niakhate Ndiaye
2026-03-11 11:22:49.952 | SUCCESS  | images:telecharger_toutes_images:171 - [1700/2451] ✅ Aitor Paredes
2026-03-11 11:22:49.964 | SUCCESS  | images:telecharger_toutes_images:171 - [1701/2451] ✅ Martin Frese
2026-03-11 11:22:51.151 | SUCCESS  | images:telecharger_toutes_images:171 - [1702/2451] ✅ Francesco Acerbi
2026-03-11 11:22:51.160 | SUCCESS  | images:telecharger_toutes_images:171 - [1703/2451] ✅ Issiaga Sylla
2026-03-11 11:22:51.171 | SUCCESS  | images:telecharger_toutes_images:171 - [1704/2451] ✅ Marc Cardona
2026-03-11 11:22:51.451 | SUCCESS  | images:telecharger_toutes_images:171 - [1705/2451] ✅ Denis Thomalla
2026-03-11 11:22:51.668 | SUCCESS  | images:telecharger_toutes_images:171 - [1706/2451] ✅ Niklas Schmidt
2026-03-11 11:22:52.677 | SUCCESS  | images:telecharger_toutes_images:171 - [1707/2451] ✅ Valentín Barco
2026-03-11 11:22:52.743 | SUCCESS  | images:telecharger_toutes_images:171 - [1708/2451] ✅ Harvey Elliott
2026-03-11 11:22:52.877 | SUCCESS  | images:telecharger_toutes_images:171 - [1709/2451] ✅ Simone Perilli
2026-03-11 11:22:53.240 | WARNING  | images:telecharger_toutes_images:173 - [1710/2451] ❌ Nicolas Pays
2026-03-11 11:22:53.254 | SUCCESS  | images:telecharger_toutes_images:171 - [1711/2451] ✅ Sébastien Haller
2026-03-11 11:22:54.212 | WARNING  | images:telecharger_toutes_images:173 - [1712/2451] ❌ Ben Winterburn
2026-03-11 11:22:54.301 | SUCCESS  | images:telecharger_toutes_images:171 - [1713/2451] ✅ Danilo Cataldi
2026-03-11 11:22:54.899 | SUCCESS  | images:telecharger_toutes_images:171 - [1714/2451] ✅ Samuel Iling-Junior
2026-03-11 11:22:55.219 | SUCCESS  | images:telecharger_toutes_images:171 - [1715/2451] ✅ Lisandro Martínez
2026-03-11 11:22:55.305 | SUCCESS  | images:telecharger_toutes_images:171 - [1716/2451] ✅ Senny Mayulu
2026-03-11 11:22:56.169 | SUCCESS  | images:telecharger_toutes_images:171 - [1717/2451] ✅ Omar Alderete
2026-03-11 11:22:56.250 | SUCCESS  | images:telecharger_toutes_images:171 - [1718/2451] ✅ Denis Genreau
2026-03-11 11:22:56.626 | SUCCESS  | images:telecharger_toutes_images:171 - [1719/2451] ✅ Ivan Ilić
2026-03-11 11:22:56.926 | SUCCESS  | images:telecharger_toutes_images:171 - [1720/2451] ✅ Solly March
2026-03-11 11:22:57.226 | SUCCESS  | images:telecharger_toutes_images:171 - [1721/2451] ✅ Ngal'Ayel Mukau
2026-03-11 11:22:58.229 | SUCCESS  | images:telecharger_toutes_images:171 - [1722/2451] ✅ Conor Bradley
2026-03-11 11:22:58.350 | SUCCESS  | images:telecharger_toutes_images:171 - [1723/2451] ✅ Diego Llorente
2026-03-11 11:22:58.429 | SUCCESS  | images:telecharger_toutes_images:171 - [1724/2451] ✅ Rafik Messali
2026-03-11 11:22:59.097 | SUCCESS  | images:telecharger_toutes_images:171 - [1725/2451] ✅ Moritz Broschinski
2026-03-11 11:22:59.172 | SUCCESS  | images:telecharger_toutes_images:171 - [1726/2451] ✅ Samuel Dahl
2026-03-11 11:22:59.999 | SUCCESS  | images:telecharger_toutes_images:171 - [1727/2451] ✅ Rafa Mir
2026-03-11 11:23:00.077 | SUCCESS  | images:telecharger_toutes_images:171 - [1728/2451] ✅ Yellu Santiago
2026-03-11 11:23:00.093 | SUCCESS  | images:telecharger_toutes_images:171 - [1729/2451] ✅ Matej Kovar
2026-03-11 11:23:01.053 | SUCCESS  | images:telecharger_toutes_images:171 - [1730/2451] ✅ Amar Dedić
2026-03-11 11:23:01.065 | SUCCESS  | images:telecharger_toutes_images:171 - [1731/2451] ✅ Alassane Pléa
2026-03-11 11:23:01.649 | SUCCESS  | images:telecharger_toutes_images:171 - [1732/2451] ✅ Amine Salama
2026-03-11 11:23:01.997 | SUCCESS  | images:telecharger_toutes_images:171 - [1733/2451] ✅ Sergi Gómez
2026-03-11 11:23:02.036 | SUCCESS  | images:telecharger_toutes_images:171 - [1734/2451] ✅ Bukayo Saka
2026-03-11 11:23:02.552 | SUCCESS  | images:telecharger_toutes_images:171 - [1735/2451] ✅ Lamare Bogarde
2026-03-11 11:23:02.618 | SUCCESS  | images:telecharger_toutes_images:171 - [1736/2451] ✅ Péter Gulácsi
2026-03-11 11:23:03.487 | SUCCESS  | images:telecharger_toutes_images:171 - [1737/2451] ✅ Ibrahim Sangaré
2026-03-11 11:23:03.503 | SUCCESS  | images:telecharger_toutes_images:171 - [1738/2451] ✅ Kelvin Amian
2026-03-11 11:23:03.512 | SUCCESS  | images:telecharger_toutes_images:171 - [1739/2451] ✅ Matthias Braunöder
2026-03-11 11:23:03.996 | SUCCESS  | images:telecharger_toutes_images:171 - [1740/2451] ✅ Abdul Fatawu Issahaku
2026-03-11 11:23:04.200 | SUCCESS  | images:telecharger_toutes_images:171 - [1741/2451] ✅ Mile Svilar
2026-03-11 11:23:05.087 | WARNING  | images:telecharger_toutes_images:173 - [1742/2451] ❌ Kembo Diliwidi
2026-03-11 11:23:05.505 | SUCCESS  | images:telecharger_toutes_images:171 - [1743/2451] ✅ Jonathan Tah
2026-03-11 11:23:05.549 | SUCCESS  | images:telecharger_toutes_images:171 - [1744/2451] ✅ Omari Hutchinson
2026-03-11 11:23:05.625 | SUCCESS  | images:telecharger_toutes_images:171 - [1745/2451] ✅ Oihan Sancet
2026-03-11 11:23:05.744 | SUCCESS  | images:telecharger_toutes_images:171 - [1746/2451] ✅ Martín Payero
2026-03-11 11:23:06.522 | SUCCESS  | images:telecharger_toutes_images:171 - [1747/2451] ✅ Tyler Dibling
2026-03-11 11:23:08.107 | SUCCESS  | images:telecharger_toutes_images:171 - [1748/2451] ✅ Joe Lumley
2026-03-11 11:23:08.118 | SUCCESS  | images:telecharger_toutes_images:171 - [1749/2451] ✅ Unai Núñez
2026-03-11 11:23:08.129 | SUCCESS  | images:telecharger_toutes_images:171 - [1750/2451] ✅ Ørjan Nyland
2026-03-11 11:23:08.144 | SUCCESS  | images:telecharger_toutes_images:171 - [1751/2451] ✅ Mërgim Vojvoda
2026-03-11 11:23:08.999 | SUCCESS  | images:telecharger_toutes_images:171 - [1752/2451] ✅ Isaac Romero
2026-03-11 11:23:09.990 | SUCCESS  | images:telecharger_toutes_images:171 - [1753/2451] ✅ Ashley Young
2026-03-11 11:23:10.243 | SUCCESS  | images:telecharger_toutes_images:171 - [1754/2451] ✅ Lorenzo Aguado
2026-03-11 11:23:10.259 | SUCCESS  | images:telecharger_toutes_images:171 - [1755/2451] ✅ Maroan Sannadi
2026-03-11 11:23:10.425 | SUCCESS  | images:telecharger_toutes_images:171 - [1756/2451] ✅ Ronnie Edwards
2026-03-11 11:23:10.727 | SUCCESS  | images:telecharger_toutes_images:171 - [1757/2451] ✅ Maxwel Cornet
2026-03-11 11:23:11.619 | SUCCESS  | images:telecharger_toutes_images:171 - [1758/2451] ✅ Woyo Coulibaly
2026-03-11 11:23:12.226 | SUCCESS  | images:telecharger_toutes_images:171 - [1759/2451] ✅ Maximilian Eggestein
2026-03-11 11:23:12.235 | SUCCESS  | images:telecharger_toutes_images:171 - [1760/2451] ✅ Nabil Fekir
2026-03-11 11:23:12.452 | SUCCESS  | images:telecharger_toutes_images:171 - [1761/2451] ✅ Abde Ezzalzouli
2026-03-11 11:23:12.525 | SUCCESS  | images:telecharger_toutes_images:171 - [1762/2451] ✅ Nikola Milenković
2026-03-11 11:23:13.501 | SUCCESS  | images:telecharger_toutes_images:171 - [1763/2451] ✅ Roland Sallai
2026-03-11 11:23:13.907 | SUCCESS  | images:telecharger_toutes_images:171 - [1764/2451] ✅ Stefano Turati
2026-03-11 11:23:14.193 | SUCCESS  | images:telecharger_toutes_images:171 - [1765/2451] ✅ Adrian Rodriguez
2026-03-11 11:23:14.483 | SUCCESS  | images:telecharger_toutes_images:171 - [1766/2451] ✅ Noni Madueke
2026-03-11 11:23:14.499 | SUCCESS  | images:telecharger_toutes_images:171 - [1767/2451] ✅ Naci Ünüvar
2026-03-11 11:23:15.088 | SUCCESS  | images:telecharger_toutes_images:171 - [1768/2451] ✅ Arnaud Kalimuendo
2026-03-11 11:23:15.404 | SUCCESS  | images:telecharger_toutes_images:171 - [1769/2451] ✅ Logan Costa
2026-03-11 11:23:15.907 | SUCCESS  | images:telecharger_toutes_images:171 - [1770/2451] ✅ Jorge Sáenz
2026-03-11 11:23:16.134 | SUCCESS  | images:telecharger_toutes_images:171 - [1771/2451] ✅ Ismaila Sarr
2026-03-11 11:23:16.598 | SUCCESS  | images:telecharger_toutes_images:171 - [1772/2451] ✅ Mohamed Abdelmoneim
2026-03-11 11:23:16.879 | SUCCESS  | images:telecharger_toutes_images:171 - [1773/2451] ✅ Federico Barba
2026-03-11 11:23:17.354 | SUCCESS  | images:telecharger_toutes_images:171 - [1774/2451] ✅ Fredrik Oppegard
2026-03-11 11:23:17.483 | SUCCESS  | images:telecharger_toutes_images:171 - [1775/2451] ✅ Dani Ceballos
2026-03-11 11:23:18.115 | SUCCESS  | images:telecharger_toutes_images:171 - [1776/2451] ✅ Issa Kaboré
2026-03-11 11:23:19.381 | SUCCESS  | images:telecharger_toutes_images:171 - [1777/2451] ✅ Paul Onuachu
2026-03-11 11:23:19.389 | SUCCESS  | images:telecharger_toutes_images:171 - [1778/2451] ✅ Randal Kolo Muani
2026-03-11 11:23:19.505 | SUCCESS  | images:telecharger_toutes_images:171 - [1779/2451] ✅ Fabián Ruiz Peña
2026-03-11 11:23:19.515 | SUCCESS  | images:telecharger_toutes_images:171 - [1780/2451] ✅ James Bree
2026-03-11 11:23:20.253 | SUCCESS  | images:telecharger_toutes_images:171 - [1781/2451] ✅ Luca Kerber
2026-03-11 11:23:21.001 | SUCCESS  | images:telecharger_toutes_images:171 - [1782/2451] ✅ Stefan Ortega
2026-03-11 11:23:21.358 | WARNING  | images:telecharger_toutes_images:173 - [1783/2451] ❌ Kevin Martins
2026-03-11 11:23:21.523 | SUCCESS  | images:telecharger_toutes_images:171 - [1784/2451] ✅ Matìas Soulé
2026-03-11 11:23:21.674 | SUCCESS  | images:telecharger_toutes_images:171 - [1785/2451] ✅ Dailon Livramento
2026-03-11 11:23:21.823 | SUCCESS  | images:telecharger_toutes_images:171 - [1786/2451] ✅ Wataru Endo
2026-03-11 11:23:22.750 | SUCCESS  | images:telecharger_toutes_images:171 - [1787/2451] ✅ Saúl Ñíguez
2026-03-11 11:23:22.866 | WARNING  | images:telecharger_toutes_images:173 - [1788/2451] ❌ Nunzio Lella
2026-03-11 11:23:23.392 | WARNING  | images:telecharger_toutes_images:173 - [1789/2451] ❌ Mateus Mane
2026-03-11 11:23:24.074 | SUCCESS  | images:telecharger_toutes_images:171 - [1790/2451] ✅ Joelinton
2026-03-11 11:23:24.152 | SUCCESS  | images:telecharger_toutes_images:171 - [1791/2451] ✅ Benedikt Pichler
2026-03-11 11:23:24.411 | SUCCESS  | images:telecharger_toutes_images:171 - [1792/2451] ✅ Jarrad Branthwaite
2026-03-11 11:23:24.575 | SUCCESS  | images:telecharger_toutes_images:171 - [1793/2451] ✅ Konrad Laimer
2026-03-11 11:23:24.928 | SUCCESS  | images:telecharger_toutes_images:171 - [1794/2451] ✅ Lorenzo Montipò
2026-03-11 11:23:25.858 | WARNING  | images:telecharger_toutes_images:173 - [1795/2451] ❌ Abdoul Koné
2026-03-11 11:23:25.882 | SUCCESS  | images:telecharger_toutes_images:171 - [1796/2451] ✅ Fermin López
2026-03-11 11:23:26.019 | SUCCESS  | images:telecharger_toutes_images:171 - [1797/2451] ✅ Ryan Yates
2026-03-11 11:23:26.400 | SUCCESS  | images:telecharger_toutes_images:171 - [1798/2451] ✅ Emmanuel Ekong
2026-03-11 11:23:26.509 | SUCCESS  | images:telecharger_toutes_images:171 - [1799/2451] ✅ Reinildo Mandava
2026-03-11 11:23:27.148 | SUCCESS  | images:telecharger_toutes_images:171 - [1800/2451] ✅ Jesús Vallejo
2026-03-11 11:23:27.461 | SUCCESS  | images:telecharger_toutes_images:171 - [1801/2451] ✅ Ellyes Skhiri
2026-03-11 11:23:27.725 | SUCCESS  | images:telecharger_toutes_images:171 - [1802/2451] ✅ Jann-Fiete Arp
2026-03-11 11:23:27.991 | SUCCESS  | images:telecharger_toutes_images:171 - [1803/2451] ✅ Emil Holm
2026-03-11 11:23:28.574 | SUCCESS  | images:telecharger_toutes_images:171 - [1804/2451] ✅ Matteo Gabbia
2026-03-11 11:23:29.134 | SUCCESS  | images:telecharger_toutes_images:171 - [1805/2451] ✅ Conor Gallagher
2026-03-11 11:23:29.256 | SUCCESS  | images:telecharger_toutes_images:171 - [1806/2451] ✅ Balthazar Pierret
2026-03-11 11:23:29.639 | SUCCESS  | images:telecharger_toutes_images:171 - [1807/2451] ✅ João Neves
2026-03-11 11:23:29.742 | SUCCESS  | images:telecharger_toutes_images:171 - [1808/2451] ✅ Becir Omeragic
2026-03-11 11:23:30.221 | SUCCESS  | images:telecharger_toutes_images:171 - [1809/2451] ✅ Zakaria Aboukhlal
2026-03-11 11:23:30.451 | SUCCESS  | images:telecharger_toutes_images:171 - [1810/2451] ✅ Alberto Moleiro
2026-03-11 11:23:31.054 | SUCCESS  | images:telecharger_toutes_images:171 - [1811/2451] ✅ Fabian Rieder
2026-03-11 11:23:31.385 | SUCCESS  | images:telecharger_toutes_images:171 - [1812/2451] ✅ Moïse Bombito
2026-03-11 11:23:31.562 | WARNING  | images:telecharger_toutes_images:173 - [1813/2451] ❌ Enzo Sternal
2026-03-11 11:23:32.319 | SUCCESS  | images:telecharger_toutes_images:171 - [1814/2451] ✅ Yoann Salmier
2026-03-11 11:23:32.353 | SUCCESS  | images:telecharger_toutes_images:171 - [1815/2451] ✅ Louis Mouton
2026-03-11 11:23:32.584 | SUCCESS  | images:telecharger_toutes_images:171 - [1816/2451] ✅ Sael Kumbedi
2026-03-11 11:23:33.527 | SUCCESS  | images:telecharger_toutes_images:171 - [1817/2451] ✅ Marnon Busch
2026-03-11 11:23:33.550 | SUCCESS  | images:telecharger_toutes_images:171 - [1818/2451] ✅ Michael Folorunsho
2026-03-11 11:23:34.677 | SUCCESS  | images:telecharger_toutes_images:171 - [1819/2451] ✅ Yankuba Minteh
2026-03-11 11:23:34.727 | SUCCESS  | images:telecharger_toutes_images:171 - [1820/2451] ✅ Andrew Omobamidele
2026-03-11 11:23:34.917 | SUCCESS  | images:telecharger_toutes_images:171 - [1821/2451] ✅ Loïc Nego
2026-03-11 11:23:35.551 | SUCCESS  | images:telecharger_toutes_images:171 - [1822/2451] ✅ Jordan Lefort
2026-03-11 11:23:35.559 | SUCCESS  | images:telecharger_toutes_images:171 - [1823/2451] ✅ Fraser Forster
2026-03-11 11:23:36.301 | SUCCESS  | images:telecharger_toutes_images:171 - [1824/2451] ✅ Arnau Martinez
2026-03-11 11:23:36.603 | SUCCESS  | images:telecharger_toutes_images:171 - [1825/2451] ✅ Lucas Hernández
2026-03-11 11:23:36.986 | SUCCESS  | images:telecharger_toutes_images:171 - [1826/2451] ✅ Adam Webster
2026-03-11 11:23:37.283 | SUCCESS  | images:telecharger_toutes_images:171 - [1827/2451] ✅ Michael Olise
2026-03-11 11:23:37.510 | SUCCESS  | images:telecharger_toutes_images:171 - [1828/2451] ✅ Mattia Valoti
2026-03-11 11:23:38.276 | SUCCESS  | images:telecharger_toutes_images:171 - [1829/2451] ✅ Joakim Mæhle
2026-03-11 11:23:38.325 | SUCCESS  | images:telecharger_toutes_images:171 - [1830/2451] ✅ Diego López
2026-03-11 11:23:39.256 | SUCCESS  | images:telecharger_toutes_images:171 - [1831/2451] ✅ Mathéo Bodmer
2026-03-11 11:23:39.307 | SUCCESS  | images:telecharger_toutes_images:171 - [1832/2451] ✅ Vitor Reis
2026-03-11 11:23:39.316 | SUCCESS  | images:telecharger_toutes_images:171 - [1833/2451] ✅ Diogo Leite
2026-03-11 11:23:40.127 | SUCCESS  | images:telecharger_toutes_images:171 - [1834/2451] ✅ Urko González
2026-03-11 11:23:40.140 | SUCCESS  | images:telecharger_toutes_images:171 - [1835/2451] ✅ Amidou Doumbouya
2026-03-11 11:23:40.983 | SUCCESS  | images:telecharger_toutes_images:171 - [1836/2451] ✅ Andreas Skov Olsen
2026-03-11 11:23:41.098 | SUCCESS  | images:telecharger_toutes_images:171 - [1837/2451] ✅ Mikael Ellertsson
2026-03-11 11:23:41.163 | WARNING  | images:telecharger_toutes_images:173 - [1838/2451] ❌ Gabriel Charpentier
2026-03-11 11:23:42.003 | SUCCESS  | images:telecharger_toutes_images:171 - [1839/2451] ✅ Manu Bueno
2026-03-11 11:23:42.012 | SUCCESS  | images:telecharger_toutes_images:171 - [1840/2451] ✅ Viti
2026-03-11 11:23:42.602 | SUCCESS  | images:telecharger_toutes_images:171 - [1841/2451] ✅ Rafael Tolói
2026-03-11 11:23:42.613 | SUCCESS  | images:telecharger_toutes_images:171 - [1842/2451] ✅ Callum Wilson
2026-03-11 11:23:42.674 | SUCCESS  | images:telecharger_toutes_images:171 - [1843/2451] ✅ Nordine Kandil
2026-03-11 11:23:44.255 | SUCCESS  | images:telecharger_toutes_images:171 - [1844/2451] ✅ Michael Keane
2026-03-11 11:23:44.265 | SUCCESS  | images:telecharger_toutes_images:171 - [1845/2451] ✅ Reiss Nelson
2026-03-11 11:23:45.261 | SUCCESS  | images:telecharger_toutes_images:171 - [1846/2451] ✅ Devyne Rensch
2026-03-11 11:23:45.298 | SUCCESS  | images:telecharger_toutes_images:171 - [1847/2451] ✅ Kobbie Mainoo
2026-03-11 11:23:45.373 | SUCCESS  | images:telecharger_toutes_images:171 - [1848/2451] ✅ Jonas Omlin
2026-03-11 11:23:46.050 | SUCCESS  | images:telecharger_toutes_images:171 - [1849/2451] ✅ Christian Walton
2026-03-11 11:23:46.059 | SUCCESS  | images:telecharger_toutes_images:171 - [1850/2451] ✅ Georginio Rutter
2026-03-11 11:23:46.649 | SUCCESS  | images:telecharger_toutes_images:171 - [1851/2451] ✅ Tymoteusz Puchacz
2026-03-11 11:23:46.724 | SUCCESS  | images:telecharger_toutes_images:171 - [1852/2451] ✅ Jeanuël Belocian
2026-03-11 11:23:47.080 | WARNING  | images:telecharger_toutes_images:173 - [1853/2451] ❌ Rafael Bauza
2026-03-11 11:23:47.652 | SUCCESS  | images:telecharger_toutes_images:171 - [1854/2451] ✅ Harry Wilson
2026-03-11 11:23:47.786 | SUCCESS  | images:telecharger_toutes_images:171 - [1855/2451] ✅ Saša Lukić
2026-03-11 11:23:48.570 | SUCCESS  | images:telecharger_toutes_images:171 - [1856/2451] ✅ Kosta Nedeljković
2026-03-11 11:23:48.581 | SUCCESS  | images:telecharger_toutes_images:171 - [1857/2451] ✅ Shavy Babicka
2026-03-11 11:23:48.744 | SUCCESS  | images:telecharger_toutes_images:171 - [1858/2451] ✅ Theo Bair
2026-03-11 11:23:49.803 | SUCCESS  | images:telecharger_toutes_images:171 - [1859/2451] ✅ Rolando Mandragora
2026-03-11 11:23:49.814 | SUCCESS  | images:telecharger_toutes_images:171 - [1860/2451] ✅ Antonino Gallo
2026-03-11 11:23:50.850 | SUCCESS  | images:telecharger_toutes_images:171 - [1861/2451] ✅ Adrien Thomasson
2026-03-11 11:23:50.882 | SUCCESS  | images:telecharger_toutes_images:171 - [1862/2451] ✅ Thierry Correia
2026-03-11 11:23:50.925 | SUCCESS  | images:telecharger_toutes_images:171 - [1863/2451] ✅ Pedro Pereira
2026-03-11 11:23:51.598 | SUCCESS  | images:telecharger_toutes_images:171 - [1864/2451] ✅ Kauã Santos
2026-03-11 11:23:51.608 | SUCCESS  | images:telecharger_toutes_images:171 - [1865/2451] ✅ Jonah Kusi-Asare
2026-03-11 11:23:52.348 | SUCCESS  | images:telecharger_toutes_images:171 - [1866/2451] ✅ Tosin Adarabioyo
2026-03-11 11:23:52.369 | SUCCESS  | images:telecharger_toutes_images:171 - [1867/2451] ✅ Caleb Kporha
2026-03-11 11:23:52.736 | SUCCESS  | images:telecharger_toutes_images:171 - [1868/2451] ✅ Emil Bohinen
2026-03-11 11:23:52.976 | SUCCESS  | images:telecharger_toutes_images:171 - [1869/2451] ✅ David Otorbi
2026-03-11 11:23:53.046 | SUCCESS  | images:telecharger_toutes_images:171 - [1870/2451] ✅ Ibrahima Wadji
2026-03-11 11:23:53.576 | SUCCESS  | images:telecharger_toutes_images:171 - [1871/2451] ✅ Fabian Schär
2026-03-11 11:23:54.151 | SUCCESS  | images:telecharger_toutes_images:171 - [1872/2451] ✅ Niccolò Pisilli
2026-03-11 11:23:54.532 | SUCCESS  | images:telecharger_toutes_images:171 - [1873/2451] ✅ Rémy Labeau Lascary
2026-03-11 11:23:54.542 | SUCCESS  | images:telecharger_toutes_images:171 - [1874/2451] ✅ Arnau Solà
2026-03-11 11:23:54.675 | SUCCESS  | images:telecharger_toutes_images:171 - [1875/2451] ✅ Ridgeciano Haps
2026-03-11 11:23:55.124 | SUCCESS  | images:telecharger_toutes_images:171 - [1876/2451] ✅ Mads Hermansen
2026-03-11 11:23:55.520 | SUCCESS  | images:telecharger_toutes_images:171 - [1877/2451] ✅ Maximiliano Caufriez
2026-03-11 11:23:55.798 | SUCCESS  | images:telecharger_toutes_images:171 - [1878/2451] ✅ Anuar
2026-03-11 11:23:56.418 | SUCCESS  | images:telecharger_toutes_images:171 - [1879/2451] ✅ Kelechi Iheanacho
2026-03-11 11:23:56.778 | SUCCESS  | images:telecharger_toutes_images:171 - [1880/2451] ✅ Ulisses Garcia
2026-03-11 11:23:56.849 | SUCCESS  | images:telecharger_toutes_images:171 - [1881/2451] ✅ Manuel Ugarte
2026-03-11 11:23:57.511 | SUCCESS  | images:telecharger_toutes_images:171 - [1882/2451] ✅ Daniel Oyegoke
2026-03-11 11:23:57.561 | SUCCESS  | images:telecharger_toutes_images:171 - [1883/2451] ✅ Roberto Férnandez
2026-03-11 11:23:58.562 | WARNING  | images:telecharger_toutes_images:173 - [1884/2451] ❌ Iago Parente
2026-03-11 11:23:58.574 | SUCCESS  | images:telecharger_toutes_images:171 - [1885/2451] ✅ Roberto Navarro
2026-03-11 11:23:58.680 | SUCCESS  | images:telecharger_toutes_images:171 - [1886/2451] ✅ Brais Méndez
2026-03-11 11:23:59.324 | SUCCESS  | images:telecharger_toutes_images:171 - [1887/2451] ✅ Rareş Ilie
2026-03-11 11:23:59.363 | SUCCESS  | images:telecharger_toutes_images:171 - [1888/2451] ✅ Gabriele Zappa
2026-03-11 11:24:00.253 | SUCCESS  | images:telecharger_toutes_images:171 - [1889/2451] ✅ Noah Okafor
2026-03-11 11:24:00.377 | SUCCESS  | images:telecharger_toutes_images:171 - [1890/2451] ✅ Patson Daka
2026-03-11 11:24:00.600 | SUCCESS  | images:telecharger_toutes_images:171 - [1891/2451] ✅ Lucas Höler
2026-03-11 11:24:01.277 | SUCCESS  | images:telecharger_toutes_images:171 - [1892/2451] ✅ Luka Romero
2026-03-11 11:24:01.350 | SUCCESS  | images:telecharger_toutes_images:171 - [1893/2451] ✅ Hannes Behrens
2026-03-11 11:24:02.102 | SUCCESS  | images:telecharger_toutes_images:171 - [1894/2451] ✅ Lukas Klostermann
2026-03-11 11:24:02.300 | SUCCESS  | images:telecharger_toutes_images:171 - [1895/2451] ✅ Grégoire Coudert
2026-03-11 11:24:02.331 | SUCCESS  | images:telecharger_toutes_images:171 - [1896/2451] ✅ Saud Abdulhamid
2026-03-11 11:24:03.450 | SUCCESS  | images:telecharger_toutes_images:171 - [1897/2451] ✅ Ian Maatsen
2026-03-11 11:24:03.524 | SUCCESS  | images:telecharger_toutes_images:171 - [1898/2451] ✅ Junior Ajayi
2026-03-11 11:24:04.545 | WARNING  | images:telecharger_toutes_images:173 - [1899/2451] ❌ Nabil Aberdin
2026-03-11 11:24:04.562 | SUCCESS  | images:telecharger_toutes_images:171 - [1900/2451] ✅ Ibrahim Salah
2026-03-11 11:24:04.566 | WARNING  | images:telecharger_toutes_images:173 - [1901/2451] ❌ Fellipe Jack
2026-03-11 11:24:05.046 | SUCCESS  | images:telecharger_toutes_images:171 - [1902/2451] ✅ Vitor Roque
2026-03-11 11:24:05.176 | SUCCESS  | images:telecharger_toutes_images:171 - [1903/2451] ✅ Patrick Wimmer
2026-03-11 11:24:06.060 | SUCCESS  | images:telecharger_toutes_images:171 - [1904/2451] ✅ Paul Wanner
2026-03-11 11:24:06.377 | WARNING  | images:telecharger_toutes_images:173 - [1905/2451] ❌ Emmanuel Koum Mbondo
2026-03-11 11:24:06.493 | SUCCESS  | images:telecharger_toutes_images:171 - [1906/2451] ✅ Matteo Palma
2026-03-11 11:24:06.653 | SUCCESS  | images:telecharger_toutes_images:171 - [1907/2451] ✅ Felix Agu
2026-03-11 11:24:06.768 | WARNING  | images:telecharger_toutes_images:173 - [1908/2451] ❌ Jake Evans
2026-03-11 11:24:07.791 | WARNING  | images:telecharger_toutes_images:173 - [1909/2451] ❌ Thomas Campaniello
2026-03-11 11:24:08.336 | SUCCESS  | images:telecharger_toutes_images:171 - [1910/2451] ✅ Konstantinos Koulierakis
2026-03-11 11:24:08.364 | SUCCESS  | images:telecharger_toutes_images:171 - [1911/2451] ✅ Florian Müller
2026-03-11 11:24:08.378 | SUCCESS  | images:telecharger_toutes_images:171 - [1912/2451] ✅ Peque
2026-03-11 11:24:08.572 | WARNING  | images:telecharger_toutes_images:173 - [1913/2451] ❌ Kingstone Mutandwa
2026-03-11 11:24:09.514 | WARNING  | images:telecharger_toutes_images:173 - [1914/2451] ❌ Victor Orakpo
2026-03-11 11:24:09.675 | SUCCESS  | images:telecharger_toutes_images:171 - [1915/2451] ✅ Danilo Veiga
2026-03-11 11:24:09.710 | SUCCESS  | images:telecharger_toutes_images:171 - [1916/2451] ✅ Charlie Taylor
2026-03-11 11:24:10.275 | SUCCESS  | images:telecharger_toutes_images:171 - [1917/2451] ✅ Iñaki Peña
2026-03-11 11:24:10.356 | SUCCESS  | images:telecharger_toutes_images:171 - [1918/2451] ✅ Juan Cruz
2026-03-11 11:24:11.173 | SUCCESS  | images:telecharger_toutes_images:171 - [1919/2451] ✅ Pau Cubarsí
2026-03-11 11:24:11.250 | SUCCESS  | images:telecharger_toutes_images:171 - [1920/2451] ✅ Boubacar Kamara
2026-03-11 11:24:11.262 | SUCCESS  | images:telecharger_toutes_images:171 - [1921/2451] ✅ Juanlu Sánchez
2026-03-11 11:24:11.775 | SUCCESS  | images:telecharger_toutes_images:171 - [1922/2451] ✅ Leon Goretzka
2026-03-11 11:24:11.844 | SUCCESS  | images:telecharger_toutes_images:171 - [1923/2451] ✅ Rocco Reitz
2026-03-11 11:24:12.299 | SUCCESS  | images:telecharger_toutes_images:171 - [1924/2451] ✅ Sven Botman
2026-03-11 11:24:12.338 | SUCCESS  | images:telecharger_toutes_images:171 - [1925/2451] ✅ Frank Feller
2026-03-11 11:24:12.825 | SUCCESS  | images:telecharger_toutes_images:171 - [1926/2451] ✅ Geoffrey Kondogbia
2026-03-11 11:24:12.965 | SUCCESS  | images:telecharger_toutes_images:171 - [1927/2451] ✅ Giangiacomo Magnani
2026-03-11 11:24:13.126 | SUCCESS  | images:telecharger_toutes_images:171 - [1928/2451] ✅ Hakan Çalhanoğlu
2026-03-11 11:24:13.579 | SUCCESS  | images:telecharger_toutes_images:171 - [1929/2451] ✅ Andrej Ilic
2026-03-11 11:24:13.678 | SUCCESS  | images:telecharger_toutes_images:171 - [1930/2451] ✅ Trent Alexander-Arnold
2026-03-11 11:24:14.155 | WARNING  | images:telecharger_toutes_images:173 - [1931/2451] ❌ Kaelan Casey
2026-03-11 11:24:14.479 | SUCCESS  | images:telecharger_toutes_images:171 - [1932/2451] ✅ Gregor Kobel
2026-03-11 11:24:14.488 | SUCCESS  | images:telecharger_toutes_images:171 - [1933/2451] ✅ Almoatasem Al Musrati
2026-03-11 11:24:14.703 | SUCCESS  | images:telecharger_toutes_images:171 - [1934/2451] ✅ Gabriel Osho
2026-03-11 11:24:15.526 | SUCCESS  | images:telecharger_toutes_images:171 - [1935/2451] ✅ Kevin Trapp
2026-03-11 11:24:15.536 | SUCCESS  | images:telecharger_toutes_images:171 - [1936/2451] ✅ Iván Villar
2026-03-11 11:24:16.128 | SUCCESS  | images:telecharger_toutes_images:171 - [1937/2451] ✅ Antonio Raimondo
2026-03-11 11:24:16.138 | SUCCESS  | images:telecharger_toutes_images:171 - [1938/2451] ✅ Roberto Gagliardini
2026-03-11 11:24:16.259 | WARNING  | images:telecharger_toutes_images:173 - [1939/2451] ❌ Pelayo Fernandez
2026-03-11 11:24:16.725 | SUCCESS  | images:telecharger_toutes_images:171 - [1940/2451] ✅ Jonathan David
2026-03-11 11:24:17.178 | SUCCESS  | images:telecharger_toutes_images:171 - [1941/2451] ✅ Danny Welbeck
2026-03-11 11:24:17.199 | SUCCESS  | images:telecharger_toutes_images:171 - [1942/2451] ✅ Cheick Doucouré
2026-03-11 11:24:18.003 | SUCCESS  | images:telecharger_toutes_images:171 - [1943/2451] ✅ Ayman Azhil
2026-03-11 11:24:18.025 | SUCCESS  | images:telecharger_toutes_images:171 - [1944/2451] ✅ Dele Alli
2026-03-11 11:24:18.117 | SUCCESS  | images:telecharger_toutes_images:171 - [1945/2451] ✅ Sebastian Nanasi
2026-03-11 11:24:18.532 | SUCCESS  | images:telecharger_toutes_images:171 - [1946/2451] ✅ Nahuel Estévez
2026-03-11 11:24:18.732 | SUCCESS  | images:telecharger_toutes_images:171 - [1947/2451] ✅ Alidu Seidu
2026-03-11 11:24:19.479 | SUCCESS  | images:telecharger_toutes_images:171 - [1948/2451] ✅ Yaya Kader Fofana
2026-03-11 11:24:19.566 | SUCCESS  | images:telecharger_toutes_images:171 - [1949/2451] ✅ Jérémy Jacquet
2026-03-11 11:24:19.734 | SUCCESS  | images:telecharger_toutes_images:171 - [1950/2451] ✅ Iván Balliu
2026-03-11 11:24:19.843 | SUCCESS  | images:telecharger_toutes_images:171 - [1951/2451] ✅ Elif Elmas
2026-03-11 11:24:20.042 | SUCCESS  | images:telecharger_toutes_images:171 - [1952/2451] ✅ Bart Verbruggen
2026-03-11 11:24:21.488 | SUCCESS  | images:telecharger_toutes_images:171 - [1953/2451] ✅ Daniele Padelli
2026-03-11 11:24:21.504 | SUCCESS  | images:telecharger_toutes_images:171 - [1954/2451] ✅ Chrislain Matsima
2026-03-11 11:24:21.517 | SUCCESS  | images:telecharger_toutes_images:171 - [1955/2451] ✅ Ismaily
2026-03-11 11:24:21.528 | SUCCESS  | images:telecharger_toutes_images:171 - [1956/2451] ✅ Siebe Van Der Heyden
2026-03-11 11:24:21.529 | WARNING  | images:telecharger_toutes_images:173 - [1957/2451] ❌ Tommaso Rubino
2026-03-11 11:24:23.230 | SUCCESS  | images:telecharger_toutes_images:171 - [1958/2451] ✅ Scott Banks
2026-03-11 11:24:23.241 | SUCCESS  | images:telecharger_toutes_images:171 - [1959/2451] ✅ Abdoul Ouattara
2026-03-11 11:24:23.254 | SUCCESS  | images:telecharger_toutes_images:171 - [1960/2451] ✅ Mason Holgate
2026-03-11 11:24:23.270 | SUCCESS  | images:telecharger_toutes_images:171 - [1961/2451] ✅ Ritsu Doan
2026-03-11 11:24:23.282 | SUCCESS  | images:telecharger_toutes_images:171 - [1962/2451] ✅ Karol Linetty
2026-03-11 11:24:25.032 | SUCCESS  | images:telecharger_toutes_images:171 - [1963/2451] ✅ Nélson Semedo
2026-03-11 11:24:25.071 | SUCCESS  | images:telecharger_toutes_images:171 - [1964/2451] ✅ Marc Guéhi
2026-03-11 11:24:25.083 | SUCCESS  | images:telecharger_toutes_images:171 - [1965/2451] ✅ Mikel Merino
2026-03-11 11:24:25.090 | WARNING  | images:telecharger_toutes_images:173 - [1966/2451] ❌ Alphadjo Cissè
2026-03-11 11:24:25.155 | SUCCESS  | images:telecharger_toutes_images:171 - [1967/2451] ✅ Luiz Lúcio Reis Júnior
2026-03-11 11:24:26.440 | SUCCESS  | images:telecharger_toutes_images:171 - [1968/2451] ✅ Sander Berge
2026-03-11 11:24:26.533 | SUCCESS  | images:telecharger_toutes_images:171 - [1969/2451] ✅ Saúl Coco
2026-03-11 11:24:26.544 | SUCCESS  | images:telecharger_toutes_images:171 - [1970/2451] ✅ Stefan de Vrij
2026-03-11 11:24:26.554 | SUCCESS  | images:telecharger_toutes_images:171 - [1971/2451] ✅ Armin Gigovic
2026-03-11 11:24:26.623 | SUCCESS  | images:telecharger_toutes_images:171 - [1972/2451] ✅ Orri Steinn Óskarsson
2026-03-11 11:24:28.549 | SUCCESS  | images:telecharger_toutes_images:171 - [1973/2451] ✅ Max Kilman
2026-03-11 11:24:28.559 | SUCCESS  | images:telecharger_toutes_images:171 - [1974/2451] ✅ Alessio Zerbin
2026-03-11 11:24:28.573 | SUCCESS  | images:telecharger_toutes_images:171 - [1975/2451] ✅ Jarzinho Malanga
2026-03-11 11:24:28.586 | SUCCESS  | images:telecharger_toutes_images:171 - [1976/2451] ✅ Abdukodir Khusanov
2026-03-11 11:24:28.672 | SUCCESS  | images:telecharger_toutes_images:171 - [1977/2451] ✅ Yaser Asprilla
2026-03-11 11:24:30.550 | SUCCESS  | images:telecharger_toutes_images:171 - [1978/2451] ✅ Farid El Melali
2026-03-11 11:24:30.559 | SUCCESS  | images:telecharger_toutes_images:171 - [1979/2451] ✅ Mouctar Diakhaby
2026-03-11 11:24:30.570 | SUCCESS  | images:telecharger_toutes_images:171 - [1980/2451] ✅ Morten Thorsby
2026-03-11 11:24:30.581 | SUCCESS  | images:telecharger_toutes_images:171 - [1981/2451] ✅ Abdón Prats
2026-03-11 11:24:30.589 | SUCCESS  | images:telecharger_toutes_images:171 - [1982/2451] ✅ Yussuf Poulsen
2026-03-11 11:24:31.590 | SUCCESS  | images:telecharger_toutes_images:171 - [1983/2451] ✅ Ben Chilwell
2026-03-11 11:24:31.705 | SUCCESS  | images:telecharger_toutes_images:171 - [1984/2451] ✅ Samuel Grandsir
2026-03-11 11:24:31.916 | WARNING  | images:telecharger_toutes_images:173 - [1985/2451] ❌ Israel Domínguez
2026-03-11 11:24:31.987 | WARNING  | images:telecharger_toutes_images:173 - [1986/2451] ❌ Mateusz Kowalski
2026-03-11 11:24:32.098 | SUCCESS  | images:telecharger_toutes_images:171 - [1987/2451] ✅ Dayot Upamecano
2026-03-11 11:24:32.946 | SUCCESS  | images:telecharger_toutes_images:171 - [1988/2451] ✅ Yannik Keitel
2026-03-11 11:24:33.022 | SUCCESS  | images:telecharger_toutes_images:171 - [1989/2451] ✅ Alessandro Marcandalli
2026-03-11 11:24:34.440 | SUCCESS  | images:telecharger_toutes_images:171 - [1990/2451] ✅ Philip Billing
2026-03-11 11:24:34.528 | WARNING  | images:telecharger_toutes_images:173 - [1991/2451] ❌ Niama Sissoko
2026-03-11 11:24:34.582 | SUCCESS  | images:telecharger_toutes_images:171 - [1992/2451] ✅ Andy Delort
2026-03-11 11:24:35.225 | SUCCESS  | images:telecharger_toutes_images:171 - [1993/2451] ✅ Leonardo Pavoletti
2026-03-11 11:24:35.242 | SUCCESS  | images:telecharger_toutes_images:171 - [1994/2451] ✅ Filip Stankovic
2026-03-11 11:24:35.621 | SUCCESS  | images:telecharger_toutes_images:171 - [1995/2451] ✅ Pervis Estupiñán
2026-03-11 11:24:35.868 | SUCCESS  | images:telecharger_toutes_images:171 - [1996/2451] ✅ Stephan El Shaarawy
2026-03-11 11:24:35.939 | SUCCESS  | images:telecharger_toutes_images:171 - [1997/2451] ✅ Kjetil Haug
2026-03-11 11:24:36.515 | SUCCESS  | images:telecharger_toutes_images:171 - [1998/2451] ✅ Danny Ward
2026-03-11 11:24:36.690 | SUCCESS  | images:telecharger_toutes_images:171 - [1999/2451] ✅ Marc Guiu
2026-03-11 11:24:37.064 | SUCCESS  | images:telecharger_toutes_images:171 - [2000/2451] ✅ Duván Zapata
2026-03-11 11:24:37.182 | SUCCESS  | images:telecharger_toutes_images:171 - [2001/2451] ✅ Arthur Atta
2026-03-11 11:24:37.430 | SUCCESS  | images:telecharger_toutes_images:171 - [2002/2451] ✅ Ifechukwu Ogbus
2026-03-11 11:24:37.740 | SUCCESS  | images:telecharger_toutes_images:171 - [2003/2451] ✅ Antonio Candela
2026-03-11 11:24:38.221 | SUCCESS  | images:telecharger_toutes_images:171 - [2004/2451] ✅ Adam Marušić
2026-03-11 11:24:38.833 | SUCCESS  | images:telecharger_toutes_images:171 - [2005/2451] ✅ Pape Daouda Diongue
2026-03-11 11:24:38.841 | SUCCESS  | images:telecharger_toutes_images:171 - [2006/2451] ✅ Jon Magunazelaia
2026-03-11 11:24:39.043 | SUCCESS  | images:telecharger_toutes_images:171 - [2007/2451] ✅ Giorgi Mamardashvili
2026-03-11 11:24:39.386 | SUCCESS  | images:telecharger_toutes_images:171 - [2008/2451] ✅ Theo Hernández
2026-03-11 11:24:39.646 | SUCCESS  | images:telecharger_toutes_images:171 - [2009/2451] ✅ Hugo Magnetti
2026-03-11 11:24:39.992 | SUCCESS  | images:telecharger_toutes_images:171 - [2010/2451] ✅ Amin Sarr
2026-03-11 11:24:40.056 | SUCCESS  | images:telecharger_toutes_images:171 - [2011/2451] ✅ Daler Kuzyaev
2026-03-11 11:24:40.463 | SUCCESS  | images:telecharger_toutes_images:171 - [2012/2451] ✅ Matt Doherty
2026-03-11 11:24:40.565 | SUCCESS  | images:telecharger_toutes_images:171 - [2013/2451] ✅ Ryan Fraser
2026-03-11 11:24:40.731 | SUCCESS  | images:telecharger_toutes_images:171 - [2014/2451] ✅ Ivan Nekić
2026-03-11 11:24:41.394 | SUCCESS  | images:telecharger_toutes_images:171 - [2015/2451] ✅ Malo Gusto
2026-03-11 11:24:41.595 | SUCCESS  | images:telecharger_toutes_images:171 - [2016/2451] ✅ Johannes Eggestein
2026-03-11 11:24:42.337 | SUCCESS  | images:telecharger_toutes_images:171 - [2017/2451] ✅ Marquinhos
2026-03-11 11:24:42.445 | SUCCESS  | images:telecharger_toutes_images:171 - [2018/2451] ✅ Ethan Mbappé
2026-03-11 11:24:42.455 | SUCCESS  | images:telecharger_toutes_images:171 - [2019/2451] ✅ Gabriel Gudmundsson
2026-03-11 11:24:42.888 | SUCCESS  | images:telecharger_toutes_images:171 - [2020/2451] ✅ Stefan Lekovic
2026-03-11 11:24:43.100 | SUCCESS  | images:telecharger_toutes_images:171 - [2021/2451] ✅ Giuseppe Ciocci
2026-03-11 11:24:43.613 | SUCCESS  | images:telecharger_toutes_images:171 - [2022/2451] ✅ Jesús Owono
2026-03-11 11:24:43.868 | SUCCESS  | images:telecharger_toutes_images:171 - [2023/2451] ✅ Lukas Ullrich
2026-03-11 11:24:44.239 | SUCCESS  | images:telecharger_toutes_images:171 - [2024/2451] ✅ Alessandro Bianco
2026-03-11 11:24:44.954 | SUCCESS  | images:telecharger_toutes_images:171 - [2025/2451] ✅ Matthijs de Ligt
2026-03-11 11:24:45.087 | SUCCESS  | images:telecharger_toutes_images:171 - [2026/2451] ✅ Andrea Belotti
2026-03-11 11:24:45.152 | WARNING  | images:telecharger_toutes_images:173 - [2027/2451] ❌ Ümit Akdag
2026-03-11 11:24:45.274 | SUCCESS  | images:telecharger_toutes_images:171 - [2028/2451] ✅ Naatan Skyttä
2026-03-11 11:24:46.438 | SUCCESS  | images:telecharger_toutes_images:171 - [2029/2451] ✅ Giovani Lo Celso
2026-03-11 11:24:47.464 | SUCCESS  | images:telecharger_toutes_images:171 - [2030/2451] ✅ Alphonso Davies
2026-03-11 11:24:47.577 | SUCCESS  | images:telecharger_toutes_images:171 - [2031/2451] ✅ David Jurásek
2026-03-11 11:24:47.585 | SUCCESS  | images:telecharger_toutes_images:171 - [2032/2451] ✅ Justin Diehl
2026-03-11 11:24:47.647 | SUCCESS  | images:telecharger_toutes_images:171 - [2033/2451] ✅ Liam Henderson
2026-03-11 11:24:48.012 | SUCCESS  | images:telecharger_toutes_images:171 - [2034/2451] ✅ Matteo Prati
2026-03-11 11:24:48.545 | SUCCESS  | images:telecharger_toutes_images:171 - [2035/2451] ✅ Mattia Zaccagni
2026-03-11 11:24:48.643 | SUCCESS  | images:telecharger_toutes_images:171 - [2036/2451] ✅ Harry Maguire
2026-03-11 11:24:49.069 | WARNING  | images:telecharger_toutes_images:173 - [2037/2451] ❌ Harry Howell
2026-03-11 11:24:49.276 | SUCCESS  | images:telecharger_toutes_images:171 - [2038/2451] ✅ Kenan Yıldız
2026-03-11 11:24:49.309 | SUCCESS  | images:telecharger_toutes_images:171 - [2039/2451] ✅ Scott McTominay
2026-03-11 11:24:49.746 | SUCCESS  | images:telecharger_toutes_images:171 - [2040/2451] ✅ Guillermo Maripán
2026-03-11 11:24:49.916 | SUCCESS  | images:telecharger_toutes_images:171 - [2041/2451] ✅ Diogo Dalot
2026-03-11 11:24:50.472 | SUCCESS  | images:telecharger_toutes_images:171 - [2042/2451] ✅ Keito Nakamura
2026-03-11 11:24:50.805 | SUCCESS  | images:telecharger_toutes_images:171 - [2043/2451] ✅ Matvei Safonov
2026-03-11 11:24:50.898 | SUCCESS  | images:telecharger_toutes_images:171 - [2044/2451] ✅ Diego Rico
2026-03-11 11:24:50.909 | SUCCESS  | images:telecharger_toutes_images:171 - [2045/2451] ✅ Lewis Hall
2026-03-11 11:24:51.308 | SUCCESS  | images:telecharger_toutes_images:171 - [2046/2451] ✅ Jordan Ayew
2026-03-11 11:24:51.696 | SUCCESS  | images:telecharger_toutes_images:171 - [2047/2451] ✅ Marc Roca
2026-03-11 11:24:52.192 | SUCCESS  | images:telecharger_toutes_images:171 - [2048/2451] ✅ David Nemeth
2026-03-11 11:24:52.518 | SUCCESS  | images:telecharger_toutes_images:171 - [2049/2451] ✅ Xavi Simons
2026-03-11 11:24:52.752 | SUCCESS  | images:telecharger_toutes_images:171 - [2050/2451] ✅ Valentín Castellanos
2026-03-11 11:24:52.897 | SUCCESS  | images:telecharger_toutes_images:171 - [2051/2451] ✅ Cameron Burgess
2026-03-11 11:24:53.051 | SUCCESS  | images:telecharger_toutes_images:171 - [2052/2451] ✅ Elysée Logbo
2026-03-11 11:24:53.847 | SUCCESS  | images:telecharger_toutes_images:171 - [2053/2451] ✅ Mamadou Coulibaly
2026-03-11 11:24:54.255 | SUCCESS  | images:telecharger_toutes_images:171 - [2054/2451] ✅ Tom Pouilly
2026-03-11 11:24:54.293 | SUCCESS  | images:telecharger_toutes_images:171 - [2055/2451] ✅ Joël Veltman
2026-03-11 11:24:54.674 | SUCCESS  | images:telecharger_toutes_images:171 - [2056/2451] ✅ Ismaël Bennacer
2026-03-11 11:24:54.749 | SUCCESS  | images:telecharger_toutes_images:171 - [2057/2451] ✅ Alfonso Espino
2026-03-11 11:24:55.186 | WARNING  | images:telecharger_toutes_images:173 - [2058/2451] ❌ Diego Martín
2026-03-11 11:24:55.570 | SUCCESS  | images:telecharger_toutes_images:171 - [2059/2451] ✅ Gauthier Gallon
2026-03-11 11:24:55.758 | SUCCESS  | images:telecharger_toutes_images:171 - [2060/2451] ✅ Mahmoud Dahoud
2026-03-11 11:24:56.168 | SUCCESS  | images:telecharger_toutes_images:171 - [2061/2451] ✅ Franck Honorat
2026-03-11 11:24:56.244 | SUCCESS  | images:telecharger_toutes_images:171 - [2062/2451] ✅ Benito Ramírez
2026-03-11 11:24:56.555 | SUCCESS  | images:telecharger_toutes_images:171 - [2063/2451] ✅ Marcin Bułka
2026-03-11 11:24:56.936 | SUCCESS  | images:telecharger_toutes_images:171 - [2064/2451] ✅ Adri Embarba
2026-03-11 11:24:57.142 | SUCCESS  | images:telecharger_toutes_images:171 - [2065/2451] ✅ Iker Bravo
2026-03-11 11:24:57.465 | SUCCESS  | images:telecharger_toutes_images:171 - [2066/2451] ✅ Junya Ito
2026-03-11 11:24:57.709 | SUCCESS  | images:telecharger_toutes_images:171 - [2067/2451] ✅ Noah Atubolu
2026-03-11 11:24:57.860 | SUCCESS  | images:telecharger_toutes_images:171 - [2068/2451] ✅ Jadon Sancho
2026-03-11 11:24:58.274 | SUCCESS  | images:telecharger_toutes_images:171 - [2069/2451] ✅ Álex Berenguer
2026-03-11 11:24:58.431 | SUCCESS  | images:telecharger_toutes_images:171 - [2070/2451] ✅ Cristhian Mosquera
2026-03-11 11:24:58.969 | SUCCESS  | images:telecharger_toutes_images:171 - [2071/2451] ✅ Jakub Kiwior
2026-03-11 11:24:59.037 | SUCCESS  | images:telecharger_toutes_images:171 - [2072/2451] ✅ Thiago
2026-03-11 11:24:59.046 | SUCCESS  | images:telecharger_toutes_images:171 - [2073/2451] ✅ David Brooks
2026-03-11 11:24:59.730 | SUCCESS  | images:telecharger_toutes_images:171 - [2074/2451] ✅ Matheus Cunha
2026-03-11 11:24:59.763 | SUCCESS  | images:telecharger_toutes_images:171 - [2075/2451] ✅ Luca Mazzitelli
2026-03-11 11:25:00.691 | SUCCESS  | images:telecharger_toutes_images:171 - [2076/2451] ✅ Chiquinho
2026-03-11 11:25:00.796 | SUCCESS  | images:telecharger_toutes_images:171 - [2077/2451] ✅ Leonardo Bittencourt
2026-03-11 11:25:01.004 | SUCCESS  | images:telecharger_toutes_images:171 - [2078/2451] ✅ Þórir Jóhann Helgason
2026-03-11 11:25:01.339 | SUCCESS  | images:telecharger_toutes_images:171 - [2079/2451] ✅ Cole Palmer
2026-03-11 11:25:01.447 | SUCCESS  | images:telecharger_toutes_images:171 - [2080/2451] ✅ Jon Aramburu
2026-03-11 11:25:02.203 | SUCCESS  | images:telecharger_toutes_images:171 - [2081/2451] ✅ Amine Adli
2026-03-11 11:25:02.258 | SUCCESS  | images:telecharger_toutes_images:171 - [2082/2451] ✅ James Sands
2026-03-11 11:25:02.273 | SUCCESS  | images:telecharger_toutes_images:171 - [2083/2451] ✅ Bence Dárdai
2026-03-11 11:25:02.790 | SUCCESS  | images:telecharger_toutes_images:171 - [2084/2451] ✅ Finn Ole Becker
2026-03-11 11:25:02.798 | SUCCESS  | images:telecharger_toutes_images:171 - [2085/2451] ✅ Henrikh Mkhitaryan
2026-03-11 11:25:03.437 | SUCCESS  | images:telecharger_toutes_images:171 - [2086/2451] ✅ Deniz Undav
2026-03-11 11:25:03.633 | SUCCESS  | images:telecharger_toutes_images:171 - [2087/2451] ✅ Noah Weißhaupt
2026-03-11 11:25:03.944 | SUCCESS  | images:telecharger_toutes_images:171 - [2088/2451] ✅ Neco Williams
2026-03-11 11:25:04.287 | SUCCESS  | images:telecharger_toutes_images:171 - [2089/2451] ✅ Liberato Cacace
2026-03-11 11:25:04.434 | SUCCESS  | images:telecharger_toutes_images:171 - [2090/2451] ✅ Andrey Santos
2026-03-11 11:25:05.190 | SUCCESS  | images:telecharger_toutes_images:171 - [2091/2451] ✅ Liam Delap
2026-03-11 11:25:05.307 | SUCCESS  | images:telecharger_toutes_images:171 - [2092/2451] ✅ Patrick Mainka
2026-03-11 11:25:05.317 | SUCCESS  | images:telecharger_toutes_images:171 - [2093/2451] ✅ Adam Masina
2026-03-11 11:25:06.114 | SUCCESS  | images:telecharger_toutes_images:171 - [2094/2451] ✅ Sam Beukema
2026-03-11 11:25:06.148 | SUCCESS  | images:telecharger_toutes_images:171 - [2095/2451] ✅ Jacob Murphy
2026-03-11 11:25:06.633 | SUCCESS  | images:telecharger_toutes_images:171 - [2096/2451] ✅ Elliot Anderson
2026-03-11 11:25:06.637 | WARNING  | images:telecharger_toutes_images:173 - [2097/2451] ❌ Harrison Armstrong
2026-03-11 11:25:06.793 | SUCCESS  | images:telecharger_toutes_images:171 - [2098/2451] ✅ Gift Orban
2026-03-11 11:25:07.207 | SUCCESS  | images:telecharger_toutes_images:171 - [2099/2451] ✅ Anthony Jung
2026-03-11 11:25:07.646 | SUCCESS  | images:telecharger_toutes_images:171 - [2100/2451] ✅ Alexander Bernhardsson
2026-03-11 11:25:07.850 | SUCCESS  | images:telecharger_toutes_images:171 - [2101/2451] ✅ Finn Dahmen
2026-03-11 11:25:08.482 | SUCCESS  | images:telecharger_toutes_images:171 - [2102/2451] ✅ Khvicha Kvaratskhelia
2026-03-11 11:25:08.586 | SUCCESS  | images:telecharger_toutes_images:171 - [2103/2451] ✅ William Carvalho
2026-03-11 11:25:08.701 | SUCCESS  | images:telecharger_toutes_images:171 - [2104/2451] ✅ Crysencio Summerville
2026-03-11 11:25:09.416 | SUCCESS  | images:telecharger_toutes_images:171 - [2105/2451] ✅ Billy Gilmour
2026-03-11 11:25:09.434 | SUCCESS  | images:telecharger_toutes_images:171 - [2106/2451] ✅ Christian Nørgaard
2026-03-11 11:25:10.446 | SUCCESS  | images:telecharger_toutes_images:171 - [2107/2451] ✅ Dejan Kulusevski
2026-03-11 11:25:10.456 | SUCCESS  | images:telecharger_toutes_images:171 - [2108/2451] ✅ Antoine Griezmann
2026-03-11 11:25:10.554 | SUCCESS  | images:telecharger_toutes_images:171 - [2109/2451] ✅ Jon Martin
2026-03-11 11:25:11.213 | SUCCESS  | images:telecharger_toutes_images:171 - [2110/2451] ✅ Emerson
2026-03-11 11:25:11.231 | SUCCESS  | images:telecharger_toutes_images:171 - [2111/2451] ✅ Arthur Theate
2026-03-11 11:25:11.827 | SUCCESS  | images:telecharger_toutes_images:171 - [2112/2451] ✅ Leandro Paredes
2026-03-11 11:25:11.896 | SUCCESS  | images:telecharger_toutes_images:171 - [2113/2451] ✅ Marco Brescianini
2026-03-11 11:25:12.059 | SUCCESS  | images:telecharger_toutes_images:171 - [2114/2451] ✅ Soungoutou Magassa
2026-03-11 11:25:12.608 | SUCCESS  | images:telecharger_toutes_images:171 - [2115/2451] ✅ Ismaël Koné
2026-03-11 11:25:12.620 | SUCCESS  | images:telecharger_toutes_images:171 - [2116/2451] ✅ Yunus Emre Konak
2026-03-11 11:25:13.038 | SUCCESS  | images:telecharger_toutes_images:171 - [2117/2451] ✅ Nicolò Savona
2026-03-11 11:25:13.047 | SUCCESS  | images:telecharger_toutes_images:171 - [2118/2451] ✅ Virgil van Dijk
2026-03-11 11:25:13.454 | SUCCESS  | images:telecharger_toutes_images:171 - [2119/2451] ✅ Lautaro Gianetti
2026-03-11 11:25:14.045 | SUCCESS  | images:telecharger_toutes_images:171 - [2120/2451] ✅ Paulo Dybala
2026-03-11 11:25:14.525 | SUCCESS  | images:telecharger_toutes_images:171 - [2121/2451] ✅ Robert Andrich
2026-03-11 11:25:14.564 | SUCCESS  | images:telecharger_toutes_images:171 - [2122/2451] ✅ Papa Ba
2026-03-11 11:25:14.631 | SUCCESS  | images:telecharger_toutes_images:171 - [2123/2451] ✅ Jesper Karlström
2026-03-11 11:25:15.161 | SUCCESS  | images:telecharger_toutes_images:171 - [2124/2451] ✅ Emerson Palmieri
2026-03-11 11:25:15.495 | SUCCESS  | images:telecharger_toutes_images:171 - [2125/2451] ✅ Martial Godo
2026-03-11 11:25:15.939 | SUCCESS  | images:telecharger_toutes_images:171 - [2126/2451] ✅ Kim Min-jae
2026-03-11 11:25:16.030 | SUCCESS  | images:telecharger_toutes_images:171 - [2127/2451] ✅ Jean-Charles Castelletto
2026-03-11 11:25:16.066 | SUCCESS  | images:telecharger_toutes_images:171 - [2128/2451] ✅ Nathan N'Goumou
2026-03-11 11:25:16.707 | SUCCESS  | images:telecharger_toutes_images:171 - [2129/2451] ✅ Ben Old
2026-03-11 11:25:17.347 | SUCCESS  | images:telecharger_toutes_images:171 - [2130/2451] ✅ Riccardo Orsolini
2026-03-11 11:25:17.391 | SUCCESS  | images:telecharger_toutes_images:171 - [2131/2451] ✅ Jack Clarke
2026-03-11 11:25:17.462 | SUCCESS  | images:telecharger_toutes_images:171 - [2132/2451] ✅ Thomas Meunier
2026-03-11 11:25:17.588 | SUCCESS  | images:telecharger_toutes_images:171 - [2133/2451] ✅ Dani Cárdenas
2026-03-11 11:25:17.796 | SUCCESS  | images:telecharger_toutes_images:171 - [2134/2451] ✅ Michael Kayode
2026-03-11 11:25:18.512 | SUCCESS  | images:telecharger_toutes_images:171 - [2135/2451] ✅ Jorge Herrando
2026-03-11 11:25:18.922 | SUCCESS  | images:telecharger_toutes_images:171 - [2136/2451] ✅ Stanislav Lobotka
2026-03-11 11:25:19.001 | SUCCESS  | images:telecharger_toutes_images:171 - [2137/2451] ✅ Pietro Terracciano
2026-03-11 11:25:19.115 | SUCCESS  | images:telecharger_toutes_images:171 - [2138/2451] ✅ Henrik Meister
2026-03-11 11:25:19.261 | SUCCESS  | images:telecharger_toutes_images:171 - [2139/2451] ✅ Yassin Belkhdim
2026-03-11 11:25:19.669 | SUCCESS  | images:telecharger_toutes_images:171 - [2140/2451] ✅ Elisha Owusu
2026-03-11 11:25:20.502 | SUCCESS  | images:telecharger_toutes_images:171 - [2141/2451] ✅ Alessandro Florenzi
2026-03-11 11:25:20.511 | SUCCESS  | images:telecharger_toutes_images:171 - [2142/2451] ✅ Marcel Sabitzer
2026-03-11 11:25:20.696 | WARNING  | images:telecharger_toutes_images:173 - [2143/2451] ❌ Luke Woolfenden
2026-03-11 11:25:20.712 | SUCCESS  | images:telecharger_toutes_images:171 - [2144/2451] ✅ Hákon Haraldsson
2026-03-11 11:25:20.838 | SUCCESS  | images:telecharger_toutes_images:171 - [2145/2451] ✅ Joachim Kayi Sanda
2026-03-11 11:25:22.459 | SUCCESS  | images:telecharger_toutes_images:171 - [2146/2451] ✅ Mohamed Salah
2026-03-11 11:25:22.536 | SUCCESS  | images:telecharger_toutes_images:171 - [2147/2451] ✅ Pepe Reina
2026-03-11 11:25:22.546 | SUCCESS  | images:telecharger_toutes_images:171 - [2148/2451] ✅ Joachim Andersen
2026-03-11 11:25:22.559 | SUCCESS  | images:telecharger_toutes_images:171 - [2149/2451] ✅ Niklas Süle
2026-03-11 11:25:22.571 | SUCCESS  | images:telecharger_toutes_images:171 - [2150/2451] ✅ Chuba Akpom
2026-03-11 11:25:24.040 | SUCCESS  | images:telecharger_toutes_images:171 - [2151/2451] ✅ Ainsley Maitland-Niles
2026-03-11 11:25:24.085 | SUCCESS  | images:telecharger_toutes_images:171 - [2152/2451] ✅ Raoul Bellanova
2026-03-11 11:25:24.094 | SUCCESS  | images:telecharger_toutes_images:171 - [2153/2451] ✅ Robert Wagner
2026-03-11 11:25:24.105 | SUCCESS  | images:telecharger_toutes_images:171 - [2154/2451] ✅ Patrick Erras
2026-03-11 11:25:24.242 | SUCCESS  | images:telecharger_toutes_images:171 - [2155/2451] ✅ Budu Zivzivadze
2026-03-11 11:25:25.235 | SUCCESS  | images:telecharger_toutes_images:171 - [2156/2451] ✅ Achraf Hakimi
2026-03-11 11:25:25.428 | SUCCESS  | images:telecharger_toutes_images:171 - [2157/2451] ✅ Gustavo Nunes
2026-03-11 11:25:25.875 | SUCCESS  | images:telecharger_toutes_images:171 - [2158/2451] ✅ Kevin De Bruyne
2026-03-11 11:25:25.909 | SUCCESS  | images:telecharger_toutes_images:171 - [2159/2451] ✅ Ismael Bekhoucha
2026-03-11 11:25:25.957 | WARNING  | images:telecharger_toutes_images:173 - [2160/2451] ❌ Diego Pugno
2026-03-11 11:25:26.688 | SUCCESS  | images:telecharger_toutes_images:171 - [2161/2451] ✅ Matt Targett
2026-03-11 11:25:26.948 | SUCCESS  | images:telecharger_toutes_images:171 - [2162/2451] ✅ Victor Nelsson
2026-03-11 11:25:27.012 | SUCCESS  | images:telecharger_toutes_images:171 - [2163/2451] ✅ Ethan Pinnock
2026-03-11 11:25:27.318 | SUCCESS  | images:telecharger_toutes_images:171 - [2164/2451] ✅ Taiwo Awoniyi
2026-03-11 11:25:27.508 | SUCCESS  | images:telecharger_toutes_images:171 - [2165/2451] ✅ Umut Tohumcu
2026-03-11 11:25:28.040 | SUCCESS  | images:telecharger_toutes_images:171 - [2166/2451] ✅ Kevin Stöger
2026-03-11 11:25:28.316 | SUCCESS  | images:telecharger_toutes_images:171 - [2167/2451] ✅ Mario Pašalić
2026-03-11 11:25:28.516 | SUCCESS  | images:telecharger_toutes_images:171 - [2168/2451] ✅ Nicolò Rovella
2026-03-11 11:25:28.700 | SUCCESS  | images:telecharger_toutes_images:171 - [2169/2451] ✅ Dean Henderson
2026-03-11 11:25:28.902 | SUCCESS  | images:telecharger_toutes_images:171 - [2170/2451] ✅ Emmanuel Biumla
2026-03-11 11:25:29.502 | SUCCESS  | images:telecharger_toutes_images:171 - [2171/2451] ✅ Kiko Femenía
2026-03-11 11:25:30.483 | SUCCESS  | images:telecharger_toutes_images:171 - [2172/2451] ✅ Patrick Dorgu
2026-03-11 11:25:30.491 | SUCCESS  | images:telecharger_toutes_images:171 - [2173/2451] ✅ Granit Xhaka
2026-03-11 11:25:30.559 | SUCCESS  | images:telecharger_toutes_images:171 - [2174/2451] ✅ Mamadou Sylla
2026-03-11 11:25:30.581 | SUCCESS  | images:telecharger_toutes_images:171 - [2175/2451] ✅ Benedikt Gimber
2026-03-11 11:25:31.005 | SUCCESS  | images:telecharger_toutes_images:171 - [2176/2451] ✅ Domingos André Ribeiro Almeida
2026-03-11 11:25:31.554 | SUCCESS  | images:telecharger_toutes_images:171 - [2177/2451] ✅ Matheus Nunes
2026-03-11 11:25:31.958 | SUCCESS  | images:telecharger_toutes_images:171 - [2178/2451] ✅ Adam Aznou
2026-03-11 11:25:32.372 | SUCCESS  | images:telecharger_toutes_images:171 - [2179/2451] ✅ Gonçalo Guedes
2026-03-11 11:25:32.389 | SUCCESS  | images:telecharger_toutes_images:171 - [2180/2451] ✅ Pau Victor
2026-03-11 11:25:32.918 | SUCCESS  | images:telecharger_toutes_images:171 - [2181/2451] ✅ Tyrique George
2026-03-11 11:25:33.433 | SUCCESS  | images:telecharger_toutes_images:171 - [2182/2451] ✅ Alex Král
2026-03-11 11:25:33.848 | SUCCESS  | images:telecharger_toutes_images:171 - [2183/2451] ✅ Lorenzo De Silvestri
2026-03-11 11:25:34.029 | SUCCESS  | images:telecharger_toutes_images:171 - [2184/2451] ✅ Mika Mármol
2026-03-11 11:25:34.040 | SUCCESS  | images:telecharger_toutes_images:171 - [2185/2451] ✅ Mateo Retegui
2026-03-11 11:25:34.459 | SUCCESS  | images:telecharger_toutes_images:171 - [2186/2451] ✅ Kévin Danois
2026-03-11 11:25:34.663 | SUCCESS  | images:telecharger_toutes_images:171 - [2187/2451] ✅ Dominic Solanke
2026-03-11 11:25:35.562 | SUCCESS  | images:telecharger_toutes_images:171 - [2188/2451] ✅ Adama Boiro
2026-03-11 11:25:35.608 | SUCCESS  | images:telecharger_toutes_images:171 - [2189/2451] ✅ Luca Netz
2026-03-11 11:25:35.625 | SUCCESS  | images:telecharger_toutes_images:171 - [2190/2451] ✅ Fábio Silva
2026-03-11 11:25:35.694 | SUCCESS  | images:telecharger_toutes_images:171 - [2191/2451] ✅ Cyle Larin
2026-03-11 11:25:36.256 | SUCCESS  | images:telecharger_toutes_images:171 - [2192/2451] ✅ Lanroy Machine
2026-03-11 11:25:37.872 | SUCCESS  | images:telecharger_toutes_images:171 - [2193/2451] ✅ Marco Komenda
2026-03-11 11:25:37.962 | SUCCESS  | images:telecharger_toutes_images:171 - [2194/2451] ✅ Robin Olsen
2026-03-11 11:25:37.970 | SUCCESS  | images:telecharger_toutes_images:171 - [2195/2451] ✅ Chidera Ejuke
2026-03-11 11:25:37.983 | SUCCESS  | images:telecharger_toutes_images:171 - [2196/2451] ✅ Amine Harit
2026-03-11 11:25:38.285 | SUCCESS  | images:telecharger_toutes_images:171 - [2197/2451] ✅ Florian Wirtz
2026-03-11 11:25:39.416 | SUCCESS  | images:telecharger_toutes_images:171 - [2198/2451] ✅ João Pedro
2026-03-11 11:25:39.512 | SUCCESS  | images:telecharger_toutes_images:171 - [2199/2451] ✅ Kiké
2026-03-11 11:25:39.520 | SUCCESS  | images:telecharger_toutes_images:171 - [2200/2451] ✅ Jordan Zemura
2026-03-11 11:25:39.538 | SUCCESS  | images:telecharger_toutes_images:171 - [2201/2451] ✅ Exequiel Palacios
2026-03-11 11:25:39.963 | SUCCESS  | images:telecharger_toutes_images:171 - [2202/2451] ✅ Arthur Desmas
2026-03-11 11:25:40.749 | SUCCESS  | images:telecharger_toutes_images:171 - [2203/2451] ✅ Alexander Sørloth
2026-03-11 11:25:41.082 | SUCCESS  | images:telecharger_toutes_images:171 - [2204/2451] ✅ Luca de la Torre
2026-03-11 11:25:41.096 | SUCCESS  | images:telecharger_toutes_images:171 - [2205/2451] ✅ Milan Badelj
2026-03-11 11:25:41.107 | SUCCESS  | images:telecharger_toutes_images:171 - [2206/2451] ✅ Yorbe Vertessen
2026-03-11 11:25:41.385 | SUCCESS  | images:telecharger_toutes_images:171 - [2207/2451] ✅ Oliver Nielsen
2026-03-11 11:25:41.842 | SUCCESS  | images:telecharger_toutes_images:171 - [2208/2451] ✅ Ruben Loftus-Cheek
2026-03-11 11:25:42.223 | SUCCESS  | images:telecharger_toutes_images:171 - [2209/2451] ✅ Javi López
2026-03-11 11:25:42.492 | SUCCESS  | images:telecharger_toutes_images:171 - [2210/2451] ✅ Jack Hinshelwood
2026-03-11 11:25:42.531 | SUCCESS  | images:telecharger_toutes_images:171 - [2211/2451] ✅ Adryelson
2026-03-11 11:25:42.750 | SUCCESS  | images:telecharger_toutes_images:171 - [2212/2451] ✅ André Onana
2026-03-11 11:25:43.258 | SUCCESS  | images:telecharger_toutes_images:171 - [2213/2451] ✅ Joel Pohjanpalo
2026-03-11 11:25:43.720 | SUCCESS  | images:telecharger_toutes_images:171 - [2214/2451] ✅ Remi Oudin
2026-03-11 11:25:43.730 | SUCCESS  | images:telecharger_toutes_images:171 - [2215/2451] ✅ Mihailo Ristić
2026-03-11 11:25:43.948 | SUCCESS  | images:telecharger_toutes_images:171 - [2216/2451] ✅ Daniele Baselli
2026-03-11 11:25:44.634 | SUCCESS  | images:telecharger_toutes_images:171 - [2217/2451] ✅ Kyllian Antonio
2026-03-11 11:25:44.806 | SUCCESS  | images:telecharger_toutes_images:171 - [2218/2451] ✅ Pol Lozano
2026-03-11 11:25:45.214 | SUCCESS  | images:telecharger_toutes_images:171 - [2219/2451] ✅ Robin Koch
2026-03-11 11:25:45.664 | SUCCESS  | images:telecharger_toutes_images:171 - [2220/2451] ✅ Dani Raba
2026-03-11 11:25:45.687 | SUCCESS  | images:telecharger_toutes_images:171 - [2221/2451] ✅ Rui Silva
2026-03-11 11:25:46.109 | SUCCESS  | images:telecharger_toutes_images:171 - [2222/2451] ✅ Nathan Aké
2026-03-11 11:25:46.208 | SUCCESS  | images:telecharger_toutes_images:171 - [2223/2451] ✅ Juan Miranda
2026-03-11 11:25:46.624 | SUCCESS  | images:telecharger_toutes_images:171 - [2224/2451] ✅ Pasquale Mazzocchi
2026-03-11 11:25:46.803 | SUCCESS  | images:telecharger_toutes_images:171 - [2225/2451] ✅ Ali Dembélé
2026-03-11 11:25:47.254 | SUCCESS  | images:telecharger_toutes_images:171 - [2226/2451] ✅ Luis Rioja
2026-03-11 11:25:47.264 | SUCCESS  | images:telecharger_toutes_images:171 - [2227/2451] ✅ Luca Philipp
2026-03-11 11:25:47.464 | SUCCESS  | images:telecharger_toutes_images:171 - [2228/2451] ✅ Mergim Berisha
2026-03-11 11:25:47.621 | SUCCESS  | images:telecharger_toutes_images:171 - [2229/2451] ✅ Nemanja Matić
2026-03-11 11:25:48.399 | WARNING  | images:telecharger_toutes_images:173 - [2230/2451] ❌ Mohamed Haj
2026-03-11 11:25:48.420 | SUCCESS  | images:telecharger_toutes_images:171 - [2231/2451] ✅ Keke Topp
2026-03-11 11:25:50.256 | SUCCESS  | images:telecharger_toutes_images:171 - [2232/2451] ✅ Han-Noah Massengo
2026-03-11 11:25:50.284 | SUCCESS  | images:telecharger_toutes_images:171 - [2233/2451] ✅ Emanuele Valeri
2026-03-11 11:25:50.294 | SUCCESS  | images:telecharger_toutes_images:171 - [2234/2451] ✅ Santiago Pierotti
2026-03-11 11:25:50.686 | SUCCESS  | images:telecharger_toutes_images:171 - [2235/2451] ✅ Mert Kömür
2026-03-11 11:25:50.781 | SUCCESS  | images:telecharger_toutes_images:171 - [2236/2451] ✅ André
2026-03-11 11:25:51.517 | SUCCESS  | images:telecharger_toutes_images:171 - [2237/2451] ✅ Roméo Lavia
2026-03-11 11:25:51.556 | SUCCESS  | images:telecharger_toutes_images:171 - [2238/2451] ✅ Javier Muñoz
2026-03-11 11:25:51.888 | SUCCESS  | images:telecharger_toutes_images:171 - [2239/2451] ✅ Yanis Zouaoui
2026-03-11 11:25:52.028 | SUCCESS  | images:telecharger_toutes_images:171 - [2240/2451] ✅ Phil Foden
2026-03-11 11:25:52.174 | SUCCESS  | images:telecharger_toutes_images:171 - [2241/2451] ✅ Willian Pacho
2026-03-11 11:25:52.608 | SUCCESS  | images:telecharger_toutes_images:171 - [2242/2451] ✅ Florian Tardieu
2026-03-11 11:25:53.243 | SUCCESS  | images:telecharger_toutes_images:171 - [2243/2451] ✅ Valentin Rongier
2026-03-11 11:25:53.252 | SUCCESS  | images:telecharger_toutes_images:171 - [2244/2451] ✅ Beto
2026-03-11 11:25:53.338 | SUCCESS  | images:telecharger_toutes_images:171 - [2245/2451] ✅ Fran Beltrán
2026-03-11 11:25:53.433 | SUCCESS  | images:telecharger_toutes_images:171 - [2246/2451] ✅ Darwin Machís
2026-03-11 11:25:53.848 | SUCCESS  | images:telecharger_toutes_images:171 - [2247/2451] ✅ Ermedin Demirović
2026-03-11 11:25:54.751 | SUCCESS  | images:telecharger_toutes_images:171 - [2248/2451] ✅ Santiago Bueno
2026-03-11 11:25:54.796 | SUCCESS  | images:telecharger_toutes_images:171 - [2249/2451] ✅ Tim Breithaupt
2026-03-11 11:25:54.882 | SUCCESS  | images:telecharger_toutes_images:171 - [2250/2451] ✅ Maximilian Wittek
2026-03-11 11:25:54.917 | SUCCESS  | images:telecharger_toutes_images:171 - [2251/2451] ✅ Yoel Lago
2026-03-11 11:25:55.307 | SUCCESS  | images:telecharger_toutes_images:171 - [2252/2451] ✅ Pierre Cornud
2026-03-11 11:25:56.255 | SUCCESS  | images:telecharger_toutes_images:171 - [2253/2451] ✅ James Maddison
2026-03-11 11:25:56.501 | SUCCESS  | images:telecharger_toutes_images:171 - [2254/2451] ✅ Alexis Saelemaekers
2026-03-11 11:25:56.616 | SUCCESS  | images:telecharger_toutes_images:171 - [2255/2451] ✅ Anrie Chase
2026-03-11 11:25:56.628 | SUCCESS  | images:telecharger_toutes_images:171 - [2256/2451] ✅ Junior Mwanga
2026-03-11 11:25:57.117 | SUCCESS  | images:telecharger_toutes_images:171 - [2257/2451] ✅ José Gragera
2026-03-11 11:25:57.418 | SUCCESS  | images:telecharger_toutes_images:171 - [2258/2451] ✅ Vanderson
2026-03-11 11:25:58.277 | SUCCESS  | images:telecharger_toutes_images:171 - [2259/2451] ✅ Santiago Castro
2026-03-11 11:25:58.292 | SUCCESS  | images:telecharger_toutes_images:171 - [2260/2451] ✅ Lewis Ferguson
2026-03-11 11:25:58.452 | SUCCESS  | images:telecharger_toutes_images:171 - [2261/2451] ✅ Jan Oblak
2026-03-11 11:25:58.642 | SUCCESS  | images:telecharger_toutes_images:171 - [2262/2451] ✅ Moritz Jenz
2026-03-11 11:25:59.010 | SUCCESS  | images:telecharger_toutes_images:171 - [2263/2451] ✅ Ben Alexander Voll
2026-03-11 11:25:59.748 | SUCCESS  | images:telecharger_toutes_images:171 - [2264/2451] ✅ Oscar Bobb
2026-03-11 11:25:59.756 | SUCCESS  | images:telecharger_toutes_images:171 - [2265/2451] ✅ Pedro Díaz
2026-03-11 11:25:59.937 | WARNING  | images:telecharger_toutes_images:173 - [2266/2451] ❌ Alen Sherri
2026-03-11 11:26:00.373 | SUCCESS  | images:telecharger_toutes_images:171 - [2267/2451] ✅ Karol Mets
2026-03-11 11:26:00.467 | SUCCESS  | images:telecharger_toutes_images:171 - [2268/2451] ✅ Yehvann Diouf
2026-03-11 11:26:01.258 | SUCCESS  | images:telecharger_toutes_images:171 - [2269/2451] ✅ Mateus Fernandes
2026-03-11 11:26:01.267 | SUCCESS  | images:telecharger_toutes_images:171 - [2270/2451] ✅ Juan David Cabal
2026-03-11 11:26:01.371 | SUCCESS  | images:telecharger_toutes_images:171 - [2271/2451] ✅ Ylber Ramadani
2026-03-11 11:26:01.690 | SUCCESS  | images:telecharger_toutes_images:171 - [2272/2451] ✅ Abdoulaye Touré
2026-03-11 11:26:01.894 | SUCCESS  | images:telecharger_toutes_images:171 - [2273/2451] ✅ Benjamin André
2026-03-11 11:26:02.480 | SUCCESS  | images:telecharger_toutes_images:171 - [2274/2451] ✅ Marvin
2026-03-11 11:26:02.587 | SUCCESS  | images:telecharger_toutes_images:171 - [2275/2451] ✅ Dany Mota
2026-03-11 11:26:02.760 | SUCCESS  | images:telecharger_toutes_images:171 - [2276/2451] ✅ Antoine Semenyo
2026-03-11 11:26:03.191 | SUCCESS  | images:telecharger_toutes_images:171 - [2277/2451] ✅ Anthony Lopes
2026-03-11 11:26:03.505 | SUCCESS  | images:telecharger_toutes_images:171 - [2278/2451] ✅ Nikola Vasilj
2026-03-11 11:26:03.643 | SUCCESS  | images:telecharger_toutes_images:171 - [2279/2451] ✅ Nicolás Tagliafico
2026-03-11 11:26:04.044 | SUCCESS  | images:telecharger_toutes_images:171 - [2280/2451] ✅ Arnaut Danjuma
2026-03-11 11:26:04.243 | SUCCESS  | images:telecharger_toutes_images:171 - [2281/2451] ✅ David López
2026-03-11 11:26:04.433 | SUCCESS  | images:telecharger_toutes_images:171 - [2282/2451] ✅ Toti Gomes
2026-03-11 11:26:05.077 | SUCCESS  | images:telecharger_toutes_images:171 - [2283/2451] ✅ Karl Etta Eyong
2026-03-11 11:26:05.152 | SUCCESS  | images:telecharger_toutes_images:171 - [2284/2451] ✅ José María Giménez
2026-03-11 11:26:05.583 | SUCCESS  | images:telecharger_toutes_images:171 - [2285/2451] ✅ Pierluigi Gollini
2026-03-11 11:26:06.094 | SUCCESS  | images:telecharger_toutes_images:171 - [2286/2451] ✅ Unai Marrero
2026-03-11 11:26:06.101 | SUCCESS  | images:telecharger_toutes_images:171 - [2287/2451] ✅ Gorka Rivera Alonso
2026-03-11 11:26:06.968 | SUCCESS  | images:telecharger_toutes_images:171 - [2288/2451] ✅ Musa Al-Taamari
2026-03-11 11:26:07.056 | SUCCESS  | images:telecharger_toutes_images:171 - [2289/2451] ✅ Yasin Ayari
2026-03-11 11:26:07.066 | SUCCESS  | images:telecharger_toutes_images:171 - [2290/2451] ✅ Álvaro Fernández
2026-03-11 11:26:07.566 | SUCCESS  | images:telecharger_toutes_images:171 - [2291/2451] ✅ Andy Pelmard
2026-03-11 11:26:07.681 | SUCCESS  | images:telecharger_toutes_images:171 - [2292/2451] ✅ Mathias Løvik
2026-03-11 11:26:08.534 | SUCCESS  | images:telecharger_toutes_images:171 - [2293/2451] ✅ Bjarki Bjarkason
2026-03-11 11:26:08.541 | SUCCESS  | images:telecharger_toutes_images:171 - [2294/2451] ✅ Nathan Tella
2026-03-11 11:26:08.551 | SUCCESS  | images:telecharger_toutes_images:171 - [2295/2451] ✅ Thomas Dähne
2026-03-11 11:26:09.345 | SUCCESS  | images:telecharger_toutes_images:171 - [2296/2451] ✅ Nuno Mendes
2026-03-11 11:26:09.453 | SUCCESS  | images:telecharger_toutes_images:171 - [2297/2451] ✅ Jakub Moder
2026-03-11 11:26:09.967 | SUCCESS  | images:telecharger_toutes_images:171 - [2298/2451] ✅ Karim Onisiwo
2026-03-11 11:26:09.976 | SUCCESS  | images:telecharger_toutes_images:171 - [2299/2451] ✅ Kevin Müller
2026-03-11 11:26:10.044 | SUCCESS  | images:telecharger_toutes_images:171 - [2300/2451] ✅ Álex Domínguez
2026-03-11 11:26:11.250 | SUCCESS  | images:telecharger_toutes_images:171 - [2301/2451] ✅ Cristian Gamboa
2026-03-11 11:26:11.260 | SUCCESS  | images:telecharger_toutes_images:171 - [2302/2451] ✅ Henrique
2026-03-11 11:26:11.994 | SUCCESS  | images:telecharger_toutes_images:171 - [2303/2451] ✅ Aritz Arambarri
2026-03-11 11:26:12.006 | SUCCESS  | images:telecharger_toutes_images:171 - [2304/2451] ✅ Ivan Prtajin
2026-03-11 11:26:12.007 | WARNING  | images:telecharger_toutes_images:173 - [2305/2451] ❌ Wilfried Ndollo
2026-03-11 11:26:12.427 | SUCCESS  | images:telecharger_toutes_images:171 - [2306/2451] ✅ Che Adams
2026-03-11 11:26:12.526 | SUCCESS  | images:telecharger_toutes_images:171 - [2307/2451] ✅ Martin Valjent
2026-03-11 11:26:13.076 | SUCCESS  | images:telecharger_toutes_images:171 - [2308/2451] ✅ Matija Nastasić
2026-03-11 11:26:13.614 | SUCCESS  | images:telecharger_toutes_images:171 - [2309/2451] ✅ Lloyd Kelly
2026-03-11 11:26:13.630 | SUCCESS  | images:telecharger_toutes_images:171 - [2310/2451] ✅ Kostas Tsimikas
2026-03-11 11:26:13.660 | WARNING  | images:telecharger_toutes_images:173 - [2311/2451] ❌ Iker Córdoba
2026-03-11 11:26:13.991 | SUCCESS  | images:telecharger_toutes_images:171 - [2312/2451] ✅ Ramón Terrats
2026-03-11 11:26:14.252 | SUCCESS  | images:telecharger_toutes_images:171 - [2313/2451] ✅ Luis Henrique
2026-03-11 11:26:14.818 | WARNING  | images:telecharger_toutes_images:173 - [2314/2451] ❌ Antoine Makoumbou
2026-03-11 11:26:14.979 | SUCCESS  | images:telecharger_toutes_images:171 - [2315/2451] ✅ Amath
2026-03-11 11:26:15.238 | SUCCESS  | images:telecharger_toutes_images:171 - [2316/2451] ✅ Toni Martínez
2026-03-11 11:26:15.334 | SUCCESS  | images:telecharger_toutes_images:171 - [2317/2451] ✅ Hauke Wahl
2026-03-11 11:26:16.087 | SUCCESS  | images:telecharger_toutes_images:171 - [2318/2451] ✅ Kazeem Olaigbe
2026-03-11 11:26:16.575 | SUCCESS  | images:telecharger_toutes_images:171 - [2319/2451] ✅ Kim Jisoo
2026-03-11 11:26:16.828 | SUCCESS  | images:telecharger_toutes_images:171 - [2320/2451] ✅ Fodé Ballo-Touré
2026-03-11 11:26:16.847 | SUCCESS  | images:telecharger_toutes_images:171 - [2321/2451] ✅ Saïmon Bouabré
2026-03-11 11:26:16.895 | SUCCESS  | images:telecharger_toutes_images:171 - [2322/2451] ✅ Marcos Alonso
2026-03-11 11:26:17.306 | SUCCESS  | images:telecharger_toutes_images:171 - [2323/2451] ✅ Omar Traoré
2026-03-11 11:26:17.840 | SUCCESS  | images:telecharger_toutes_images:171 - [2324/2451] ✅ Koni De Winter
2026-03-11 11:26:18.237 | SUCCESS  | images:telecharger_toutes_images:171 - [2325/2451] ✅ Morten Frendrup
2026-03-11 11:26:18.401 | SUCCESS  | images:telecharger_toutes_images:171 - [2326/2451] ✅ Ilaix Moriba
2026-03-11 11:26:18.747 | SUCCESS  | images:telecharger_toutes_images:171 - [2327/2451] ✅ Junior Messias
2026-03-11 11:26:19.022 | SUCCESS  | images:telecharger_toutes_images:171 - [2328/2451] ✅ Tariq Lamptey
2026-03-11 11:26:19.233 | WARNING  | images:telecharger_toutes_images:173 - [2329/2451] ❌ Hafiz Ibrahim
2026-03-11 11:26:19.511 | SUCCESS  | images:telecharger_toutes_images:171 - [2330/2451] ✅ Pierre Lees-Melou
2026-03-11 11:26:19.658 | SUCCESS  | images:telecharger_toutes_images:171 - [2331/2451] ✅ Matthias Ginter
2026-03-11 11:26:20.253 | SUCCESS  | images:telecharger_toutes_images:171 - [2332/2451] ✅ Jørgen Strand Larsen
2026-03-11 11:26:20.493 | SUCCESS  | images:telecharger_toutes_images:171 - [2333/2451] ✅ Eiran Cashin
2026-03-11 11:26:20.555 | SUCCESS  | images:telecharger_toutes_images:171 - [2334/2451] ✅ Mandela Keita
2026-03-11 11:26:20.722 | SUCCESS  | images:telecharger_toutes_images:171 - [2335/2451] ✅ Archie Gray
2026-03-11 11:26:20.933 | SUCCESS  | images:telecharger_toutes_images:171 - [2336/2451] ✅ Tammy Abraham
2026-03-11 11:26:21.343 | SUCCESS  | images:telecharger_toutes_images:171 - [2337/2451] ✅ Niels Nkounkou
2026-03-11 11:26:22.008 | SUCCESS  | images:telecharger_toutes_images:171 - [2338/2451] ✅ Arijon Ibrahimović
2026-03-11 11:26:22.180 | SUCCESS  | images:telecharger_toutes_images:171 - [2339/2451] ✅ Victor Lindelöf
2026-03-11 11:26:22.272 | SUCCESS  | images:telecharger_toutes_images:171 - [2340/2451] ✅ Tomás Conechny
2026-03-11 11:26:22.496 | SUCCESS  | images:telecharger_toutes_images:171 - [2341/2451] ✅ Oliver Burke
2026-03-11 11:26:22.623 | SUCCESS  | images:telecharger_toutes_images:171 - [2342/2451] ✅ Gonçalo Ramos
2026-03-11 11:26:23.379 | SUCCESS  | images:telecharger_toutes_images:171 - [2343/2451] ✅ Silvan Widmer
2026-03-11 11:26:23.389 | SUCCESS  | images:telecharger_toutes_images:171 - [2344/2451] ✅ Danilho Doekhi
2026-03-11 11:26:23.652 | SUCCESS  | images:telecharger_toutes_images:171 - [2345/2451] ✅ Axel Gueguin
2026-03-11 11:26:23.851 | SUCCESS  | images:telecharger_toutes_images:171 - [2346/2451] ✅ Saidou Sow
2026-03-11 11:26:23.920 | SUCCESS  | images:telecharger_toutes_images:171 - [2347/2451] ✅ Erik Ahlstrand
2026-03-11 11:26:24.859 | SUCCESS  | images:telecharger_toutes_images:171 - [2348/2451] ✅ Bilal El Khannouss
2026-03-11 11:26:24.889 | SUCCESS  | images:telecharger_toutes_images:171 - [2349/2451] ✅ Keven Schlotterbeck
2026-03-11 11:26:24.963 | SUCCESS  | images:telecharger_toutes_images:171 - [2350/2451] ✅ Lautaro Martínez
2026-03-11 11:26:25.251 | SUCCESS  | images:telecharger_toutes_images:171 - [2351/2451] ✅ Jordan James
2026-03-11 11:26:25.519 | SUCCESS  | images:telecharger_toutes_images:171 - [2352/2451] ✅ Patric
2026-03-11 11:26:26.218 | SUCCESS  | images:telecharger_toutes_images:171 - [2353/2451] ✅ Tim Siersleben
2026-03-11 11:26:26.503 | SUCCESS  | images:telecharger_toutes_images:171 - [2354/2451] ✅ Enzo Millot
2026-03-11 11:26:26.592 | SUCCESS  | images:telecharger_toutes_images:171 - [2355/2451] ✅ Adrián
2026-03-11 11:26:26.840 | SUCCESS  | images:telecharger_toutes_images:171 - [2356/2451] ✅ Christos Mandas
2026-03-11 11:26:27.067 | SUCCESS  | images:telecharger_toutes_images:171 - [2357/2451] ✅ Hugo Guillamón
2026-03-11 11:26:27.468 | SUCCESS  | images:telecharger_toutes_images:171 - [2358/2451] ✅ Nehuén Pérez
2026-03-11 11:26:27.892 | SUCCESS  | images:telecharger_toutes_images:171 - [2359/2451] ✅ Andrea Carboni
2026-03-11 11:26:28.241 | SUCCESS  | images:telecharger_toutes_images:171 - [2360/2451] ✅ Aritz Elustondo
2026-03-11 11:26:28.398 | SUCCESS  | images:telecharger_toutes_images:171 - [2361/2451] ✅ Viktor Tsyhankov
2026-03-11 11:26:28.440 | SUCCESS  | images:telecharger_toutes_images:171 - [2362/2451] ✅ Maxence Caqueret
2026-03-11 11:26:28.824 | SUCCESS  | images:telecharger_toutes_images:171 - [2363/2451] ✅ Takumi Minamino
2026-03-11 11:26:29.111 | SUCCESS  | images:telecharger_toutes_images:171 - [2364/2451] ✅ Mohamed Ali Cho
2026-03-11 11:26:29.883 | SUCCESS  | images:telecharger_toutes_images:171 - [2365/2451] ✅ Marco Friedl
2026-03-11 11:26:29.976 | SUCCESS  | images:telecharger_toutes_images:171 - [2366/2451] ✅ Cristian Cásseres Jr.
2026-03-11 11:26:30.006 | SUCCESS  | images:telecharger_toutes_images:171 - [2367/2451] ✅ Aster Vranckx
2026-03-11 11:26:30.315 | SUCCESS  | images:telecharger_toutes_images:171 - [2368/2451] ✅ Víctor Muñoz
2026-03-11 11:26:30.408 | SUCCESS  | images:telecharger_toutes_images:171 - [2369/2451] ✅ Héctor Bellerín
2026-03-11 11:26:31.446 | SUCCESS  | images:telecharger_toutes_images:171 - [2370/2451] ✅ Timothee Pembele
2026-03-11 11:26:31.458 | SUCCESS  | images:telecharger_toutes_images:171 - [2371/2451] ✅ David Mokwa
2026-03-11 11:26:31.467 | SUCCESS  | images:telecharger_toutes_images:171 - [2372/2451] ✅ Enes Ünal
2026-03-11 11:26:31.796 | SUCCESS  | images:telecharger_toutes_images:171 - [2373/2451] ✅ Jonny Evans
2026-03-11 11:26:32.000 | SUCCESS  | images:telecharger_toutes_images:171 - [2374/2451] ✅ Antoine Joujou
2026-03-11 11:26:32.731 | SUCCESS  | images:telecharger_toutes_images:171 - [2375/2451] ✅ Mathis Amougou
2026-03-11 11:26:32.807 | WARNING  | images:telecharger_toutes_images:173 - [2376/2451] ❌ Andrea Mazza
2026-03-11 11:26:33.209 | SUCCESS  | images:telecharger_toutes_images:171 - [2377/2451] ✅ Emmanuel Gyasi
2026-03-11 11:26:33.221 | SUCCESS  | images:telecharger_toutes_images:171 - [2378/2451] ✅ Giovanni Fabbian
2026-03-11 11:26:33.319 | SUCCESS  | images:telecharger_toutes_images:171 - [2379/2451] ✅ Tom Louchet
2026-03-11 11:26:33.829 | WARNING  | images:telecharger_toutes_images:173 - [2380/2451] ❌ Martín Tejón
2026-03-11 11:26:34.141 | SUCCESS  | images:telecharger_toutes_images:171 - [2381/2451] ✅ Michel Aebischer
2026-03-11 11:26:34.502 | WARNING  | images:telecharger_toutes_images:173 - [2382/2451] ❌ Daniel Rodriguez
2026-03-11 11:26:34.601 | SUCCESS  | images:telecharger_toutes_images:171 - [2383/2451] ✅ Maarten Vandevoordt
2026-03-11 11:26:34.685 | SUCCESS  | images:telecharger_toutes_images:171 - [2384/2451] ✅ Hicham Boudaoui
2026-03-11 11:26:35.500 | SUCCESS  | images:telecharger_toutes_images:171 - [2385/2451] ✅ Jesus Rodríguez
2026-03-11 11:26:35.746 | SUCCESS  | images:telecharger_toutes_images:171 - [2386/2451] ✅ Richarlison
2026-03-11 11:26:35.890 | SUCCESS  | images:telecharger_toutes_images:171 - [2387/2451] ✅ Nicolas Haas
2026-03-11 11:26:35.965 | SUCCESS  | images:telecharger_toutes_images:171 - [2388/2451] ✅ Marius Wolf
2026-03-11 11:26:36.256 | SUCCESS  | images:telecharger_toutes_images:171 - [2389/2451] ✅ Yllan Okou
2026-03-11 11:26:36.711 | SUCCESS  | images:telecharger_toutes_images:171 - [2390/2451] ✅ Álex Jiménez
2026-03-11 11:26:36.906 | SUCCESS  | images:telecharger_toutes_images:171 - [2391/2451] ✅ Devis Vásquez
2026-03-11 11:26:37.554 | SUCCESS  | images:telecharger_toutes_images:171 - [2392/2451] ✅ Khalil Fayad
2026-03-11 11:26:37.616 | SUCCESS  | images:telecharger_toutes_images:171 - [2393/2451] ✅ Yannik Engelhardt
2026-03-11 11:26:38.125 | SUCCESS  | images:telecharger_toutes_images:171 - [2394/2451] ✅ Thomas Kristensen
2026-03-11 11:26:38.304 | SUCCESS  | images:telecharger_toutes_images:171 - [2395/2451] ✅ Jeff Ekhator
2026-03-11 11:26:38.412 | SUCCESS  | images:telecharger_toutes_images:171 - [2396/2451] ✅ Hervé Koffi
2026-03-11 11:26:39.005 | SUCCESS  | images:telecharger_toutes_images:171 - [2397/2451] ✅ Mama Samba Baldé
2026-03-11 11:26:39.226 | SUCCESS  | images:telecharger_toutes_images:171 - [2398/2451] ✅ Rayan Raveloson
2026-03-11 11:26:39.459 | SUCCESS  | images:telecharger_toutes_images:171 - [2399/2451] ✅ Dehmaine Assoumani
2026-03-11 11:26:39.513 | SUCCESS  | images:telecharger_toutes_images:171 - [2400/2451] ✅ Josha Vagnoman
2026-03-11 11:26:40.069 | SUCCESS  | images:telecharger_toutes_images:171 - [2401/2451] ✅ Matt O'Riley
2026-03-11 11:26:40.530 | SUCCESS  | images:telecharger_toutes_images:171 - [2402/2451] ✅ James Justin
2026-03-11 11:26:40.766 | SUCCESS  | images:telecharger_toutes_images:171 - [2403/2451] ✅ Nathan Zeze
2026-03-11 11:26:41.247 | SUCCESS  | images:telecharger_toutes_images:171 - [2404/2451] ✅ Cesare Casadei
2026-03-11 11:26:41.360 | SUCCESS  | images:telecharger_toutes_images:171 - [2405/2451] ✅ Kevin Bonifazi
2026-03-11 11:26:41.423 | SUCCESS  | images:telecharger_toutes_images:171 - [2406/2451] ✅ Cole Campbell
2026-03-11 11:26:42.051 | SUCCESS  | images:telecharger_toutes_images:171 - [2407/2451] ✅ Youssouf Sabaly
2026-03-11 11:26:42.059 | SUCCESS  | images:telecharger_toutes_images:171 - [2408/2451] ✅ Aïssa Mandi
2026-03-11 11:26:42.450 | SUCCESS  | images:telecharger_toutes_images:171 - [2409/2451] ✅ Alejandro Rodriguez
2026-03-11 11:26:42.923 | SUCCESS  | images:telecharger_toutes_images:171 - [2410/2451] ✅ Luke Thomas
2026-03-11 11:26:42.965 | SUCCESS  | images:telecharger_toutes_images:171 - [2411/2451] ✅ Dwight McNeil
2026-03-11 11:26:44.270 | SUCCESS  | images:telecharger_toutes_images:171 - [2412/2451] ✅ Lovro Majer
2026-03-11 11:26:44.277 | SUCCESS  | images:telecharger_toutes_images:171 - [2413/2451] ✅ Jordan Lotomba
2026-03-11 11:26:44.968 | SUCCESS  | images:telecharger_toutes_images:171 - [2414/2451] ✅ Augusto Batalla
2026-03-11 11:26:44.978 | SUCCESS  | images:telecharger_toutes_images:171 - [2415/2451] ✅ Stole Dimitrievski
2026-03-11 11:26:45.053 | SUCCESS  | images:telecharger_toutes_images:171 - [2416/2451] ✅ Óscar Trejo
2026-03-11 11:26:45.497 | SUCCESS  | images:telecharger_toutes_images:171 - [2417/2451] ✅ Renato Veiga
2026-03-11 11:26:45.539 | SUCCESS  | images:telecharger_toutes_images:171 - [2418/2451] ✅ Mohamed Simakan
2026-03-11 11:26:46.059 | SUCCESS  | images:telecharger_toutes_images:171 - [2419/2451] ✅ Kieran Tierney
2026-03-11 11:26:46.359 | SUCCESS  | images:telecharger_toutes_images:171 - [2420/2451] ✅ John Joe
2026-03-11 11:26:46.378 | SUCCESS  | images:telecharger_toutes_images:171 - [2421/2451] ✅ Mike Maignan
2026-03-11 11:26:46.726 | SUCCESS  | images:telecharger_toutes_images:171 - [2422/2451] ✅ Kyogo Furuhashi
2026-03-11 11:26:46.896 | SUCCESS  | images:telecharger_toutes_images:171 - [2423/2451] ✅ Dante
2026-03-11 11:26:47.213 | SUCCESS  | images:telecharger_toutes_images:171 - [2424/2451] ✅ Lucas Vázquez
2026-03-11 11:26:47.805 | WARNING  | images:telecharger_toutes_images:173 - [2425/2451] ❌ Yoann Cissé
2026-03-11 11:26:47.869 | SUCCESS  | images:telecharger_toutes_images:171 - [2426/2451] ✅ Abdallah Sima
2026-03-11 11:26:48.371 | SUCCESS  | images:telecharger_toutes_images:171 - [2427/2451] ✅ Jean-Daniel Akpa-Akpro
2026-03-11 11:26:48.432 | SUCCESS  | images:telecharger_toutes_images:171 - [2428/2451] ✅ Vladimír Coufal
2026-03-11 11:26:48.783 | SUCCESS  | images:telecharger_toutes_images:171 - [2429/2451] ✅ Younes Lachaab
2026-03-11 11:26:48.993 | SUCCESS  | images:telecharger_toutes_images:171 - [2430/2451] ✅ Jeremie Boga
2026-03-11 11:26:49.024 | SUCCESS  | images:telecharger_toutes_images:171 - [2431/2451] ✅ Mark Travers
2026-03-11 11:26:49.834 | SUCCESS  | images:telecharger_toutes_images:171 - [2432/2451] ✅ Sávio
2026-03-11 11:26:49.902 | SUCCESS  | images:telecharger_toutes_images:171 - [2433/2451] ✅ László Bénes
2026-03-11 11:26:50.453 | SUCCESS  | images:telecharger_toutes_images:171 - [2434/2451] ✅ Carlos Soler
2026-03-11 11:26:50.551 | SUCCESS  | images:telecharger_toutes_images:171 - [2435/2451] ✅ Dennis Appiah
2026-03-11 11:26:50.559 | SUCCESS  | images:telecharger_toutes_images:171 - [2436/2451] ✅ Pape Matar Sarr
2026-03-11 11:26:50.953 | SUCCESS  | images:telecharger_toutes_images:171 - [2437/2451] ✅ Kai Havertz
2026-03-11 11:26:51.149 | WARNING  | images:telecharger_toutes_images:173 - [2438/2451] ❌ Kévin Pedro
2026-03-11 11:26:51.612 | SUCCESS  | images:telecharger_toutes_images:171 - [2439/2451] ✅ Cheikh Niasse
2026-03-11 11:26:51.902 | WARNING  | images:telecharger_toutes_images:173 - [2440/2451] ❌ Casper Tengstedt
2026-03-11 11:26:52.081 | WARNING  | images:telecharger_toutes_images:173 - [2441/2451] ❌ Sergio Arribas
2026-03-11 11:26:52.380 | SUCCESS  | images:telecharger_toutes_images:171 - [2442/2451] ✅ Ado Onaiwu
2026-03-11 11:26:52.540 | SUCCESS  | images:telecharger_toutes_images:171 - [2443/2451] ✅ Nikola Moro
2026-03-11 11:26:53.073 | SUCCESS  | images:telecharger_toutes_images:171 - [2444/2451] ✅ Malick Thiaw
2026-03-11 11:26:53.386 | SUCCESS  | images:telecharger_toutes_images:171 - [2445/2451] ✅ Philipp Köhn
2026-03-11 11:26:53.500 | SUCCESS  | images:telecharger_toutes_images:171 - [2446/2451] ✅ Pol Lirola
2026-03-11 11:26:53.739 | SUCCESS  | images:telecharger_toutes_images:171 - [2447/2451] ✅ Robert Skov
2026-03-11 11:26:53.926 | SUCCESS  | images:telecharger_toutes_images:171 - [2448/2451] ✅ Manu Sánchez
2026-03-11 11:26:54.433 | WARNING  | images:telecharger_toutes_images:173 - [2449/2451] ❌ Paul Hennrich
2026-03-11 11:26:54.704 | SUCCESS  | images:telecharger_toutes_images:171 - [2450/2451] ✅ Jeremy Doku
2026-03-11 11:26:54.847 | SUCCESS  | images:telecharger_toutes_images:171 - [2451/2451] ✅ Florian Grillitsch
2026-03-11 11:26:54.851 | SUCCESS  | images:telecharger_toutes_images:175 - 2276/2451 images téléchargées
2026-03-11 11:26:54.865 | SUCCESS  | __main__:main:83 - Scraping complet terminé. Base de données prête.
2026-03-11 11:31:19.534 | INFO     | __main__:main:69 - Initialisation de la base de données...
2026-03-11 11:31:19.537 | SUCCESS  | db:init_db:113 - Base de données initialisée avec succès
2026-03-11 11:31:19.540 | INFO     | __main__:scraper_ligue:43 - ⏭️  Premier League déjà en base — scraping ignoré
2026-03-11 11:31:19.541 | INFO     | __main__:scraper_ligue:43 - ⏭️  La Liga déjà en base — scraping ignoré
2026-03-11 11:31:19.543 | INFO     | __main__:scraper_ligue:43 - ⏭️  Serie A déjà en base — scraping ignoré
2026-03-11 11:31:19.544 | INFO     | __main__:scraper_ligue:43 - ⏭️  Ligue 1 déjà en base — scraping ignoré
2026-03-11 11:31:19.546 | INFO     | __main__:scraper_ligue:43 - ⏭️  Bundesliga déjà en base — scraping ignoré
2026-03-11 11:31:19.546 | INFO     | __main__:main:80 - Téléchargement des images joueurs...
2026-03-11 11:31:19.553 | INFO     | images:telecharger_toutes_images:138 - 175 images à télécharger
2026-03-11 11:31:19.554 | INFO     | images:recuperer_cookies_fbref:26 - Récupération des cookies FBref via Playwright...
2026-03-11 11:31:21.968 | INFO     | images:recuperer_cookies_fbref:46 - Attente passage Cloudflare (30s)...
2026-03-11 11:31:52.486 | SUCCESS  | images:recuperer_cookies_fbref:56 - ✅ 10 cookies récupérés
2026-03-11 11:31:53.868 | WARNING  | images:telecharger_toutes_images:173 - [1/175] ❌ David Zec
2026-03-11 11:31:53.888 | WARNING  | images:telecharger_toutes_images:173 - [2/175] ❌ Chuky san jose
2026-03-11 11:31:53.949 | WARNING  | images:telecharger_toutes_images:173 - [3/175] ❌ Mikey Moore
2026-03-11 11:31:54.023 | WARNING  | images:telecharger_toutes_images:173 - [4/175] ❌ Alfie Pond
2026-03-11 11:31:54.047 | WARNING  | images:telecharger_toutes_images:173 - [5/175] ❌ Florian Micheler
2026-03-11 11:31:55.980 | WARNING  | images:telecharger_toutes_images:173 - [6/175] ❌ Marco Sala
2026-03-11 11:31:55.998 | WARNING  | images:telecharger_toutes_images:173 - [7/175] ❌ Thiago Ojeda
2026-03-11 11:31:56.003 | WARNING  | images:telecharger_toutes_images:173 - [8/175] ❌ Valentín Pezzolesi
2026-03-11 11:31:56.004 | WARNING  | images:telecharger_toutes_images:173 - [9/175] ❌ Arnau Rafús
2026-03-11 11:31:56.010 | WARNING  | images:telecharger_toutes_images:173 - [10/175] ❌ Alessio Iovine
2026-03-11 11:31:57.565 | WARNING  | images:telecharger_toutes_images:173 - [11/175] ❌ Eros Maddy
2026-03-11 11:31:57.570 | WARNING  | images:telecharger_toutes_images:173 - [12/175] ❌ Olabade Aluko
2026-03-11 11:31:57.646 | WARNING  | images:telecharger_toutes_images:173 - [13/175] ❌ Seydouba Cissé
2026-03-11 11:31:57.651 | WARNING  | images:telecharger_toutes_images:173 - [14/175] ❌ Yael Mouanga
2026-03-11 11:31:57.660 | WARNING  | images:telecharger_toutes_images:173 - [15/175] ❌ Abdoulaye Keita
2026-03-11 11:31:59.059 | WARNING  | images:telecharger_toutes_images:173 - [16/175] ❌ Alessandro Gabrielloni
2026-03-11 11:31:59.064 | WARNING  | images:telecharger_toutes_images:173 - [17/175] ❌ Roger Hinojo
2026-03-11 11:31:59.129 | WARNING  | images:telecharger_toutes_images:173 - [18/175] ❌ Marwann Nzuzi
2026-03-11 11:31:59.137 | WARNING  | images:telecharger_toutes_images:173 - [19/175] ❌ Maat Daniel Caprini
2026-03-11 11:31:59.221 | WARNING  | images:telecharger_toutes_images:173 - [20/175] ❌ Omari Forson
2026-03-11 11:32:02.395 | WARNING  | images:telecharger_toutes_images:173 - [21/175] ❌ Peter González
2026-03-11 11:32:02.411 | WARNING  | images:telecharger_toutes_images:173 - [22/175] ❌ Remy Rees-Dottin
2026-03-11 11:32:02.412 | WARNING  | images:telecharger_toutes_images:173 - [23/175] ❌ Jacob Greaves
2026-03-11 11:32:02.413 | WARNING  | images:telecharger_toutes_images:173 - [24/175] ❌ Alessio Cacciamani
2026-03-11 11:32:02.840 | WARNING  | images:telecharger_toutes_images:173 - [25/175] ❌ Aaron Ciammaglichella
2026-03-11 11:32:03.531 | WARNING  | images:telecharger_toutes_images:173 - [26/175] ❌ Domen Črnigoj
2026-03-11 11:32:03.622 | WARNING  | images:telecharger_toutes_images:173 - [27/175] ❌ Aboubacar Bassinga
2026-03-11 11:32:03.720 | WARNING  | images:telecharger_toutes_images:173 - [28/175] ❌ Yarek Gasiorowski
2026-03-11 11:32:03.792 | WARNING  | images:telecharger_toutes_images:173 - [29/175] ❌ Adrian Baquerin
2026-03-11 11:32:04.282 | WARNING  | images:telecharger_toutes_images:173 - [30/175] ❌ Javi Martón
2026-03-11 11:32:04.725 | WARNING  | images:telecharger_toutes_images:173 - [31/175] ❌ Mats Pannewig
2026-03-11 11:32:04.971 | WARNING  | images:telecharger_toutes_images:173 - [32/175] ❌ Jay Robinson
2026-03-11 11:32:04.982 | WARNING  | images:telecharger_toutes_images:173 - [33/175] ❌ Ramón Sosa
2026-03-11 11:32:05.220 | WARNING  | images:telecharger_toutes_images:173 - [34/175] ❌ Tommaso Gabellini
2026-03-11 11:32:05.327 | WARNING  | images:telecharger_toutes_images:173 - [35/175] ❌ Zain Silcott-Duberry
2026-03-11 11:32:06.437 | WARNING  | images:telecharger_toutes_images:173 - [36/175] ❌ Beres Owusu
2026-03-11 11:32:06.471 | WARNING  | images:telecharger_toutes_images:173 - [37/175] ❌ Simon Cara
2026-03-11 11:32:06.921 | WARNING  | images:telecharger_toutes_images:173 - [38/175] ❌ Yael Nandjou
2026-03-11 11:32:06.931 | WARNING  | images:telecharger_toutes_images:173 - [39/175] ❌ Joël Schingtienne
2026-03-11 11:32:06.940 | WARNING  | images:telecharger_toutes_images:173 - [40/175] ❌ Daniel Requena
2026-03-11 11:32:08.280 | WARNING  | images:telecharger_toutes_images:173 - [41/175] ❌ Sergio Viera
2026-03-11 11:32:08.789 | WARNING  | images:telecharger_toutes_images:173 - [42/175] ❌ David Torres
2026-03-11 11:32:08.797 | WARNING  | images:telecharger_toutes_images:173 - [43/175] ❌ Stefan Džodić
2026-03-11 11:32:08.801 | WARNING  | images:telecharger_toutes_images:173 - [44/175] ❌ Daniel Fila
2026-03-11 11:32:08.806 | WARNING  | images:telecharger_toutes_images:173 - [45/175] ❌ Ibrahim Alani
2026-03-11 11:32:10.009 | WARNING  | images:telecharger_toutes_images:173 - [46/175] ❌ Richie Sagrado
2026-03-11 11:32:10.018 | WARNING  | images:telecharger_toutes_images:173 - [47/175] ❌ Jeremy Agbonifo
2026-03-11 11:32:10.080 | WARNING  | images:telecharger_toutes_images:173 - [48/175] ❌ Will Alves
2026-03-11 11:32:10.233 | WARNING  | images:telecharger_toutes_images:173 - [49/175] ❌ Dominik Javorček
2026-03-11 11:32:10.238 | WARNING  | images:telecharger_toutes_images:173 - [50/175] ❌ Aristide Zossou
2026-03-11 11:32:11.048 | WARNING  | images:telecharger_toutes_images:173 - [51/175] ❌ Enzo Caumont
2026-03-11 11:32:11.431 | WARNING  | images:telecharger_toutes_images:173 - [52/175] ❌ Adrian Benedyczak
2026-03-11 11:32:11.436 | WARNING  | images:telecharger_toutes_images:173 - [53/175] ❌ Nathan Broadhead
2026-03-11 11:32:11.586 | WARNING  | images:telecharger_toutes_images:173 - [54/175] ❌ Daniel Díaz
2026-03-11 11:32:11.597 | WARNING  | images:telecharger_toutes_images:173 - [55/175] ❌ Lewis Orford
2026-03-11 11:32:12.323 | WARNING  | images:telecharger_toutes_images:173 - [56/175] ❌ Alberto Marí
2026-03-11 11:32:12.778 | WARNING  | images:telecharger_toutes_images:173 - [57/175] ❌ Jeremy Monga
2026-03-11 11:32:12.935 | WARNING  | images:telecharger_toutes_images:173 - [58/175] ❌ Nathan Wood-Gordon
2026-03-11 11:32:12.964 | WARNING  | images:telecharger_toutes_images:173 - [59/175] ❌ Jota Silva
2026-03-11 11:32:12.977 | WARNING  | images:telecharger_toutes_images:173 - [60/175] ❌ Álvaro djaló
2026-03-11 11:32:13.637 | WARNING  | images:telecharger_toutes_images:173 - [61/175] ❌ Carlos Guirao
2026-03-11 11:32:14.196 | WARNING  | images:telecharger_toutes_images:173 - [62/175] ❌ Semuel Pizzignacco
2026-03-11 11:32:14.239 | WARNING  | images:telecharger_toutes_images:173 - [63/175] ❌ Lucas Oliveira Rosa
2026-03-11 11:32:14.331 | WARNING  | images:telecharger_toutes_images:173 - [64/175] ❌ Eloge Zabi
2026-03-11 11:32:14.363 | WARNING  | images:telecharger_toutes_images:173 - [65/175] ❌ Toby Collyer
2026-03-11 11:32:14.653 | WARNING  | images:telecharger_toutes_images:173 - [66/175] ❌ Gabriel Bares
2026-03-11 11:32:15.470 | WARNING  | images:telecharger_toutes_images:173 - [67/175] ❌ Jan Salas
2026-03-11 11:32:15.569 | WARNING  | images:telecharger_toutes_images:173 - [68/175] ❌ Daniel Bandeira
2026-03-11 11:32:15.629 | WARNING  | images:telecharger_toutes_images:173 - [69/175] ❌ Ben Brereton
2026-03-11 11:32:15.702 | WARNING  | images:telecharger_toutes_images:173 - [70/175] ❌ Benjamin Bouchouari
2026-03-11 11:32:15.906 | WARNING  | images:telecharger_toutes_images:173 - [71/175] ❌ Augustine Boakye
2026-03-11 11:32:16.824 | WARNING  | images:telecharger_toutes_images:173 - [72/175] ❌ Antoine Hainaut
2026-03-11 11:32:16.879 | WARNING  | images:telecharger_toutes_images:173 - [73/175] ❌ Adrian Niño
2026-03-11 11:32:17.054 | WARNING  | images:telecharger_toutes_images:173 - [74/175] ❌ Paul Joly
2026-03-11 11:32:17.059 | WARNING  | images:telecharger_toutes_images:173 - [75/175] ❌ Álvaro Pascual
2026-03-11 11:32:17.207 | WARNING  | images:telecharger_toutes_images:173 - [76/175] ❌ Alessandro Vogliacco
2026-03-11 11:32:18.557 | WARNING  | images:telecharger_toutes_images:173 - [77/175] ❌ Kacper Koscierski
2026-03-11 11:32:19.081 | WARNING  | images:telecharger_toutes_images:173 - [78/175] ❌ Roman Dixon
2026-03-11 11:32:19.083 | WARNING  | images:telecharger_toutes_images:173 - [79/175] ❌ Endika Buján
2026-03-11 11:32:19.085 | WARNING  | images:telecharger_toutes_images:173 - [80/175] ❌ Rodrigo Abajas
2026-03-11 11:32:19.097 | WARNING  | images:telecharger_toutes_images:173 - [81/175] ❌ Florian Ayé
2026-03-11 11:32:19.680 | WARNING  | images:telecharger_toutes_images:173 - [82/175] ❌ Hiroki Sekine
2026-03-11 11:32:20.121 | WARNING  | images:telecharger_toutes_images:173 - [83/175] ❌ José Carlos González
2026-03-11 11:32:20.279 | WARNING  | images:telecharger_toutes_images:173 - [84/175] ❌ Harry Amass
2026-03-11 11:32:20.281 | WARNING  | images:telecharger_toutes_images:173 - [85/175] ❌ Ben Lhassine Kone
2026-03-11 11:32:20.497 | WARNING  | images:telecharger_toutes_images:173 - [86/175] ❌ Lior Kasa
2026-03-11 11:32:21.063 | WARNING  | images:telecharger_toutes_images:173 - [87/175] ❌ Etienne Eto'o
2026-03-11 11:32:21.322 | WARNING  | images:telecharger_toutes_images:173 - [88/175] ❌ Federico Accornero
2026-03-11 11:32:21.327 | WARNING  | images:telecharger_toutes_images:173 - [89/175] ❌ Ayman Aiki
2026-03-11 11:32:21.778 | WARNING  | images:telecharger_toutes_images:173 - [90/175] ❌ Ryan Manning
2026-03-11 11:32:21.966 | WARNING  | images:telecharger_toutes_images:173 - [91/175] ❌ Arturo Rodríguez
2026-03-11 11:32:22.373 | WARNING  | images:telecharger_toutes_images:173 - [92/175] ❌ Darío Fuentes
2026-03-11 11:32:22.374 | WARNING  | images:telecharger_toutes_images:173 - [93/175] ❌ Ben Viadere
2026-03-11 11:32:22.528 | WARNING  | images:telecharger_toutes_images:173 - [94/175] ❌ Faik Sakar
2026-03-11 11:32:23.025 | WARNING  | images:telecharger_toutes_images:173 - [95/175] ❌ Carlos Forbs
2026-03-11 11:32:23.422 | WARNING  | images:telecharger_toutes_images:173 - [96/175] ❌ Michael Svoboda
2026-03-11 11:32:23.564 | WARNING  | images:telecharger_toutes_images:173 - [97/175] ❌ Mateo Pellegrino
2026-03-11 11:32:23.746 | WARNING  | images:telecharger_toutes_images:173 - [98/175] ❌ Malcolm Jeng
2026-03-11 11:32:23.805 | WARNING  | images:telecharger_toutes_images:173 - [99/175] ❌ David Akpan Ankeye
2026-03-11 11:32:24.534 | WARNING  | images:telecharger_toutes_images:173 - [100/175] ❌ Ivan Jaime Pajuelo
2026-03-11 11:32:24.539 | WARNING  | images:telecharger_toutes_images:173 - [101/175] ❌ Marcus Harness
2026-03-11 11:32:24.801 | WARNING  | images:telecharger_toutes_images:173 - [102/175] ❌ Ilyes Housni
2026-03-11 11:32:25.011 | WARNING  | images:telecharger_toutes_images:173 - [103/175] ❌ Raúl Moro
2026-03-11 11:32:25.112 | WARNING  | images:telecharger_toutes_images:173 - [104/175] ❌ Will Lankshear
2026-03-11 11:32:25.634 | WARNING  | images:telecharger_toutes_images:173 - [105/175] ❌ Paulo Azzi
2026-03-11 11:32:25.897 | WARNING  | images:telecharger_toutes_images:173 - [106/175] ❌ Pica
2026-03-11 11:32:26.048 | WARNING  | images:telecharger_toutes_images:173 - [107/175] ❌ Gabin Capuano
2026-03-11 11:32:26.360 | WARNING  | images:telecharger_toutes_images:173 - [108/175] ❌ Diego Iturralde
2026-03-11 11:32:26.464 | WARNING  | images:telecharger_toutes_images:173 - [109/175] ❌ Jacopo Bacci
2026-03-11 11:32:27.176 | WARNING  | images:telecharger_toutes_images:173 - [110/175] ❌ Lucas Bergvall
2026-03-11 11:32:27.176 | WARNING  | images:telecharger_toutes_images:173 - [111/175] ❌ Lucas Stassin
2026-03-11 11:32:27.299 | WARNING  | images:telecharger_toutes_images:173 - [112/175] ❌ Justin Smith
2026-03-11 11:32:28.061 | WARNING  | images:telecharger_toutes_images:173 - [113/175] ❌ Harry Clarke
2026-03-11 11:32:28.082 | WARNING  | images:telecharger_toutes_images:173 - [114/175] ❌ Mickael Nade
2026-03-11 11:32:29.272 | WARNING  | images:telecharger_toutes_images:173 - [115/175] ❌ Mateo Mejía
2026-03-11 11:32:29.275 | WARNING  | images:telecharger_toutes_images:173 - [116/175] ❌ Lorenzo Tosto
2026-03-11 11:32:29.278 | WARNING  | images:telecharger_toutes_images:173 - [117/175] ❌ Welington
2026-03-11 11:32:29.737 | WARNING  | images:telecharger_toutes_images:173 - [118/175] ❌ Mory Gbane
2026-03-11 11:32:29.743 | WARNING  | images:telecharger_toutes_images:173 - [119/175] ❌ Giorgio Altare
2026-03-11 11:32:30.472 | WARNING  | images:telecharger_toutes_images:173 - [120/175] ❌ Plamedi Nsingi
2026-03-11 11:32:30.734 | WARNING  | images:telecharger_toutes_images:173 - [121/175] ❌ Alfie Dorrington
2026-03-11 11:32:30.779 | WARNING  | images:telecharger_toutes_images:173 - [122/175] ❌ Bob Murphy Omoregbe
2026-03-11 11:32:30.815 | WARNING  | images:telecharger_toutes_images:173 - [123/175] ❌ Loïc N'Gatta
2026-03-11 11:32:31.080 | WARNING  | images:telecharger_toutes_images:173 - [124/175] ❌ Milos Lukovic
2026-03-11 11:32:31.789 | WARNING  | images:telecharger_toutes_images:173 - [125/175] ❌ Jailson Siqueira
2026-03-11 11:32:31.897 | WARNING  | images:telecharger_toutes_images:173 - [126/175] ❌ Xavier Moreno
2026-03-11 11:32:32.128 | WARNING  | images:telecharger_toutes_images:173 - [127/175] ❌ Issa Doumbia
2026-03-11 11:32:32.130 | WARNING  | images:telecharger_toutes_images:173 - [128/175] ❌ Mario Maroto
2026-03-11 11:32:32.387 | WARNING  | images:telecharger_toutes_images:173 - [129/175] ❌ Aingeru Olabarrieta
2026-03-11 11:32:33.483 | WARNING  | images:telecharger_toutes_images:173 - [130/175] ❌ Nicolas Pays
2026-03-11 11:32:33.491 | WARNING  | images:telecharger_toutes_images:173 - [131/175] ❌ Kembo Diliwidi
2026-03-11 11:32:33.492 | WARNING  | images:telecharger_toutes_images:173 - [132/175] ❌ Diego
2026-03-11 11:32:33.555 | WARNING  | images:telecharger_toutes_images:173 - [133/175] ❌ Ben Winterburn
2026-03-11 11:32:33.577 | WARNING  | images:telecharger_toutes_images:173 - [134/175] ❌ Kevin Martins
2026-03-11 11:32:35.366 | WARNING  | images:telecharger_toutes_images:173 - [135/175] ❌ Gabriel Charpentier
2026-03-11 11:32:35.384 | WARNING  | images:telecharger_toutes_images:173 - [136/175] ❌ Mateus Mane
2026-03-11 11:32:35.386 | WARNING  | images:telecharger_toutes_images:173 - [137/175] ❌ Abdoul Koné
2026-03-11 11:32:35.387 | WARNING  | images:telecharger_toutes_images:173 - [138/175] ❌ Nunzio Lella
2026-03-11 11:32:35.388 | WARNING  | images:telecharger_toutes_images:173 - [139/175] ❌ Enzo Sternal
2026-03-11 11:32:36.553 | WARNING  | images:telecharger_toutes_images:173 - [140/175] ❌ Nabil Aberdin
2026-03-11 11:32:36.555 | WARNING  | images:telecharger_toutes_images:173 - [141/175] ❌ Fellipe Jack
2026-03-11 11:32:36.566 | WARNING  | images:telecharger_toutes_images:173 - [142/175] ❌ Rafael Bauza
2026-03-11 11:32:37.980 | WARNING  | images:telecharger_toutes_images:173 - [143/175] ❌ Emmanuel Koum Mbondo
2026-03-11 11:32:37.980 | WARNING  | images:telecharger_toutes_images:173 - [144/175] ❌ Iago Parente
2026-03-11 11:32:38.509 | WARNING  | images:telecharger_toutes_images:173 - [145/175] ❌ Jake Evans
2026-03-11 11:32:38.520 | WARNING  | images:telecharger_toutes_images:173 - [146/175] ❌ Thomas Campaniello
2026-03-11 11:32:38.522 | WARNING  | images:telecharger_toutes_images:173 - [147/175] ❌ Kingstone Mutandwa
2026-03-11 11:32:39.488 | WARNING  | images:telecharger_toutes_images:173 - [148/175] ❌ Kaelan Casey
2026-03-11 11:32:39.546 | WARNING  | images:telecharger_toutes_images:173 - [149/175] ❌ Victor Orakpo
2026-03-11 11:32:40.082 | WARNING  | images:telecharger_toutes_images:173 - [150/175] ❌ Tommaso Rubino
2026-03-11 11:32:40.085 | WARNING  | images:telecharger_toutes_images:173 - [151/175] ❌ Alphadjo Cissè
2026-03-11 11:32:40.086 | WARNING  | images:telecharger_toutes_images:173 - [152/175] ❌ Pelayo Fernandez
2026-03-11 11:32:40.677 | WARNING  | images:telecharger_toutes_images:173 - [153/175] ❌ Israel Domínguez
2026-03-11 11:32:41.128 | WARNING  | images:telecharger_toutes_images:173 - [154/175] ❌ Mateusz Kowalski
2026-03-11 11:32:41.153 | WARNING  | images:telecharger_toutes_images:173 - [155/175] ❌ Ümit Akdag
2026-03-11 11:32:41.507 | WARNING  | images:telecharger_toutes_images:173 - [156/175] ❌ Niama Sissoko
2026-03-11 11:32:41.580 | WARNING  | images:telecharger_toutes_images:173 - [157/175] ❌ Harry Howell
2026-03-11 11:32:42.039 | WARNING  | images:telecharger_toutes_images:173 - [158/175] ❌ Diego Martín
2026-03-11 11:32:42.252 | WARNING  | images:telecharger_toutes_images:173 - [159/175] ❌ Harrison Armstrong
2026-03-11 11:32:42.629 | WARNING  | images:telecharger_toutes_images:173 - [160/175] ❌ Diego Pugno
2026-03-11 11:32:42.630 | WARNING  | images:telecharger_toutes_images:173 - [161/175] ❌ Luke Woolfenden
2026-03-11 11:32:42.884 | WARNING  | images:telecharger_toutes_images:173 - [162/175] ❌ Mohamed Haj
2026-03-11 11:32:43.147 | WARNING  | images:telecharger_toutes_images:173 - [163/175] ❌ Alen Sherri
2026-03-11 11:32:43.597 | WARNING  | images:telecharger_toutes_images:173 - [164/175] ❌ Wilfried Ndollo
2026-03-11 11:32:43.838 | WARNING  | images:telecharger_toutes_images:173 - [165/175] ❌ Antoine Makoumbou
2026-03-11 11:32:44.001 | WARNING  | images:telecharger_toutes_images:173 - [166/175] ❌ Iker Córdoba
2026-03-11 11:32:44.213 | WARNING  | images:telecharger_toutes_images:173 - [167/175] ❌ Hafiz Ibrahim
2026-03-11 11:32:44.500 | WARNING  | images:telecharger_toutes_images:173 - [168/175] ❌ Andrea Mazza
2026-03-11 11:32:44.797 | WARNING  | images:telecharger_toutes_images:173 - [169/175] ❌ Martín Tejón
2026-03-11 11:32:45.558 | WARNING  | images:telecharger_toutes_images:173 - [170/175] ❌ Kévin Pedro
2026-03-11 11:32:45.561 | WARNING  | images:telecharger_toutes_images:173 - [171/175] ❌ Daniel Rodriguez
2026-03-11 11:32:45.561 | WARNING  | images:telecharger_toutes_images:173 - [172/175] ❌ Yoann Cissé
2026-03-11 11:32:45.814 | WARNING  | images:telecharger_toutes_images:173 - [173/175] ❌ Casper Tengstedt
2026-03-11 11:32:46.235 | WARNING  | images:telecharger_toutes_images:173 - [174/175] ❌ Sergio Arribas
2026-03-11 11:32:47.077 | WARNING  | images:telecharger_toutes_images:173 - [175/175] ❌ Paul Hennrich
2026-03-11 11:32:47.081 | SUCCESS  | images:telecharger_toutes_images:175 - 0/175 images téléchargées
2026-03-11 11:32:47.082 | SUCCESS  | __main__:main:83 - Scraping complet terminé. Base de données prête.
2026-03-11 14:07:06.559 | INFO     | __main__:main:70 - Initialisation de la base de données...
2026-03-11 14:07:06.574 | SUCCESS  | db:init_db:113 - Base de données initialisée avec succès
2026-03-11 14:07:06.576 | INFO     | __main__:scraper_ligue:44 - ⏭️  Premier League déjà en base — scraping ignoré
2026-03-11 14:07:06.577 | INFO     | __main__:scraper_ligue:44 - ⏭️  La Liga déjà en base — scraping ignoré
2026-03-11 14:07:06.578 | INFO     | __main__:scraper_ligue:44 - ⏭️  Serie A déjà en base — scraping ignoré
2026-03-11 14:07:06.579 | INFO     | __main__:scraper_ligue:44 - ⏭️  Ligue 1 déjà en base — scraping ignoré
2026-03-11 14:07:06.580 | INFO     | __main__:scraper_ligue:44 - ⏭️  Bundesliga déjà en base — scraping ignoré
2026-03-11 14:07:06.580 | INFO     | __main__:main:81 - Téléchargement des images joueurs...
2026-03-11 14:07:06.595 | INFO     | images:telecharger_toutes_images:138 - 175 images à télécharger
2026-03-11 14:07:06.596 | INFO     | images:recuperer_cookies_fbref:26 - Récupération des cookies FBref via Playwright...
2026-03-11 14:07:10.539 | INFO     | images:recuperer_cookies_fbref:46 - Attente passage Cloudflare (30s)...
2026-03-11 14:07:40.972 | SUCCESS  | images:recuperer_cookies_fbref:56 - 9 cookies récupérés
2026-03-11 14:07:42.508 | WARNING  | images:telecharger_toutes_images:173 - [1/175] pas de photo sur ce joueur David Zec
2026-03-11 14:07:42.519 | WARNING  | images:telecharger_toutes_images:173 - [2/175] pas de photo sur ce joueur Chuky san jose
2026-03-11 14:07:42.577 | WARNING  | images:telecharger_toutes_images:173 - [3/175] pas de photo sur ce joueur Alfie Pond
2026-03-11 14:07:42.660 | WARNING  | images:telecharger_toutes_images:173 - [4/175] pas de photo sur ce joueur Mikey Moore
2026-03-11 14:07:42.684 | WARNING  | images:telecharger_toutes_images:173 - [5/175] pas de photo sur ce joueur Florian Micheler
2026-03-11 14:07:43.829 | WARNING  | images:telecharger_toutes_images:173 - [6/175] pas de photo sur ce joueur Arnau Rafús
2026-03-11 14:07:44.009 | WARNING  | images:telecharger_toutes_images:173 - [7/175] pas de photo sur ce joueur Valentín Pezzolesi
2026-03-11 14:07:44.024 | WARNING  | images:telecharger_toutes_images:173 - [8/175] pas de photo sur ce joueur Marco Sala
2026-03-11 14:07:44.027 | WARNING  | images:telecharger_toutes_images:173 - [9/175] pas de photo sur ce joueur Alessio Iovine
2026-03-11 14:07:44.082 | WARNING  | images:telecharger_toutes_images:173 - [10/175] pas de photo sur ce joueur Thiago Ojeda
2026-03-11 14:07:45.506 | WARNING  | images:telecharger_toutes_images:173 - [11/175] pas de photo sur ce joueur Seydouba Cissé
2026-03-11 14:07:45.515 | WARNING  | images:telecharger_toutes_images:173 - [12/175] pas de photo sur ce joueur Yael Mouanga
2026-03-11 14:07:46.491 | WARNING  | images:telecharger_toutes_images:173 - [13/175] pas de photo sur ce joueur Olabade Aluko
2026-03-11 14:07:46.495 | WARNING  | images:telecharger_toutes_images:173 - [14/175] pas de photo sur ce joueur Abdoulaye Keita
2026-03-11 14:07:46.575 | WARNING  | images:telecharger_toutes_images:173 - [15/175] pas de photo sur ce joueur Eros Maddy
2026-03-11 14:07:46.945 | WARNING  | images:telecharger_toutes_images:173 - [16/175] pas de photo sur ce joueur Marwann Nzuzi
2026-03-11 14:07:46.952 | WARNING  | images:telecharger_toutes_images:173 - [17/175] pas de photo sur ce joueur Alessandro Gabrielloni
2026-03-11 14:07:47.757 | WARNING  | images:telecharger_toutes_images:173 - [18/175] pas de photo sur ce joueur Roger Hinojo
2026-03-11 14:07:47.764 | WARNING  | images:telecharger_toutes_images:173 - [19/175] pas de photo sur ce joueur Maat Daniel Caprini
2026-03-11 14:07:47.767 | WARNING  | images:telecharger_toutes_images:173 - [20/175] pas de photo sur ce joueur Omari Forson
2026-03-11 14:07:48.061 | WARNING  | images:telecharger_toutes_images:173 - [21/175] pas de photo sur ce joueur Remy Rees-Dottin
2026-03-11 14:07:48.445 | WARNING  | images:telecharger_toutes_images:173 - [22/175] pas de photo sur ce joueur Peter González
2026-03-11 14:07:48.976 | WARNING  | images:telecharger_toutes_images:173 - [23/175] pas de photo sur ce joueur Alessio Cacciamani
2026-03-11 14:07:49.236 | WARNING  | images:telecharger_toutes_images:173 - [24/175] pas de photo sur ce joueur Jacob Greaves
2026-03-11 14:07:49.237 | WARNING  | images:telecharger_toutes_images:173 - [25/175] pas de photo sur ce joueur Aaron Ciammaglichella
2026-03-11 14:07:49.266 | WARNING  | images:telecharger_toutes_images:173 - [26/175] pas de photo sur ce joueur Yarek Gasiorowski
2026-03-11 14:07:50.069 | WARNING  | images:telecharger_toutes_images:173 - [27/175] pas de photo sur ce joueur Adrian Baquerin
2026-03-11 14:07:50.583 | WARNING  | images:telecharger_toutes_images:173 - [28/175] pas de photo sur ce joueur Mats Pannewig
2026-03-11 14:07:50.603 | WARNING  | images:telecharger_toutes_images:173 - [29/175] pas de photo sur ce joueur Javi Martón
2026-03-11 14:07:50.614 | WARNING  | images:telecharger_toutes_images:173 - [30/175] pas de photo sur ce joueur Aboubacar Bassinga
2026-03-11 14:07:51.276 | WARNING  | images:telecharger_toutes_images:173 - [31/175] pas de photo sur ce joueur Domen Črnigoj
2026-03-11 14:07:51.383 | WARNING  | images:telecharger_toutes_images:173 - [32/175] pas de photo sur ce joueur Jay Robinson
2026-03-11 14:07:51.995 | WARNING  | images:telecharger_toutes_images:173 - [33/175] pas de photo sur ce joueur Tommaso Gabellini
2026-03-11 14:07:52.239 | WARNING  | images:telecharger_toutes_images:173 - [34/175] pas de photo sur ce joueur Zain Silcott-Duberry
2026-03-11 14:07:52.257 | WARNING  | images:telecharger_toutes_images:173 - [35/175] pas de photo sur ce joueur Ramón Sosa
2026-03-11 14:07:52.472 | WARNING  | images:telecharger_toutes_images:173 - [36/175] pas de photo sur ce joueur Beres Owusu
2026-03-11 14:07:52.655 | WARNING  | images:telecharger_toutes_images:173 - [37/175] pas de photo sur ce joueur Daniel Requena
2026-03-11 14:07:53.096 | WARNING  | images:telecharger_toutes_images:173 - [38/175] pas de photo sur ce joueur Simon Cara
2026-03-11 14:07:53.423 | WARNING  | images:telecharger_toutes_images:173 - [39/175] pas de photo sur ce joueur Joël Schingtienne
2026-03-11 14:07:53.628 | WARNING  | images:telecharger_toutes_images:173 - [40/175] pas de photo sur ce joueur Yael Nandjou
2026-03-11 14:07:53.857 | WARNING  | images:telecharger_toutes_images:173 - [41/175] pas de photo sur ce joueur Ibrahim Alani
2026-03-11 14:07:54.025 | WARNING  | images:telecharger_toutes_images:173 - [42/175] pas de photo sur ce joueur Sergio Viera
2026-03-11 14:07:54.125 | WARNING  | images:telecharger_toutes_images:173 - [43/175] pas de photo sur ce joueur David Torres
2026-03-11 14:07:54.991 | WARNING  | images:telecharger_toutes_images:173 - [44/175] pas de photo sur ce joueur Stefan Džodić
2026-03-11 14:07:55.058 | WARNING  | images:telecharger_toutes_images:173 - [45/175] pas de photo sur ce joueur Daniel Fila
2026-03-11 14:07:55.483 | WARNING  | images:telecharger_toutes_images:173 - [46/175] pas de photo sur ce joueur Dominik Javorček
2026-03-11 14:07:55.487 | WARNING  | images:telecharger_toutes_images:173 - [47/175] pas de photo sur ce joueur Will Alves
2026-03-11 14:07:55.623 | WARNING  | images:telecharger_toutes_images:173 - [48/175] pas de photo sur ce joueur Jeremy Agbonifo
2026-03-11 14:07:56.525 | WARNING  | images:telecharger_toutes_images:173 - [49/175] pas de photo sur ce joueur Richie Sagrado
2026-03-11 14:07:57.096 | WARNING  | images:telecharger_toutes_images:173 - [50/175] pas de photo sur ce joueur Enzo Caumont
2026-03-11 14:07:57.101 | WARNING  | images:telecharger_toutes_images:173 - [51/175] pas de photo sur ce joueur Aristide Zossou
2026-03-11 14:07:57.160 | WARNING  | images:telecharger_toutes_images:173 - [52/175] pas de photo sur ce joueur Adrian Benedyczak
2026-03-11 14:07:57.580 | WARNING  | images:telecharger_toutes_images:173 - [53/175] pas de photo sur ce joueur Lewis Orford
2026-03-11 14:07:57.976 | WARNING  | images:telecharger_toutes_images:173 - [54/175] pas de photo sur ce joueur Daniel Díaz
2026-03-11 14:07:58.396 | WARNING  | images:telecharger_toutes_images:173 - [55/175] pas de photo sur ce joueur Álvaro djaló
2026-03-11 14:07:58.498 | WARNING  | images:telecharger_toutes_images:173 - [56/175] pas de photo sur ce joueur Nathan Broadhead
2026-03-11 14:07:58.606 | WARNING  | images:telecharger_toutes_images:173 - [57/175] pas de photo sur ce joueur Alberto Marí
2026-03-11 14:07:58.894 | WARNING  | images:telecharger_toutes_images:173 - [58/175] pas de photo sur ce joueur Jeremy Monga
2026-03-11 14:07:59.587 | WARNING  | images:telecharger_toutes_images:173 - [59/175] pas de photo sur ce joueur Nathan Wood-Gordon
2026-03-11 14:07:59.800 | WARNING  | images:telecharger_toutes_images:173 - [60/175] pas de photo sur ce joueur Semuel Pizzignacco
2026-03-11 14:07:59.819 | WARNING  | images:telecharger_toutes_images:173 - [61/175] pas de photo sur ce joueur Jota Silva
2026-03-11 14:07:59.911 | WARNING  | images:telecharger_toutes_images:173 - [62/175] pas de photo sur ce joueur Carlos Guirao
2026-03-11 14:08:00.026 | WARNING  | images:telecharger_toutes_images:173 - [63/175] pas de photo sur ce joueur Toby Collyer
2026-03-11 14:08:01.077 | WARNING  | images:telecharger_toutes_images:173 - [64/175] pas de photo sur ce joueur Lucas Oliveira Rosa
2026-03-11 14:08:01.197 | WARNING  | images:telecharger_toutes_images:173 - [65/175] pas de photo sur ce joueur Daniel Bandeira
2026-03-11 14:08:01.223 | WARNING  | images:telecharger_toutes_images:173 - [66/175] pas de photo sur ce joueur Eloge Zabi
2026-03-11 14:08:01.310 | WARNING  | images:telecharger_toutes_images:173 - [67/175] pas de photo sur ce joueur Gabriel Bares
2026-03-11 14:08:01.365 | WARNING  | images:telecharger_toutes_images:173 - [68/175] pas de photo sur ce joueur Ben Brereton
2026-03-11 14:08:02.219 | WARNING  | images:telecharger_toutes_images:173 - [69/175] pas de photo sur ce joueur Benjamin Bouchouari
2026-03-11 14:08:02.455 | WARNING  | images:telecharger_toutes_images:173 - [70/175] pas de photo sur ce joueur Augustine Boakye
2026-03-11 14:08:02.510 | WARNING  | images:telecharger_toutes_images:173 - [71/175] pas de photo sur ce joueur Paul Joly
2026-03-11 14:08:02.681 | WARNING  | images:telecharger_toutes_images:173 - [72/175] pas de photo sur ce joueur Jan Salas
2026-03-11 14:08:02.895 | WARNING  | images:telecharger_toutes_images:173 - [73/175] pas de photo sur ce joueur Adrian Niño
2026-03-11 14:08:03.509 | WARNING  | images:telecharger_toutes_images:173 - [74/175] pas de photo sur ce joueur Antoine Hainaut
2026-03-11 14:08:03.589 | WARNING  | images:telecharger_toutes_images:173 - [75/175] pas de photo sur ce joueur Alessandro Vogliacco
2026-03-11 14:08:03.869 | WARNING  | images:telecharger_toutes_images:173 - [76/175] pas de photo sur ce joueur Álvaro Pascual
2026-03-11 14:08:03.871 | WARNING  | images:telecharger_toutes_images:173 - [77/175] pas de photo sur ce joueur Kacper Koscierski
2026-03-11 14:08:04.319 | WARNING  | images:telecharger_toutes_images:173 - [78/175] pas de photo sur ce joueur Rodrigo Abajas
2026-03-11 14:08:04.850 | WARNING  | images:telecharger_toutes_images:173 - [79/175] pas de photo sur ce joueur Roman Dixon
2026-03-11 14:08:04.989 | WARNING  | images:telecharger_toutes_images:173 - [80/175] pas de photo sur ce joueur Hiroki Sekine
2026-03-11 14:08:05.074 | WARNING  | images:telecharger_toutes_images:173 - [81/175] pas de photo sur ce joueur Florian Ayé
2026-03-11 14:08:05.352 | WARNING  | images:telecharger_toutes_images:173 - [82/175] pas de photo sur ce joueur Endika Buján
2026-03-11 14:08:05.636 | WARNING  | images:telecharger_toutes_images:173 - [83/175] pas de photo sur ce joueur Ben Lhassine Kone
2026-03-11 14:08:06.505 | WARNING  | images:telecharger_toutes_images:173 - [84/175] pas de photo sur ce joueur Harry Amass
2026-03-11 14:08:06.507 | WARNING  | images:telecharger_toutes_images:173 - [85/175] pas de photo sur ce joueur José Carlos González
2026-03-11 14:08:06.509 | WARNING  | images:telecharger_toutes_images:173 - [86/175] pas de photo sur ce joueur Lior Kasa
2026-03-11 14:08:06.937 | WARNING  | images:telecharger_toutes_images:173 - [87/175] pas de photo sur ce joueur Federico Accornero
2026-03-11 14:08:07.004 | WARNING  | images:telecharger_toutes_images:173 - [88/175] pas de photo sur ce joueur Etienne Eto'o
2026-03-11 14:08:07.541 | WARNING  | images:telecharger_toutes_images:173 - [89/175] pas de photo sur ce joueur Ayman Aiki
2026-03-11 14:08:07.767 | WARNING  | images:telecharger_toutes_images:173 - [90/175] pas de photo sur ce joueur Ryan Manning
2026-03-11 14:08:08.016 | WARNING  | images:telecharger_toutes_images:173 - [91/175] pas de photo sur ce joueur Arturo Rodríguez
2026-03-11 14:08:08.099 | WARNING  | images:telecharger_toutes_images:173 - [92/175] pas de photo sur ce joueur Ben Viadere
2026-03-11 14:08:08.293 | WARNING  | images:telecharger_toutes_images:173 - [93/175] pas de photo sur ce joueur Faik Sakar
2026-03-11 14:08:08.718 | WARNING  | images:telecharger_toutes_images:173 - [94/175] pas de photo sur ce joueur Darío Fuentes
2026-03-11 14:08:08.876 | WARNING  | images:telecharger_toutes_images:173 - [95/175] pas de photo sur ce joueur Carlos Forbs
2026-03-11 14:08:09.125 | WARNING  | images:telecharger_toutes_images:173 - [96/175] pas de photo sur ce joueur Michael Svoboda
2026-03-11 14:08:09.204 | WARNING  | images:telecharger_toutes_images:173 - [97/175] pas de photo sur ce joueur David Akpan Ankeye
2026-03-11 14:08:10.081 | WARNING  | images:telecharger_toutes_images:173 - [98/175] pas de photo sur ce joueur Ivan Jaime Pajuelo
2026-03-11 14:08:10.088 | WARNING  | images:telecharger_toutes_images:173 - [99/175] pas de photo sur ce joueur Malcolm Jeng
2026-03-11 14:08:10.123 | WARNING  | images:telecharger_toutes_images:173 - [100/175] pas de photo sur ce joueur Mateo Pellegrino
2026-03-11 14:08:10.586 | WARNING  | images:telecharger_toutes_images:173 - [101/175] pas de photo sur ce joueur Ilyes Housni
2026-03-11 14:08:10.654 | WARNING  | images:telecharger_toutes_images:173 - [102/175] pas de photo sur ce joueur Marcus Harness
2026-03-11 14:08:11.697 | WARNING  | images:telecharger_toutes_images:173 - [103/175] pas de photo sur ce joueur Will Lankshear
2026-03-11 14:08:11.723 | WARNING  | images:telecharger_toutes_images:173 - [104/175] pas de photo sur ce joueur Raúl Moro
2026-03-11 14:08:11.723 | WARNING  | images:telecharger_toutes_images:173 - [105/175] pas de photo sur ce joueur Paulo Azzi
2026-03-11 14:08:12.229 | WARNING  | images:telecharger_toutes_images:173 - [106/175] pas de photo sur ce joueur Pica
2026-03-11 14:08:12.305 | WARNING  | images:telecharger_toutes_images:173 - [107/175] pas de photo sur ce joueur Gabin Capuano
2026-03-11 14:08:12.849 | WARNING  | images:telecharger_toutes_images:173 - [108/175] pas de photo sur ce joueur Lucas Bergvall
2026-03-11 14:08:12.977 | WARNING  | images:telecharger_toutes_images:173 - [109/175] pas de photo sur ce joueur Jacopo Bacci
2026-03-11 14:08:13.653 | WARNING  | images:telecharger_toutes_images:173 - [110/175] pas de photo sur ce joueur Diego Iturralde
2026-03-11 14:08:13.865 | WARNING  | images:telecharger_toutes_images:173 - [111/175] pas de photo sur ce joueur Justin Smith
2026-03-11 14:08:13.900 | WARNING  | images:telecharger_toutes_images:173 - [112/175] pas de photo sur ce joueur Lucas Stassin
2026-03-11 14:08:14.411 | WARNING  | images:telecharger_toutes_images:173 - [113/175] pas de photo sur ce joueur Harry Clarke
2026-03-11 14:08:14.428 | WARNING  | images:telecharger_toutes_images:173 - [114/175] pas de photo sur ce joueur Mickael Nade
2026-03-11 14:08:15.032 | WARNING  | images:telecharger_toutes_images:173 - [115/175] pas de photo sur ce joueur Lorenzo Tosto
2026-03-11 14:08:15.123 | WARNING  | images:telecharger_toutes_images:173 - [116/175] pas de photo sur ce joueur Welington
2026-03-11 14:08:15.477 | WARNING  | images:telecharger_toutes_images:173 - [117/175] pas de photo sur ce joueur Mateo Mejía
2026-03-11 14:08:15.729 | WARNING  | images:telecharger_toutes_images:173 - [118/175] pas de photo sur ce joueur Giorgio Altare
2026-03-11 14:08:15.751 | WARNING  | images:telecharger_toutes_images:173 - [119/175] pas de photo sur ce joueur Mory Gbane
2026-03-11 14:08:16.501 | WARNING  | images:telecharger_toutes_images:173 - [120/175] pas de photo sur ce joueur Plamedi Nsingi
2026-03-11 14:08:16.503 | WARNING  | images:telecharger_toutes_images:173 - [121/175] pas de photo sur ce joueur Alfie Dorrington
2026-03-11 14:08:17.197 | WARNING  | images:telecharger_toutes_images:173 - [122/175] pas de photo sur ce joueur Milos Lukovic
2026-03-11 14:08:17.199 | WARNING  | images:telecharger_toutes_images:173 - [123/175] pas de photo sur ce joueur Bob Murphy Omoregbe
2026-03-11 14:08:17.233 | WARNING  | images:telecharger_toutes_images:173 - [124/175] pas de photo sur ce joueur Loïc N'Gatta
2026-03-11 14:08:18.076 | WARNING  | images:telecharger_toutes_images:173 - [125/175] pas de photo sur ce joueur Mario Maroto
2026-03-11 14:08:18.085 | WARNING  | images:telecharger_toutes_images:173 - [126/175] pas de photo sur ce joueur Jailson Siqueira
2026-03-11 14:08:18.652 | WARNING  | images:telecharger_toutes_images:173 - [127/175] pas de photo sur ce joueur Issa Doumbia
2026-03-11 14:08:18.654 | WARNING  | images:telecharger_toutes_images:173 - [128/175] pas de photo sur ce joueur Aingeru Olabarrieta
2026-03-11 14:08:18.760 | WARNING  | images:telecharger_toutes_images:173 - [129/175] pas de photo sur ce joueur Xavier Moreno
2026-03-11 14:08:19.774 | WARNING  | images:telecharger_toutes_images:173 - [130/175] pas de photo sur ce joueur Nicolas Pays
2026-03-11 14:08:19.785 | WARNING  | images:telecharger_toutes_images:173 - [131/175] pas de photo sur ce joueur Diego
2026-03-11 14:08:20.497 | WARNING  | images:telecharger_toutes_images:173 - [132/175] pas de photo sur ce joueur Kevin Martins
2026-03-11 14:08:20.513 | WARNING  | images:telecharger_toutes_images:173 - [133/175] pas de photo sur ce joueur Ben Winterburn
2026-03-11 14:08:20.548 | WARNING  | images:telecharger_toutes_images:173 - [134/175] pas de photo sur ce joueur Kembo Diliwidi
2026-03-11 14:08:21.038 | WARNING  | images:telecharger_toutes_images:173 - [135/175] pas de photo sur ce joueur Mateus Mane
2026-03-11 14:08:21.139 | WARNING  | images:telecharger_toutes_images:173 - [136/175] pas de photo sur ce joueur Nunzio Lella
2026-03-11 14:08:22.268 | WARNING  | images:telecharger_toutes_images:173 - [137/175] pas de photo sur ce joueur Gabriel Charpentier
2026-03-11 14:08:22.285 | WARNING  | images:telecharger_toutes_images:173 - [138/175] pas de photo sur ce joueur Enzo Sternal
2026-03-11 14:08:22.302 | WARNING  | images:telecharger_toutes_images:173 - [139/175] pas de photo sur ce joueur Abdoul Koné
2026-03-11 14:08:22.725 | WARNING  | images:telecharger_toutes_images:173 - [140/175] pas de photo sur ce joueur Rafael Bauza
2026-03-11 14:08:22.738 | WARNING  | images:telecharger_toutes_images:173 - [141/175] pas de photo sur ce joueur Iago Parente
2026-03-11 14:08:23.434 | WARNING  | images:telecharger_toutes_images:173 - [142/175] pas de photo sur ce joueur Emmanuel Koum Mbondo
2026-03-11 14:08:23.636 | WARNING  | images:telecharger_toutes_images:173 - [143/175] pas de photo sur ce joueur Fellipe Jack
2026-03-11 14:08:23.701 | WARNING  | images:telecharger_toutes_images:173 - [144/175] pas de photo sur ce joueur Nabil Aberdin
2026-03-11 14:08:23.965 | WARNING  | images:telecharger_toutes_images:173 - [145/175] pas de photo sur ce joueur Jake Evans
2026-03-11 14:08:24.324 | WARNING  | images:telecharger_toutes_images:173 - [146/175] pas de photo sur ce joueur Thomas Campaniello
2026-03-11 14:08:25.052 | WARNING  | images:telecharger_toutes_images:173 - [147/175] pas de photo sur ce joueur Victor Orakpo
2026-03-11 14:08:25.151 | WARNING  | images:telecharger_toutes_images:173 - [148/175] pas de photo sur ce joueur Kingstone Mutandwa
2026-03-11 14:08:25.228 | WARNING  | images:telecharger_toutes_images:173 - [149/175] pas de photo sur ce joueur Kaelan Casey
2026-03-11 14:08:25.455 | WARNING  | images:telecharger_toutes_images:173 - [150/175] pas de photo sur ce joueur Pelayo Fernandez
2026-03-11 14:08:25.463 | WARNING  | images:telecharger_toutes_images:173 - [151/175] pas de photo sur ce joueur Tommaso Rubino
2026-03-11 14:08:26.474 | WARNING  | images:telecharger_toutes_images:173 - [152/175] pas de photo sur ce joueur Israel Domínguez
2026-03-11 14:08:26.536 | WARNING  | images:telecharger_toutes_images:173 - [153/175] pas de photo sur ce joueur Alphadjo Cissè
2026-03-11 14:08:27.004 | WARNING  | images:telecharger_toutes_images:173 - [154/175] pas de photo sur ce joueur Niama Sissoko
2026-03-11 14:08:27.054 | WARNING  | images:telecharger_toutes_images:173 - [155/175] pas de photo sur ce joueur Ümit Akdag
2026-03-11 14:08:27.057 | WARNING  | images:telecharger_toutes_images:173 - [156/175] pas de photo sur ce joueur Mateusz Kowalski
2026-03-11 14:08:28.027 | WARNING  | images:telecharger_toutes_images:173 - [157/175] pas de photo sur ce joueur Harry Howell
2026-03-11 14:08:28.029 | WARNING  | images:telecharger_toutes_images:173 - [158/175] pas de photo sur ce joueur Diego Martín
2026-03-11 14:08:28.106 | WARNING  | images:telecharger_toutes_images:173 - [159/175] pas de photo sur ce joueur Diego Pugno
2026-03-11 14:08:28.433 | WARNING  | images:telecharger_toutes_images:173 - [160/175] pas de photo sur ce joueur Harrison Armstrong
2026-03-11 14:08:28.569 | WARNING  | images:telecharger_toutes_images:173 - [161/175] pas de photo sur ce joueur Luke Woolfenden
2026-03-11 14:08:29.437 | WARNING  | images:telecharger_toutes_images:173 - [162/175] pas de photo sur ce joueur Mohamed Haj
2026-03-11 14:08:29.447 | WARNING  | images:telecharger_toutes_images:173 - [163/175] pas de photo sur ce joueur Alen Sherri
2026-03-11 14:08:29.469 | WARNING  | images:telecharger_toutes_images:173 - [164/175] pas de photo sur ce joueur Wilfried Ndollo
2026-03-11 14:08:30.034 | WARNING  | images:telecharger_toutes_images:173 - [165/175] pas de photo sur ce joueur Iker Córdoba
2026-03-11 14:08:30.095 | WARNING  | images:telecharger_toutes_images:173 - [166/175] pas de photo sur ce joueur Antoine Makoumbou
2026-03-11 14:08:30.550 | WARNING  | images:telecharger_toutes_images:173 - [167/175] pas de photo sur ce joueur Andrea Mazza
2026-03-11 14:08:30.800 | WARNING  | images:telecharger_toutes_images:173 - [168/175] pas de photo sur ce joueur Martín Tejón
2026-03-11 14:08:30.816 | WARNING  | images:telecharger_toutes_images:173 - [169/175] pas de photo sur ce joueur Hafiz Ibrahim
2026-03-11 14:08:31.215 | WARNING  | images:telecharger_toutes_images:173 - [170/175] pas de photo sur ce joueur Yoann Cissé
2026-03-11 14:08:31.465 | WARNING  | images:telecharger_toutes_images:173 - [171/175] pas de photo sur ce joueur Daniel Rodriguez
2026-03-11 14:08:31.679 | WARNING  | images:telecharger_toutes_images:173 - [172/175] pas de photo sur ce joueur Kévin Pedro
2026-03-11 14:08:31.930 | WARNING  | images:telecharger_toutes_images:173 - [173/175] pas de photo sur ce joueur Casper Tengstedt
2026-03-11 14:08:31.955 | WARNING  | images:telecharger_toutes_images:173 - [174/175] pas de photo sur ce joueur Sergio Arribas
2026-03-11 14:08:32.472 | WARNING  | images:telecharger_toutes_images:173 - [175/175] pas de photo sur ce joueur Paul Hennrich
2026-03-11 14:08:32.474 | SUCCESS  | images:telecharger_toutes_images:175 - 0/175 images téléchargées
2026-03-11 14:08:32.475 | INFO     | __main__:main:85 - Téléchargement des logos des clubs...
2026-03-11 14:08:32.475 | INFO     | logos:recuperer_cookies_fbref:27 - Récupération des cookies FBref via Playwright...
2026-03-11 14:08:34.578 | INFO     | logos:recuperer_cookies_fbref:47 - Attente passage Cloudflare (30s)...
2026-03-11 14:09:05.095 | SUCCESS  | logos:recuperer_cookies_fbref:57 - ✅ 10 cookies récupérés
2026-03-11 14:09:05.096 | INFO     | logos:telecharger_tous_logos:210 - Scraping logos : Premier League
2026-03-11 14:09:06.206 | INFO     | logos:scraper_logos_depuis_page:118 - Logo trouvé : Liverpool → https://cdn.ssref.net/req/202602161/tlogo/fb/mini.822bd0ba.png
2026-03-11 14:09:06.212 | INFO     | logos:scraper_logos_depuis_page:118 - Logo trouvé : Arsenal → https://cdn.ssref.net/req/202602161/tlogo/fb/mini.18bb7c10.png
2026-03-11 14:09:06.212 | INFO     | logos:scraper_logos_depuis_page:118 - Logo trouvé : Manchester City → https://cdn.ssref.net/req/202602161/tlogo/fb/mini.b8fd03ef.png
2026-03-11 14:09:06.213 | INFO     | logos:scraper_logos_depuis_page:118 - Logo trouvé : Chelsea → https://cdn.ssref.net/req/202602161/tlogo/fb/mini.cff3d9bb.png
2026-03-11 14:09:06.213 | INFO     | logos:scraper_logos_depuis_page:118 - Logo trouvé : Newcastle United → https://cdn.ssref.net/req/202602161/tlogo/fb/mini.b2b47a98.png
2026-03-11 14:09:06.213 | INFO     | logos:scraper_logos_depuis_page:118 - Logo trouvé : Aston Villa → https://cdn.ssref.net/req/202602161/tlogo/fb/mini.8602292d.png
2026-03-11 14:09:06.214 | INFO     | logos:scraper_logos_depuis_page:118 - Logo trouvé : Nottingham Forest → https://cdn.ssref.net/req/202602161/tlogo/fb/mini.e4a775cb.png
2026-03-11 14:09:06.214 | INFO     | logos:scraper_logos_depuis_page:118 - Logo trouvé : Brighton → https://cdn.ssref.net/req/202602161/tlogo/fb/mini.d07537b9.png
2026-03-11 14:09:06.214 | INFO     | logos:scraper_logos_depuis_page:118 - Logo trouvé : Bournemouth → https://cdn.ssref.net/req/202602161/tlogo/fb/mini.4ba7cbea.png
2026-03-11 14:09:06.215 | INFO     | logos:scraper_logos_depuis_page:118 - Logo trouvé : Brentford → https://cdn.ssref.net/req/202602161/tlogo/fb/mini.cd051869.png
2026-03-11 14:09:06.215 | INFO     | logos:scraper_logos_depuis_page:118 - Logo trouvé : Fulham → https://cdn.ssref.net/req/202602161/tlogo/fb/mini.fd962109.png
2026-03-11 14:09:06.215 | INFO     | logos:scraper_logos_depuis_page:118 - Logo trouvé : Crystal Palace → https://cdn.ssref.net/req/202602161/tlogo/fb/mini.47c64c55.png
2026-03-11 14:09:06.216 | INFO     | logos:scraper_logos_depuis_page:118 - Logo trouvé : Everton → https://cdn.ssref.net/req/202602161/tlogo/fb/mini.d3fd31cc.png
2026-03-11 14:09:06.216 | INFO     | logos:scraper_logos_depuis_page:118 - Logo trouvé : West Ham United → https://cdn.ssref.net/req/202602161/tlogo/fb/mini.7c21e445.png
2026-03-11 14:09:06.216 | INFO     | logos:scraper_logos_depuis_page:118 - Logo trouvé : Manchester Utd → https://cdn.ssref.net/req/202602161/tlogo/fb/mini.19538871.png
2026-03-11 14:09:06.217 | INFO     | logos:scraper_logos_depuis_page:118 - Logo trouvé : Wolves → https://cdn.ssref.net/req/202602161/tlogo/fb/mini.8cec06e1.png
2026-03-11 14:09:06.217 | INFO     | logos:scraper_logos_depuis_page:118 - Logo trouvé : Tottenham Hotspur → https://cdn.ssref.net/req/202602161/tlogo/fb/mini.361ca564.png
2026-03-11 14:09:06.218 | INFO     | logos:scraper_logos_depuis_page:118 - Logo trouvé : Leicester City → https://cdn.ssref.net/req/202602161/tlogo/fb/mini.a2d435b3.png
2026-03-11 14:09:06.218 | INFO     | logos:scraper_logos_depuis_page:118 - Logo trouvé : Ipswich Town → https://cdn.ssref.net/req/202602161/tlogo/fb/mini.b74092de.png
2026-03-11 14:09:06.218 | INFO     | logos:scraper_logos_depuis_page:118 - Logo trouvé : Southampton → https://cdn.ssref.net/req/202602161/tlogo/fb/mini.33c895d4.png
2026-03-11 14:09:06.219 | SUCCESS  | logos:scraper_logos_depuis_page:120 - Premier League : 20 logos trouvés
2026-03-11 14:09:09.457 | INFO     | logos:telecharger_tous_logos:210 - Scraping logos : La Liga
2026-03-11 14:09:11.110 | INFO     | logos:scraper_logos_depuis_page:118 - Logo trouvé : Barcelona → https://cdn.ssref.net/req/202602161/tlogo/fb/mini.206d90db.png
2026-03-11 14:09:11.111 | INFO     | logos:scraper_logos_depuis_page:118 - Logo trouvé : Real Madrid → https://cdn.ssref.net/req/202602161/tlogo/fb/mini.53a2f082.png
2026-03-11 14:09:11.111 | INFO     | logos:scraper_logos_depuis_page:118 - Logo trouvé : Atlético Madrid → https://cdn.ssref.net/req/202602161/tlogo/fb/mini.db3b9613.png
2026-03-11 14:09:11.112 | INFO     | logos:scraper_logos_depuis_page:118 - Logo trouvé : Athletic Club → https://cdn.ssref.net/req/202602161/tlogo/fb/mini.2b390eca.png
2026-03-11 14:09:11.112 | INFO     | logos:scraper_logos_depuis_page:118 - Logo trouvé : Villarreal → https://cdn.ssref.net/req/202602161/tlogo/fb/mini.2a8183b3.png
2026-03-11 14:09:11.112 | INFO     | logos:scraper_logos_depuis_page:118 - Logo trouvé : Real Betis → https://cdn.ssref.net/req/202602161/tlogo/fb/mini.fc536746.png
2026-03-11 14:09:11.113 | INFO     | logos:scraper_logos_depuis_page:118 - Logo trouvé : Celta Vigo → https://cdn.ssref.net/req/202602161/tlogo/fb/mini.f25da7fb.png
2026-03-11 14:09:11.113 | INFO     | logos:scraper_logos_depuis_page:118 - Logo trouvé : Rayo Vallecano → https://cdn.ssref.net/req/202602161/tlogo/fb/mini.98e8af82.png
2026-03-11 14:09:11.114 | INFO     | logos:scraper_logos_depuis_page:118 - Logo trouvé : Osasuna → https://cdn.ssref.net/req/202602161/tlogo/fb/mini.03c57e2b.png
2026-03-11 14:09:11.114 | INFO     | logos:scraper_logos_depuis_page:118 - Logo trouvé : Mallorca → https://cdn.ssref.net/req/202602161/tlogo/fb/mini.2aa12281.png
2026-03-11 14:09:11.114 | INFO     | logos:scraper_logos_depuis_page:118 - Logo trouvé : Real Sociedad → https://cdn.ssref.net/req/202602161/tlogo/fb/mini.e31d1cd9.png
2026-03-11 14:09:11.115 | INFO     | logos:scraper_logos_depuis_page:118 - Logo trouvé : Valencia → https://cdn.ssref.net/req/202602161/tlogo/fb/mini.dcc91a7b.png
2026-03-11 14:09:11.115 | INFO     | logos:scraper_logos_depuis_page:118 - Logo trouvé : Getafe → https://cdn.ssref.net/req/202602161/tlogo/fb/mini.7848bd64.png
2026-03-11 14:09:11.115 | INFO     | logos:scraper_logos_depuis_page:118 - Logo trouvé : Espanyol → https://cdn.ssref.net/req/202602161/tlogo/fb/mini.a8661628.png
2026-03-11 14:09:11.116 | INFO     | logos:scraper_logos_depuis_page:118 - Logo trouvé : Alavés → https://cdn.ssref.net/req/202602161/tlogo/fb/mini.8d6fd021.png
2026-03-11 14:09:11.116 | INFO     | logos:scraper_logos_depuis_page:118 - Logo trouvé : Girona → https://cdn.ssref.net/req/202602161/tlogo/fb/mini.9024a00a.png
2026-03-11 14:09:11.116 | INFO     | logos:scraper_logos_depuis_page:118 - Logo trouvé : Sevilla → https://cdn.ssref.net/req/202602161/tlogo/fb/mini.ad2be733.png
2026-03-11 14:09:11.117 | INFO     | logos:scraper_logos_depuis_page:118 - Logo trouvé : Leganés → https://cdn.ssref.net/req/202602161/tlogo/fb/mini.7c6f2c78.png
2026-03-11 14:09:11.117 | INFO     | logos:scraper_logos_depuis_page:118 - Logo trouvé : Las Palmas → https://cdn.ssref.net/req/202602161/tlogo/fb/mini.0049d422.png
2026-03-11 14:09:11.117 | INFO     | logos:scraper_logos_depuis_page:118 - Logo trouvé : Valladolid → https://cdn.ssref.net/req/202602161/tlogo/fb/mini.17859612.png
2026-03-11 14:09:11.118 | SUCCESS  | logos:scraper_logos_depuis_page:120 - La Liga : 20 logos trouvés
2026-03-11 14:09:15.054 | INFO     | logos:telecharger_tous_logos:210 - Scraping logos : Serie A
2026-03-11 14:09:16.730 | INFO     | logos:scraper_logos_depuis_page:118 - Logo trouvé : Napoli → https://cdn.ssref.net/req/202602161/tlogo/fb/mini.d48ad4ff.png
2026-03-11 14:09:16.730 | INFO     | logos:scraper_logos_depuis_page:118 - Logo trouvé : Inter → https://cdn.ssref.net/req/202602161/tlogo/fb/mini.d609edc0.png
2026-03-11 14:09:16.731 | INFO     | logos:scraper_logos_depuis_page:118 - Logo trouvé : Atalanta → https://cdn.ssref.net/req/202602161/tlogo/fb/mini.922493f3.png
2026-03-11 14:09:16.731 | INFO     | logos:scraper_logos_depuis_page:118 - Logo trouvé : Juventus → https://cdn.ssref.net/req/202602161/tlogo/fb/mini.e0652b02.png
2026-03-11 14:09:16.731 | INFO     | logos:scraper_logos_depuis_page:118 - Logo trouvé : Roma → https://cdn.ssref.net/req/202602161/tlogo/fb/mini.cf74a709.png
2026-03-11 14:09:16.732 | INFO     | logos:scraper_logos_depuis_page:118 - Logo trouvé : Fiorentina → https://cdn.ssref.net/req/202602161/tlogo/fb/mini.421387cf.png
2026-03-11 14:09:16.732 | INFO     | logos:scraper_logos_depuis_page:118 - Logo trouvé : Lazio → https://cdn.ssref.net/req/202602161/tlogo/fb/mini.7213da33.png
2026-03-11 14:09:16.732 | INFO     | logos:scraper_logos_depuis_page:118 - Logo trouvé : Milan → https://cdn.ssref.net/req/202602161/tlogo/fb/mini.dc56fe14.png
2026-03-11 14:09:16.733 | INFO     | logos:scraper_logos_depuis_page:118 - Logo trouvé : Bologna → https://cdn.ssref.net/req/202602161/tlogo/fb/mini.1d8099f8.png
2026-03-11 14:09:16.733 | INFO     | logos:scraper_logos_depuis_page:118 - Logo trouvé : Como → https://cdn.ssref.net/req/202602161/tlogo/fb/mini.28c9c3cd.png
2026-03-11 14:09:16.734 | INFO     | logos:scraper_logos_depuis_page:118 - Logo trouvé : Torino → https://cdn.ssref.net/req/202602161/tlogo/fb/mini.105360fe.png
2026-03-11 14:09:16.734 | INFO     | logos:scraper_logos_depuis_page:118 - Logo trouvé : Udinese → https://cdn.ssref.net/req/202602161/tlogo/fb/mini.04eea015.png
2026-03-11 14:09:16.734 | INFO     | logos:scraper_logos_depuis_page:118 - Logo trouvé : Genoa → https://cdn.ssref.net/req/202602161/tlogo/fb/mini.658bf2de.png
2026-03-11 14:09:16.735 | INFO     | logos:scraper_logos_depuis_page:118 - Logo trouvé : Hellas Verona → https://cdn.ssref.net/req/202602161/tlogo/fb/mini.0e72edf2.png
2026-03-11 14:09:16.735 | INFO     | logos:scraper_logos_depuis_page:118 - Logo trouvé : Cagliari → https://cdn.ssref.net/req/202602161/tlogo/fb/mini.c4260e09.png
2026-03-11 14:09:16.735 | INFO     | logos:scraper_logos_depuis_page:118 - Logo trouvé : Parma → https://cdn.ssref.net/req/202602161/tlogo/fb/mini.eab4234c.png
2026-03-11 14:09:16.736 | INFO     | logos:scraper_logos_depuis_page:118 - Logo trouvé : Lecce → https://cdn.ssref.net/req/202602161/tlogo/fb/mini.ffcbe334.png
2026-03-11 14:09:16.736 | INFO     | logos:scraper_logos_depuis_page:118 - Logo trouvé : Empoli → https://cdn.ssref.net/req/202602161/tlogo/fb/mini.a3d88bd8.png
2026-03-11 14:09:16.737 | INFO     | logos:scraper_logos_depuis_page:118 - Logo trouvé : Venezia → https://cdn.ssref.net/req/202602161/tlogo/fb/mini.af5d5982.png
2026-03-11 14:09:16.737 | INFO     | logos:scraper_logos_depuis_page:118 - Logo trouvé : Monza → https://cdn.ssref.net/req/202602161/tlogo/fb/mini.21680aa4.png
2026-03-11 14:09:16.737 | SUCCESS  | logos:scraper_logos_depuis_page:120 - Serie A : 20 logos trouvés
2026-03-11 14:09:19.141 | INFO     | logos:telecharger_tous_logos:210 - Scraping logos : Ligue 1
2026-03-11 14:09:21.121 | INFO     | logos:scraper_logos_depuis_page:118 - Logo trouvé : Paris Saint-Germain → https://cdn.ssref.net/req/202602161/tlogo/fb/mini.e2d8892c.png
2026-03-11 14:09:21.121 | INFO     | logos:scraper_logos_depuis_page:118 - Logo trouvé : Marseille → https://cdn.ssref.net/req/202602161/tlogo/fb/mini.5725cc7b.png
2026-03-11 14:09:21.122 | INFO     | logos:scraper_logos_depuis_page:118 - Logo trouvé : Monaco → https://cdn.ssref.net/req/202602161/tlogo/fb/mini.fd6114db.png
2026-03-11 14:09:21.122 | INFO     | logos:scraper_logos_depuis_page:118 - Logo trouvé : Nice → https://cdn.ssref.net/req/202602161/tlogo/fb/mini.132ebc33.png
2026-03-11 14:09:21.123 | INFO     | logos:scraper_logos_depuis_page:118 - Logo trouvé : Lille → https://cdn.ssref.net/req/202602161/tlogo/fb/mini.cb188c0c.png
2026-03-11 14:09:21.123 | INFO     | logos:scraper_logos_depuis_page:118 - Logo trouvé : Lyon → https://cdn.ssref.net/req/202602161/tlogo/fb/mini.d53c0b06.png
2026-03-11 14:09:21.124 | INFO     | logos:scraper_logos_depuis_page:118 - Logo trouvé : Strasbourg → https://cdn.ssref.net/req/202602161/tlogo/fb/mini.c0d3eab4.png
2026-03-11 14:09:21.124 | INFO     | logos:scraper_logos_depuis_page:118 - Logo trouvé : Lens → https://cdn.ssref.net/req/202602161/tlogo/fb/mini.fd4e0f7d.png
2026-03-11 14:09:21.125 | INFO     | logos:scraper_logos_depuis_page:118 - Logo trouvé : Brest → https://cdn.ssref.net/req/202602161/tlogo/fb/mini.fb08dbb3.png
2026-03-11 14:09:21.125 | INFO     | logos:scraper_logos_depuis_page:118 - Logo trouvé : Toulouse → https://cdn.ssref.net/req/202602161/tlogo/fb/mini.3f8c4b5f.png
2026-03-11 14:09:21.125 | INFO     | logos:scraper_logos_depuis_page:118 - Logo trouvé : Auxerre → https://cdn.ssref.net/req/202602161/tlogo/fb/mini.5ae09109.png
2026-03-11 14:09:21.126 | INFO     | logos:scraper_logos_depuis_page:118 - Logo trouvé : Rennes → https://cdn.ssref.net/req/202602161/tlogo/fb/mini.b3072e00.png
2026-03-11 14:09:21.126 | INFO     | logos:scraper_logos_depuis_page:118 - Logo trouvé : Nantes → https://cdn.ssref.net/req/202602161/tlogo/fb/mini.d7a486cd.png
2026-03-11 14:09:21.126 | INFO     | logos:scraper_logos_depuis_page:118 - Logo trouvé : Angers → https://cdn.ssref.net/req/202602161/tlogo/fb/mini.69236f98.png
2026-03-11 14:09:21.127 | INFO     | logos:scraper_logos_depuis_page:118 - Logo trouvé : Le Havre → https://cdn.ssref.net/req/202602161/tlogo/fb/mini.5c2737db.png
2026-03-11 14:09:21.127 | INFO     | logos:scraper_logos_depuis_page:118 - Logo trouvé : Reims → https://cdn.ssref.net/req/202602161/tlogo/fb/mini.7fdd64e0.png
2026-03-11 14:09:21.128 | INFO     | logos:scraper_logos_depuis_page:118 - Logo trouvé : Saint-Étienne → https://cdn.ssref.net/req/202602161/tlogo/fb/mini.d298ef2c.png
2026-03-11 14:09:21.128 | INFO     | logos:scraper_logos_depuis_page:118 - Logo trouvé : Montpellier → https://cdn.ssref.net/req/202602161/tlogo/fb/mini.281b0e73.png
2026-03-11 14:09:21.129 | SUCCESS  | logos:scraper_logos_depuis_page:120 - Ligue 1 : 18 logos trouvés
2026-03-11 14:09:24.247 | INFO     | logos:telecharger_tous_logos:210 - Scraping logos : Bundesliga
2026-03-11 14:09:26.250 | INFO     | logos:scraper_logos_depuis_page:118 - Logo trouvé : Bayern Munich → https://cdn.ssref.net/req/202602161/tlogo/fb/mini.054efa67.png
2026-03-11 14:09:26.251 | INFO     | logos:scraper_logos_depuis_page:118 - Logo trouvé : Leverkusen → https://cdn.ssref.net/req/202602161/tlogo/fb/mini.c7a9f859.png
2026-03-11 14:09:26.251 | INFO     | logos:scraper_logos_depuis_page:118 - Logo trouvé : Eintracht Frankfurt → https://cdn.ssref.net/req/202602161/tlogo/fb/mini.f0ac8ee6.png
2026-03-11 14:09:26.251 | INFO     | logos:scraper_logos_depuis_page:118 - Logo trouvé : Dortmund → https://cdn.ssref.net/req/202602161/tlogo/fb/mini.add600ae.png
2026-03-11 14:09:26.252 | INFO     | logos:scraper_logos_depuis_page:118 - Logo trouvé : Freiburg → https://cdn.ssref.net/req/202602161/tlogo/fb/mini.a486e511.png
2026-03-11 14:09:26.252 | INFO     | logos:scraper_logos_depuis_page:118 - Logo trouvé : Mainz 05 → https://cdn.ssref.net/req/202602161/tlogo/fb/mini.a224b06a.png
2026-03-11 14:09:26.253 | INFO     | logos:scraper_logos_depuis_page:118 - Logo trouvé : RB Leipzig → https://cdn.ssref.net/req/202602161/tlogo/fb/mini.acbb6a5b.png
2026-03-11 14:09:26.253 | INFO     | logos:scraper_logos_depuis_page:118 - Logo trouvé : Werder Bremen → https://cdn.ssref.net/req/202602161/tlogo/fb/mini.62add3bf.png
2026-03-11 14:09:26.253 | INFO     | logos:scraper_logos_depuis_page:118 - Logo trouvé : Stuttgart → https://cdn.ssref.net/req/202602161/tlogo/fb/mini.598bc722.png
2026-03-11 14:09:26.254 | INFO     | logos:scraper_logos_depuis_page:118 - Logo trouvé : Gladbach → https://cdn.ssref.net/req/202602161/tlogo/fb/mini.32f3ee20.png
2026-03-11 14:09:26.254 | INFO     | logos:scraper_logos_depuis_page:118 - Logo trouvé : Wolfsburg → https://cdn.ssref.net/req/202602161/tlogo/fb/mini.4eaa11d7.png
2026-03-11 14:09:26.255 | INFO     | logos:scraper_logos_depuis_page:118 - Logo trouvé : Augsburg → https://cdn.ssref.net/req/202602161/tlogo/fb/mini.0cdc4311.png
2026-03-11 14:09:26.255 | INFO     | logos:scraper_logos_depuis_page:118 - Logo trouvé : Union Berlin → https://cdn.ssref.net/req/202602161/tlogo/fb/mini.7a41008f.png
2026-03-11 14:09:26.255 | INFO     | logos:scraper_logos_depuis_page:118 - Logo trouvé : St Pauli → https://cdn.ssref.net/req/202602161/tlogo/fb/mini.54864664.png
2026-03-11 14:09:26.255 | INFO     | logos:scraper_logos_depuis_page:118 - Logo trouvé : Hoffenheim → https://cdn.ssref.net/req/202602161/tlogo/fb/mini.033ea6b8.png
2026-03-11 14:09:26.256 | INFO     | logos:scraper_logos_depuis_page:118 - Logo trouvé : Heidenheim → https://cdn.ssref.net/req/202602161/tlogo/fb/mini.18d9d2a7.png
2026-03-11 14:09:26.256 | INFO     | logos:scraper_logos_depuis_page:118 - Logo trouvé : Holstein Kiel → https://cdn.ssref.net/req/202602161/tlogo/fb/mini.2ac661d9.png
2026-03-11 14:09:26.256 | INFO     | logos:scraper_logos_depuis_page:118 - Logo trouvé : Bochum → https://cdn.ssref.net/req/202602161/tlogo/fb/mini.b42c6323.png
2026-03-11 14:09:26.256 | SUCCESS  | logos:scraper_logos_depuis_page:120 - Bundesliga : 18 logos trouvés
2026-03-11 14:09:28.382 | INFO     | logos:telecharger_tous_logos:218 - 96 logos à télécharger
2026-03-11 14:09:30.429 | WARNING  | logos:telecharger_logo:190 - Erreur 200 pour Arsenal
2026-03-11 14:09:30.452 | SUCCESS  | logos:telecharger_tous_logos:243 - [1/96] ✅ Liverpool (Premier League)
2026-03-11 14:09:30.463 | SUCCESS  | logos:telecharger_tous_logos:243 - [2/96] ✅ Manchester City (Premier League)
2026-03-11 14:09:30.471 | SUCCESS  | logos:telecharger_tous_logos:243 - [3/96] ✅ Newcastle United (Premier League)
2026-03-11 14:09:30.480 | SUCCESS  | logos:telecharger_tous_logos:243 - [4/96] ✅ Chelsea (Premier League)
2026-03-11 14:09:32.391 | WARNING  | logos:telecharger_logo:190 - Erreur 200 pour Aston Villa
2026-03-11 14:09:32.393 | WARNING  | logos:telecharger_logo:190 - Erreur 200 pour Nottingham Forest
2026-03-11 14:09:32.395 | WARNING  | logos:telecharger_logo:190 - Erreur 200 pour Bournemouth
2026-03-11 14:09:32.397 | WARNING  | logos:telecharger_logo:190 - Erreur 200 pour Brighton
2026-03-11 14:09:34.377 | WARNING  | logos:telecharger_logo:190 - Erreur 200 pour Arsenal
2026-03-11 14:09:36.191 | WARNING  | logos:telecharger_logo:190 - Erreur 200 pour Nottingham Forest
2026-03-11 14:09:36.198 | WARNING  | logos:telecharger_logo:190 - Erreur 200 pour Brighton
2026-03-11 14:09:36.204 | WARNING  | logos:telecharger_logo:190 - Erreur 200 pour Aston Villa
2026-03-11 14:09:36.286 | WARNING  | logos:telecharger_logo:190 - Erreur 200 pour Bournemouth
2026-03-11 14:09:38.368 | WARNING  | logos:telecharger_logo:190 - Erreur 200 pour Arsenal
2026-03-11 14:09:40.105 | WARNING  | logos:telecharger_logo:190 - Erreur 200 pour Nottingham Forest
2026-03-11 14:09:40.113 | WARNING  | logos:telecharger_logo:190 - Erreur 200 pour Brighton
2026-03-11 14:09:40.121 | WARNING  | logos:telecharger_logo:190 - Erreur 200 pour Aston Villa
2026-03-11 14:09:40.191 | WARNING  | logos:telecharger_logo:190 - Erreur 200 pour Bournemouth
2026-03-11 14:09:41.375 | WARNING  | logos:telecharger_tous_logos:245 - [5/96] ❌ Arsenal (Premier League)
2026-03-11 14:09:42.846 | SUCCESS  | logos:telecharger_tous_logos:243 - [6/96] ✅ Brentford (Premier League)
2026-03-11 14:09:43.118 | WARNING  | logos:telecharger_tous_logos:245 - [7/96] ❌ Nottingham Forest (Premier League)
2026-03-11 14:09:43.125 | WARNING  | logos:telecharger_tous_logos:245 - [8/96] ❌ Brighton (Premier League)
2026-03-11 14:09:43.129 | WARNING  | logos:telecharger_tous_logos:245 - [9/96] ❌ Aston Villa (Premier League)
2026-03-11 14:09:43.196 | WARNING  | logos:telecharger_tous_logos:245 - [10/96] ❌ Bournemouth (Premier League)
2026-03-11 14:09:44.712 | WARNING  | logos:telecharger_logo:190 - Erreur 200 pour Crystal Palace
2026-03-11 14:09:44.799 | WARNING  | logos:telecharger_logo:190 - Erreur 200 pour Everton
2026-03-11 14:09:44.800 | WARNING  | logos:telecharger_logo:190 - Erreur 200 pour Fulham
2026-03-11 14:09:44.801 | WARNING  | logos:telecharger_logo:190 - Erreur 200 pour West Ham United
2026-03-11 14:09:44.811 | SUCCESS  | logos:telecharger_tous_logos:243 - [11/96] ✅ Manchester Utd (Premier League)
2026-03-11 14:09:46.615 | WARNING  | logos:telecharger_logo:190 - Erreur 200 pour Wolves
2026-03-11 14:09:48.539 | WARNING  | logos:telecharger_logo:190 - Erreur 200 pour Everton
2026-03-11 14:09:48.543 | WARNING  | logos:telecharger_logo:190 - Erreur 200 pour Fulham
2026-03-11 14:09:48.544 | WARNING  | logos:telecharger_logo:190 - Erreur 200 pour Crystal Palace
2026-03-11 14:09:48.548 | WARNING  | logos:telecharger_logo:190 - Erreur 200 pour West Ham United
2026-03-11 14:09:50.761 | WARNING  | logos:telecharger_logo:190 - Erreur 200 pour Wolves
2026-03-11 14:09:52.324 | WARNING  | logos:telecharger_logo:190 - Erreur 200 pour Crystal Palace
2026-03-11 14:09:52.327 | WARNING  | logos:telecharger_logo:190 - Erreur 200 pour Everton
2026-03-11 14:09:52.332 | WARNING  | logos:telecharger_logo:190 - Erreur 200 pour Fulham
2026-03-11 14:09:52.336 | WARNING  | logos:telecharger_logo:190 - Erreur 200 pour West Ham United
2026-03-11 14:09:54.602 | WARNING  | logos:telecharger_logo:190 - Erreur 200 pour Wolves
2026-03-11 14:09:55.338 | WARNING  | logos:telecharger_tous_logos:245 - [12/96] ❌ Crystal Palace (Premier League)
2026-03-11 14:09:55.344 | WARNING  | logos:telecharger_tous_logos:245 - [13/96] ❌ Fulham (Premier League)
2026-03-11 14:09:55.344 | WARNING  | logos:telecharger_tous_logos:245 - [14/96] ❌ West Ham United (Premier League)
2026-03-11 14:09:55.345 | WARNING  | logos:telecharger_tous_logos:245 - [15/96] ❌ Everton (Premier League)
2026-03-11 14:09:57.254 | WARNING  | logos:telecharger_logo:190 - Erreur 200 pour Tottenham Hotspur
2026-03-11 14:09:57.256 | WARNING  | logos:telecharger_logo:190 - Erreur 200 pour Ipswich Town
2026-03-11 14:09:57.270 | WARNING  | logos:telecharger_logo:190 - Erreur 200 pour Leicester City
2026-03-11 14:09:57.320 | SUCCESS  | logos:telecharger_tous_logos:243 - [16/96] ✅ Southampton (Premier League)
2026-03-11 14:09:57.607 | WARNING  | logos:telecharger_tous_logos:245 - [17/96] ❌ Wolves (Premier League)
2026-03-11 14:09:58.636 | SUCCESS  | logos:telecharger_tous_logos:243 - [18/96] ✅ Barcelona (La Liga)
2026-03-11 14:09:59.687 | WARNING  | logos:telecharger_logo:190 - Erreur 200 pour Real Madrid
2026-03-11 14:10:00.055 | WARNING  | logos:telecharger_logo:190 - Erreur 200 pour Atlético Madrid
2026-03-11 14:10:01.377 | WARNING  | logos:telecharger_logo:190 - Erreur 200 pour Leicester City
2026-03-11 14:10:01.381 | WARNING  | logos:telecharger_logo:190 - Erreur 200 pour Ipswich Town
2026-03-11 14:10:01.383 | WARNING  | logos:telecharger_logo:190 - Erreur 200 pour Tottenham Hotspur
2026-03-11 14:10:03.413 | WARNING  | logos:telecharger_logo:190 - Erreur 200 pour Real Madrid
2026-03-11 14:10:04.061 | WARNING  | logos:telecharger_logo:190 - Erreur 200 pour Atlético Madrid
2026-03-11 14:10:05.093 | WARNING  | logos:telecharger_logo:190 - Erreur 200 pour Ipswich Town
2026-03-11 14:10:05.119 | WARNING  | logos:telecharger_logo:190 - Erreur 200 pour Leicester City
2026-03-11 14:10:05.154 | WARNING  | logos:telecharger_logo:190 - Erreur 200 pour Tottenham Hotspur
2026-03-11 14:10:07.166 | WARNING  | logos:telecharger_logo:190 - Erreur 200 pour Real Madrid
2026-03-11 14:10:07.647 | WARNING  | logos:telecharger_logo:190 - Erreur 200 pour Atlético Madrid
2026-03-11 14:10:08.096 | WARNING  | logos:telecharger_tous_logos:245 - [19/96] ❌ Ipswich Town (Premier League)
2026-03-11 14:10:08.123 | WARNING  | logos:telecharger_tous_logos:245 - [20/96] ❌ Leicester City (Premier League)
2026-03-11 14:10:08.159 | WARNING  | logos:telecharger_tous_logos:245 - [21/96] ❌ Tottenham Hotspur (Premier League)
2026-03-11 14:10:10.172 | WARNING  | logos:telecharger_tous_logos:245 - [22/96] ❌ Real Madrid (La Liga)
2026-03-11 14:10:10.371 | WARNING  | logos:telecharger_logo:190 - Erreur 200 pour Real Betis
2026-03-11 14:10:10.389 | WARNING  | logos:telecharger_logo:190 - Erreur 200 pour Athletic Club
2026-03-11 14:10:10.400 | SUCCESS  | logos:telecharger_tous_logos:243 - [23/96] ✅ Villarreal (La Liga)
2026-03-11 14:10:10.656 | WARNING  | logos:telecharger_tous_logos:245 - [24/96] ❌ Atlético Madrid (La Liga)
2026-03-11 14:10:11.336 | WARNING  | logos:telecharger_logo:190 - Erreur 200 pour Celta Vigo
2026-03-11 14:10:11.396 | SUCCESS  | logos:telecharger_tous_logos:243 - [25/96] ✅ Rayo Vallecano (La Liga)
2026-03-11 14:10:11.782 | WARNING  | logos:telecharger_logo:190 - Erreur 200 pour Osasuna
2026-03-11 14:10:12.845 | SUCCESS  | logos:telecharger_tous_logos:243 - [26/96] ✅ Mallorca (La Liga)
2026-03-11 14:10:15.406 | WARNING  | logos:telecharger_logo:190 - Erreur 200 pour Real Betis
2026-03-11 14:10:15.408 | WARNING  | logos:telecharger_logo:190 - Erreur 200 pour Athletic Club
2026-03-11 14:10:15.413 | WARNING  | logos:telecharger_logo:190 - Erreur 200 pour Celta Vigo
2026-03-11 14:10:15.422 | SUCCESS  | logos:telecharger_tous_logos:243 - [27/96] ✅ Real Sociedad (La Liga)
2026-03-11 14:10:15.861 | WARNING  | logos:telecharger_logo:190 - Erreur 200 pour Osasuna
2026-03-11 14:10:16.649 | WARNING  | logos:telecharger_logo:190 - Erreur 200 pour Valencia
2026-03-11 14:10:19.562 | WARNING  | logos:telecharger_logo:190 - Erreur 200 pour Osasuna
2026-03-11 14:10:19.566 | WARNING  | logos:telecharger_logo:190 - Erreur 200 pour Real Betis
2026-03-11 14:10:19.567 | WARNING  | logos:telecharger_logo:190 - Erreur 200 pour Athletic Club
2026-03-11 14:10:19.593 | WARNING  | logos:telecharger_logo:190 - Erreur 200 pour Celta Vigo
2026-03-11 14:10:20.393 | WARNING  | logos:telecharger_logo:190 - Erreur 200 pour Valencia
2026-03-11 14:10:22.565 | WARNING  | logos:telecharger_tous_logos:245 - [28/96] ❌ Osasuna (La Liga)
2026-03-11 14:10:22.572 | WARNING  | logos:telecharger_tous_logos:245 - [29/96] ❌ Real Betis (La Liga)
2026-03-11 14:10:22.572 | WARNING  | logos:telecharger_tous_logos:245 - [30/96] ❌ Athletic Club (La Liga)
2026-03-11 14:10:22.599 | WARNING  | logos:telecharger_tous_logos:245 - [31/96] ❌ Celta Vigo (La Liga)
2026-03-11 14:10:24.340 | WARNING  | logos:telecharger_logo:190 - Erreur 200 pour Valencia
2026-03-11 14:10:24.341 | WARNING  | logos:telecharger_logo:190 - Erreur 200 pour Alavés
2026-03-11 14:10:24.370 | SUCCESS  | logos:telecharger_tous_logos:243 - [32/96] ✅ Espanyol (La Liga)
2026-03-11 14:10:24.380 | SUCCESS  | logos:telecharger_tous_logos:243 - [33/96] ✅ Girona (La Liga)
2026-03-11 14:10:24.392 | SUCCESS  | logos:telecharger_tous_logos:243 - [34/96] ✅ Getafe (La Liga)
2026-03-11 14:10:26.056 | WARNING  | logos:telecharger_logo:190 - Erreur 200 pour Sevilla
2026-03-11 14:10:26.079 | SUCCESS  | logos:telecharger_tous_logos:243 - [35/96] ✅ Las Palmas (La Liga)
2026-03-11 14:10:26.311 | SUCCESS  | logos:telecharger_tous_logos:243 - [36/96] ✅ Leganés (La Liga)
2026-03-11 14:10:27.027 | SUCCESS  | logos:telecharger_tous_logos:243 - [37/96] ✅ Valladolid (La Liga)
2026-03-11 14:10:27.345 | WARNING  | logos:telecharger_tous_logos:245 - [38/96] ❌ Valencia (La Liga)
2026-03-11 14:10:27.462 | WARNING  | logos:telecharger_logo:190 - Erreur 200 pour Napoli
2026-03-11 14:10:27.988 | WARNING  | logos:telecharger_logo:190 - Erreur 200 pour Alavés
2026-03-11 14:10:28.225 | WARNING  | logos:telecharger_logo:190 - Erreur 200 pour Inter
2026-03-11 14:10:28.307 | WARNING  | logos:telecharger_logo:190 - Erreur 200 pour Atalanta
2026-03-11 14:10:29.621 | WARNING  | logos:telecharger_logo:190 - Erreur 200 pour Sevilla
2026-03-11 14:10:32.892 | WARNING  | logos:telecharger_logo:190 - Erreur 200 pour Napoli
2026-03-11 14:10:32.894 | WARNING  | logos:telecharger_logo:190 - Erreur 200 pour Inter
2026-03-11 14:10:32.907 | WARNING  | logos:telecharger_logo:190 - Erreur 200 pour Atalanta
2026-03-11 14:10:32.913 | WARNING  | logos:telecharger_logo:190 - Erreur 200 pour Alavés
2026-03-11 14:10:33.272 | WARNING  | logos:telecharger_logo:190 - Erreur 200 pour Sevilla
2026-03-11 14:10:35.920 | WARNING  | logos:telecharger_tous_logos:245 - [39/96] ❌ Alavés (La Liga)
2026-03-11 14:10:36.275 | WARNING  | logos:telecharger_tous_logos:245 - [40/96] ❌ Sevilla (La Liga)
2026-03-11 14:10:36.944 | WARNING  | logos:telecharger_logo:190 - Erreur 200 pour Napoli
2026-03-11 14:10:36.954 | WARNING  | logos:telecharger_logo:190 - Erreur 200 pour Inter
2026-03-11 14:10:36.988 | WARNING  | logos:telecharger_logo:190 - Erreur 200 pour Atalanta
2026-03-11 14:10:36.989 | WARNING  | logos:telecharger_logo:190 - Erreur 200 pour Juventus
2026-03-11 14:10:38.375 | WARNING  | logos:telecharger_logo:190 - Erreur 200 pour Roma
2026-03-11 14:10:39.950 | WARNING  | logos:telecharger_tous_logos:245 - [41/96] ❌ Napoli (Serie A)
2026-03-11 14:10:39.958 | WARNING  | logos:telecharger_tous_logos:245 - [42/96] ❌ Inter (Serie A)
2026-03-11 14:10:39.993 | WARNING  | logos:telecharger_tous_logos:245 - [43/96] ❌ Atalanta (Serie A)
2026-03-11 14:10:40.818 | WARNING  | logos:telecharger_logo:190 - Erreur 200 pour Juventus
2026-03-11 14:10:41.009 | WARNING  | logos:telecharger_logo:190 - Erreur 200 pour Lazio
2026-03-11 14:10:41.202 | WARNING  | logos:telecharger_logo:190 - Erreur 200 pour Milan
2026-03-11 14:10:41.255 | WARNING  | logos:telecharger_logo:190 - Erreur 200 pour Fiorentina
2026-03-11 14:10:42.026 | WARNING  | logos:telecharger_logo:190 - Erreur 200 pour Roma
2026-03-11 14:10:44.952 | WARNING  | logos:telecharger_logo:190 - Erreur 200 pour Juventus
2026-03-11 14:10:44.956 | WARNING  | logos:telecharger_logo:190 - Erreur 200 pour Milan
2026-03-11 14:10:44.961 | WARNING  | logos:telecharger_logo:190 - Erreur 200 pour Lazio
2026-03-11 14:10:44.969 | WARNING  | logos:telecharger_logo:190 - Erreur 200 pour Fiorentina
2026-03-11 14:10:45.793 | WARNING  | logos:telecharger_logo:190 - Erreur 200 pour Roma
2026-03-11 14:10:47.972 | WARNING  | logos:telecharger_tous_logos:245 - [44/96] ❌ Juventus (Serie A)
2026-03-11 14:10:48.797 | WARNING  | logos:telecharger_tous_logos:245 - [45/96] ❌ Roma (Serie A)
2026-03-11 14:10:49.153 | WARNING  | logos:telecharger_logo:190 - Erreur 200 pour Fiorentina
2026-03-11 14:10:49.159 | WARNING  | logos:telecharger_logo:190 - Erreur 200 pour Bologna
2026-03-11 14:10:49.161 | WARNING  | logos:telecharger_logo:190 - Erreur 200 pour Milan
2026-03-11 14:10:49.163 | WARNING  | logos:telecharger_logo:190 - Erreur 200 pour Lazio
2026-03-11 14:10:50.387 | WARNING  | logos:telecharger_logo:190 - Erreur 200 pour Como
2026-03-11 14:10:52.157 | WARNING  | logos:telecharger_tous_logos:245 - [46/96] ❌ Fiorentina (Serie A)
2026-03-11 14:10:52.167 | WARNING  | logos:telecharger_tous_logos:245 - [47/96] ❌ Milan (Serie A)
2026-03-11 14:10:52.172 | WARNING  | logos:telecharger_tous_logos:245 - [48/96] ❌ Lazio (Serie A)
2026-03-11 14:10:52.903 | WARNING  | logos:telecharger_logo:190 - Erreur 200 pour Bologna
2026-03-11 14:10:53.395 | WARNING  | logos:telecharger_logo:190 - Erreur 200 pour Genoa
2026-03-11 14:10:53.519 | WARNING  | logos:telecharger_logo:190 - Erreur 200 pour Udinese
2026-03-11 14:10:53.592 | WARNING  | logos:telecharger_logo:190 - Erreur 200 pour Torino
2026-03-11 14:10:53.996 | WARNING  | logos:telecharger_logo:190 - Erreur 200 pour Como
2026-03-11 14:10:56.821 | WARNING  | logos:telecharger_logo:190 - Erreur 200 pour Bologna
2026-03-11 14:10:57.026 | WARNING  | logos:telecharger_logo:190 - Erreur 200 pour Genoa
2026-03-11 14:10:57.158 | WARNING  | logos:telecharger_logo:190 - Erreur 200 pour Udinese
2026-03-11 14:10:57.252 | WARNING  | logos:telecharger_logo:190 - Erreur 200 pour Torino
2026-03-11 14:10:57.624 | WARNING  | logos:telecharger_logo:190 - Erreur 200 pour Como
2026-03-11 14:10:59.827 | WARNING  | logos:telecharger_tous_logos:245 - [49/96] ❌ Bologna (Serie A)
2026-03-11 14:11:00.627 | WARNING  | logos:telecharger_tous_logos:245 - [50/96] ❌ Como (Serie A)
2026-03-11 14:11:01.739 | WARNING  | logos:telecharger_logo:190 - Erreur 200 pour Genoa
2026-03-11 14:11:01.743 | WARNING  | logos:telecharger_logo:190 - Erreur 200 pour Torino
2026-03-11 14:11:01.745 | WARNING  | logos:telecharger_logo:190 - Erreur 200 pour Udinese
2026-03-11 14:11:02.221 | WARNING  | logos:telecharger_logo:190 - Erreur 200 pour Cagliari
2026-03-11 14:11:02.264 | SUCCESS  | logos:telecharger_tous_logos:243 - [51/96] ✅ Hellas Verona (Serie A)
2026-03-11 14:11:03.622 | WARNING  | logos:telecharger_logo:190 - Erreur 200 pour Parma
2026-03-11 14:11:04.742 | WARNING  | logos:telecharger_tous_logos:245 - [52/96] ❌ Genoa (Serie A)
2026-03-11 14:11:04.745 | WARNING  | logos:telecharger_tous_logos:245 - [53/96] ❌ Torino (Serie A)
2026-03-11 14:11:04.748 | WARNING  | logos:telecharger_tous_logos:245 - [54/96] ❌ Udinese (Serie A)
2026-03-11 14:11:06.140 | WARNING  | logos:telecharger_logo:190 - Erreur 200 pour Cagliari
2026-03-11 14:11:06.215 | WARNING  | logos:telecharger_logo:190 - Erreur 200 pour Lecce
2026-03-11 14:11:06.245 | WARNING  | logos:telecharger_logo:190 - Erreur 200 pour Empoli
2026-03-11 14:11:06.246 | SUCCESS  | logos:telecharger_tous_logos:243 - [55/96] ✅ Venezia (Serie A)
2026-03-11 14:11:08.598 | WARNING  | logos:telecharger_logo:190 - Erreur 200 pour Parma
2026-03-11 14:11:08.599 | WARNING  | logos:telecharger_logo:190 - Erreur 200 pour Monza
2026-03-11 14:11:09.917 | WARNING  | logos:telecharger_logo:190 - Erreur 200 pour Cagliari
2026-03-11 14:11:09.918 | WARNING  | logos:telecharger_logo:190 - Erreur 200 pour Lecce
2026-03-11 14:11:09.973 | WARNING  | logos:telecharger_logo:190 - Erreur 200 pour Empoli
2026-03-11 14:11:12.274 | WARNING  | logos:telecharger_logo:190 - Erreur 200 pour Monza
2026-03-11 14:11:12.276 | WARNING  | logos:telecharger_logo:190 - Erreur 200 pour Parma
2026-03-11 14:11:12.921 | WARNING  | logos:telecharger_tous_logos:245 - [56/96] ❌ Cagliari (Serie A)
2026-03-11 14:11:13.581 | WARNING  | logos:telecharger_logo:190 - Erreur 200 pour Lecce
2026-03-11 14:11:13.621 | WARNING  | logos:telecharger_logo:190 - Erreur 200 pour Empoli
2026-03-11 14:11:14.067 | SUCCESS  | logos:telecharger_tous_logos:243 - [57/96] ✅ Paris Saint-Germain (Ligue 1)
2026-03-11 14:11:15.279 | WARNING  | logos:telecharger_tous_logos:245 - [58/96] ❌ Parma (Serie A)
2026-03-11 14:11:15.424 | WARNING  | logos:telecharger_logo:190 - Erreur 200 pour Marseille
2026-03-11 14:11:15.858 | WARNING  | logos:telecharger_logo:190 - Erreur 200 pour Monza
2026-03-11 14:11:16.405 | WARNING  | logos:telecharger_logo:190 - Erreur 200 pour Monaco
2026-03-11 14:11:16.585 | WARNING  | logos:telecharger_tous_logos:245 - [59/96] ❌ Lecce (Serie A)
2026-03-11 14:11:16.623 | WARNING  | logos:telecharger_tous_logos:245 - [60/96] ❌ Empoli (Serie A)
2026-03-11 14:11:17.896 | WARNING  | logos:telecharger_logo:190 - Erreur 200 pour Lille
2026-03-11 14:11:17.961 | WARNING  | logos:telecharger_logo:190 - Erreur 200 pour Nice
2026-03-11 14:11:18.860 | WARNING  | logos:telecharger_tous_logos:245 - [61/96] ❌ Monza (Serie A)
2026-03-11 14:11:19.009 | WARNING  | logos:telecharger_logo:190 - Erreur 200 pour Marseille
2026-03-11 14:11:20.363 | WARNING  | logos:telecharger_logo:190 - Erreur 200 pour Lyon
2026-03-11 14:11:20.370 | WARNING  | logos:telecharger_logo:190 - Erreur 200 pour Monaco
2026-03-11 14:11:21.627 | WARNING  | logos:telecharger_logo:190 - Erreur 200 pour Lille
2026-03-11 14:11:21.630 | WARNING  | logos:telecharger_logo:190 - Erreur 200 pour Nice
2026-03-11 14:11:22.596 | WARNING  | logos:telecharger_logo:190 - Erreur 200 pour Marseille
2026-03-11 14:11:24.383 | WARNING  | logos:telecharger_logo:190 - Erreur 200 pour Lyon
2026-03-11 14:11:24.389 | WARNING  | logos:telecharger_logo:190 - Erreur 200 pour Monaco
2026-03-11 14:11:25.302 | WARNING  | logos:telecharger_logo:190 - Erreur 200 pour Nice
2026-03-11 14:11:25.309 | WARNING  | logos:telecharger_logo:190 - Erreur 200 pour Lille
2026-03-11 14:11:25.601 | WARNING  | logos:telecharger_tous_logos:245 - [62/96] ❌ Marseille (Ligue 1)
2026-03-11 14:11:27.007 | SUCCESS  | logos:telecharger_tous_logos:243 - [63/96] ✅ Strasbourg (Ligue 1)
2026-03-11 14:11:27.394 | WARNING  | logos:telecharger_tous_logos:245 - [64/96] ❌ Monaco (Ligue 1)
2026-03-11 14:11:28.305 | WARNING  | logos:telecharger_tous_logos:245 - [65/96] ❌ Nice (Ligue 1)
2026-03-11 14:11:28.312 | WARNING  | logos:telecharger_tous_logos:245 - [66/96] ❌ Lille (Ligue 1)
2026-03-11 14:11:28.389 | WARNING  | logos:telecharger_logo:190 - Erreur 200 pour Lyon
2026-03-11 14:11:28.862 | WARNING  | logos:telecharger_logo:190 - Erreur 200 pour Brest
2026-03-11 14:11:28.862 | SUCCESS  | logos:telecharger_tous_logos:243 - [67/96] ✅ Lens (Ligue 1)
2026-03-11 14:11:29.482 | WARNING  | logos:telecharger_logo:190 - Erreur 200 pour Auxerre
2026-03-11 14:11:29.643 | SUCCESS  | logos:telecharger_tous_logos:243 - [68/96] ✅ Toulouse (Ligue 1)
2026-03-11 14:11:30.208 | SUCCESS  | logos:telecharger_tous_logos:243 - [69/96] ✅ Rennes (Ligue 1)
2026-03-11 14:11:30.838 | WARNING  | logos:telecharger_logo:190 - Erreur 200 pour Nantes
2026-03-11 14:11:31.392 | WARNING  | logos:telecharger_tous_logos:245 - [70/96] ❌ Lyon (Ligue 1)
2026-03-11 14:11:32.402 | SUCCESS  | logos:telecharger_tous_logos:243 - [71/96] ✅ Angers (Ligue 1)
2026-03-11 14:11:33.235 | WARNING  | logos:telecharger_logo:190 - Erreur 200 pour Le Havre
2026-03-11 14:11:33.236 | WARNING  | logos:telecharger_logo:190 - Erreur 200 pour Brest
2026-03-11 14:11:33.237 | WARNING  | logos:telecharger_logo:190 - Erreur 200 pour Auxerre
2026-03-11 14:11:33.675 | WARNING  | logos:telecharger_logo:190 - Erreur 200 pour Reims
2026-03-11 14:11:34.482 | WARNING  | logos:telecharger_logo:190 - Erreur 200 pour Nantes
2026-03-11 14:11:36.995 | WARNING  | logos:telecharger_logo:190 - Erreur 200 pour Le Havre
2026-03-11 14:11:36.996 | WARNING  | logos:telecharger_logo:190 - Erreur 200 pour Brest
2026-03-11 14:11:36.997 | WARNING  | logos:telecharger_logo:190 - Erreur 200 pour Auxerre
2026-03-11 14:11:37.259 | WARNING  | logos:telecharger_logo:190 - Erreur 200 pour Reims
2026-03-11 14:11:38.212 | WARNING  | logos:telecharger_logo:190 - Erreur 200 pour Nantes
2026-03-11 14:11:40.001 | WARNING  | logos:telecharger_tous_logos:245 - [72/96] ❌ Auxerre (Ligue 1)
2026-03-11 14:11:40.003 | WARNING  | logos:telecharger_tous_logos:245 - [73/96] ❌ Brest (Ligue 1)
2026-03-11 14:11:40.794 | WARNING  | logos:telecharger_logo:190 - Erreur 200 pour Le Havre
2026-03-11 14:11:40.894 | WARNING  | logos:telecharger_logo:190 - Erreur 200 pour Reims
2026-03-11 14:11:40.991 | WARNING  | logos:telecharger_logo:190 - Erreur 200 pour Saint-Étienne
2026-03-11 14:11:41.214 | WARNING  | logos:telecharger_tous_logos:245 - [74/96] ❌ Nantes (Ligue 1)
2026-03-11 14:11:41.461 | WARNING  | logos:telecharger_logo:190 - Erreur 200 pour Montpellier
2026-03-11 14:11:42.188 | WARNING  | logos:telecharger_logo:190 - Erreur 200 pour Bayern Munich
2026-03-11 14:11:43.800 | WARNING  | logos:telecharger_tous_logos:245 - [75/96] ❌ Le Havre (Ligue 1)
2026-03-11 14:11:43.898 | WARNING  | logos:telecharger_tous_logos:245 - [76/96] ❌ Reims (Ligue 1)
2026-03-11 14:11:44.574 | WARNING  | logos:telecharger_logo:190 - Erreur 200 pour Saint-Étienne
2026-03-11 14:11:45.003 | SUCCESS  | logos:telecharger_tous_logos:243 - [77/96] ✅ Leverkusen (Bundesliga)
2026-03-11 14:11:45.090 | WARNING  | logos:telecharger_logo:190 - Erreur 200 pour Montpellier
2026-03-11 14:11:45.096 | WARNING  | logos:telecharger_logo:190 - Erreur 200 pour Eintracht Frankfurt
2026-03-11 14:11:45.817 | WARNING  | logos:telecharger_logo:190 - Erreur 200 pour Bayern Munich
2026-03-11 14:11:46.370 | WARNING  | logos:telecharger_logo:190 - Erreur 200 pour Dortmund
2026-03-11 14:11:48.183 | WARNING  | logos:telecharger_logo:190 - Erreur 200 pour Saint-Étienne
2026-03-11 14:11:49.461 | WARNING  | logos:telecharger_logo:190 - Erreur 200 pour Montpellier
2026-03-11 14:11:49.463 | WARNING  | logos:telecharger_logo:190 - Erreur 200 pour Eintracht Frankfurt
2026-03-11 14:11:50.046 | WARNING  | logos:telecharger_logo:190 - Erreur 200 pour Dortmund
2026-03-11 14:11:50.048 | WARNING  | logos:telecharger_logo:190 - Erreur 200 pour Bayern Munich
2026-03-11 14:11:51.185 | WARNING  | logos:telecharger_tous_logos:245 - [78/96] ❌ Saint-Étienne (Ligue 1)
2026-03-11 14:11:52.175 | WARNING  | logos:telecharger_logo:190 - Erreur 200 pour Freiburg
2026-03-11 14:11:52.470 | WARNING  | logos:telecharger_tous_logos:245 - [79/96] ❌ Montpellier (Ligue 1)
2026-03-11 14:11:53.032 | WARNING  | logos:telecharger_logo:190 - Erreur 200 pour Eintracht Frankfurt
2026-03-11 14:11:53.051 | WARNING  | logos:telecharger_tous_logos:245 - [80/96] ❌ Bayern Munich (Bundesliga)
2026-03-11 14:11:53.652 | WARNING  | logos:telecharger_logo:190 - Erreur 200 pour Dortmund
2026-03-11 14:11:53.856 | WARNING  | logos:telecharger_logo:190 - Erreur 200 pour Mainz 05
2026-03-11 14:11:54.061 | WARNING  | logos:telecharger_logo:190 - Erreur 200 pour RB Leipzig
2026-03-11 14:11:56.036 | WARNING  | logos:telecharger_tous_logos:245 - [81/96] ❌ Eintracht Frankfurt (Bundesliga)
2026-03-11 14:11:56.181 | WARNING  | logos:telecharger_logo:190 - Erreur 200 pour Freiburg
2026-03-11 14:11:56.656 | WARNING  | logos:telecharger_tous_logos:245 - [82/96] ❌ Dortmund (Bundesliga)
2026-03-11 14:11:58.384 | WARNING  | logos:telecharger_logo:190 - Erreur 200 pour Stuttgart
2026-03-11 14:11:58.415 | WARNING  | logos:telecharger_logo:190 - Erreur 200 pour Werder Bremen
2026-03-11 14:11:58.433 | WARNING  | logos:telecharger_logo:190 - Erreur 200 pour Mainz 05
2026-03-11 14:11:58.458 | WARNING  | logos:telecharger_logo:190 - Erreur 200 pour RB Leipzig
2026-03-11 14:12:00.381 | WARNING  | logos:telecharger_logo:190 - Erreur 200 pour Freiburg
2026-03-11 14:12:02.437 | WARNING  | logos:telecharger_logo:190 - Erreur 200 pour Mainz 05
2026-03-11 14:12:02.442 | WARNING  | logos:telecharger_logo:190 - Erreur 200 pour Stuttgart
2026-03-11 14:12:02.444 | WARNING  | logos:telecharger_logo:190 - Erreur 200 pour Werder Bremen
2026-03-11 14:12:02.446 | WARNING  | logos:telecharger_logo:190 - Erreur 200 pour RB Leipzig
2026-03-11 14:12:03.390 | WARNING  | logos:telecharger_tous_logos:245 - [83/96] ❌ Freiburg (Bundesliga)
2026-03-11 14:12:04.822 | WARNING  | logos:telecharger_logo:190 - Erreur 200 pour Gladbach
2026-03-11 14:12:05.450 | WARNING  | logos:telecharger_tous_logos:245 - [84/96] ❌ Mainz 05 (Bundesliga)
2026-03-11 14:12:05.453 | WARNING  | logos:telecharger_tous_logos:245 - [85/96] ❌ RB Leipzig (Bundesliga)
2026-03-11 14:12:06.110 | WARNING  | logos:telecharger_logo:190 - Erreur 200 pour Werder Bremen
2026-03-11 14:12:06.113 | WARNING  | logos:telecharger_logo:190 - Erreur 200 pour Stuttgart
2026-03-11 14:12:06.851 | WARNING  | logos:telecharger_logo:190 - Erreur 200 pour Wolfsburg
2026-03-11 14:12:06.853 | WARNING  | logos:telecharger_logo:190 - Erreur 200 pour Augsburg
2026-03-11 14:12:08.976 | WARNING  | logos:telecharger_logo:190 - Erreur 200 pour Gladbach
2026-03-11 14:12:09.114 | WARNING  | logos:telecharger_tous_logos:245 - [86/96] ❌ Werder Bremen (Bundesliga)
2026-03-11 14:12:09.117 | WARNING  | logos:telecharger_tous_logos:245 - [87/96] ❌ Stuttgart (Bundesliga)
2026-03-11 14:12:11.101 | WARNING  | logos:telecharger_logo:190 - Erreur 200 pour Augsburg
2026-03-11 14:12:11.110 | WARNING  | logos:telecharger_logo:190 - Erreur 200 pour St Pauli
2026-03-11 14:12:11.134 | WARNING  | logos:telecharger_logo:190 - Erreur 200 pour Union Berlin
2026-03-11 14:12:11.136 | WARNING  | logos:telecharger_logo:190 - Erreur 200 pour Wolfsburg
2026-03-11 14:12:13.151 | WARNING  | logos:telecharger_logo:190 - Erreur 200 pour Gladbach
2026-03-11 14:12:14.936 | WARNING  | logos:telecharger_logo:190 - Erreur 200 pour Union Berlin
2026-03-11 14:12:14.977 | WARNING  | logos:telecharger_logo:190 - Erreur 200 pour Augsburg
2026-03-11 14:12:14.983 | WARNING  | logos:telecharger_logo:190 - Erreur 200 pour St Pauli
2026-03-11 14:12:14.989 | WARNING  | logos:telecharger_logo:190 - Erreur 200 pour Wolfsburg
2026-03-11 14:12:16.154 | WARNING  | logos:telecharger_tous_logos:245 - [88/96] ❌ Gladbach (Bundesliga)
2026-03-11 14:12:17.750 | WARNING  | logos:telecharger_logo:190 - Erreur 200 pour Hoffenheim
2026-03-11 14:12:18.959 | WARNING  | logos:telecharger_logo:190 - Erreur 200 pour Union Berlin
2026-03-11 14:12:18.960 | WARNING  | logos:telecharger_logo:190 - Erreur 200 pour St Pauli
2026-03-11 14:12:19.074 | WARNING  | logos:telecharger_logo:190 - Erreur 200 pour Heidenheim
2026-03-11 14:12:19.373 | WARNING  | logos:telecharger_logo:190 - Erreur 200 pour Holstein Kiel
2026-03-11 14:12:21.395 | WARNING  | logos:telecharger_logo:190 - Erreur 200 pour Hoffenheim
2026-03-11 14:12:22.894 | WARNING  | logos:telecharger_logo:190 - Erreur 200 pour Heidenheim
2026-03-11 14:12:22.986 | WARNING  | logos:telecharger_logo:190 - Erreur 200 pour Holstein Kiel
2026-03-11 14:12:22.992 | WARNING  | logos:telecharger_logo:190 - Erreur 200 pour Bochum
2026-03-11 14:12:25.756 | WARNING  | logos:telecharger_logo:190 - Erreur 200 pour Hoffenheim
2026-03-11 14:12:26.534 | WARNING  | logos:telecharger_logo:190 - Erreur 200 pour Heidenheim
2026-03-11 14:12:26.669 | WARNING  | logos:telecharger_logo:190 - Erreur 200 pour Holstein Kiel
2026-03-11 14:12:26.672 | WARNING  | logos:telecharger_logo:190 - Erreur 200 pour Bochum
2026-03-11 14:12:30.263 | WARNING  | logos:telecharger_logo:190 - Erreur 200 pour Bochum
2026-03-11 14:14:54.569 | INFO     | __main__:main:70 - Initialisation de la base de données...
2026-03-11 14:14:54.572 | SUCCESS  | db:init_db:113 - Base de données initialisée avec succès
2026-03-11 14:14:54.573 | INFO     | __main__:scraper_ligue:44 - ⏭️  Premier League déjà en base — scraping ignoré
2026-03-11 14:14:54.574 | INFO     | __main__:scraper_ligue:44 - ⏭️  La Liga déjà en base — scraping ignoré
2026-03-11 14:14:54.575 | INFO     | __main__:scraper_ligue:44 - ⏭️  Serie A déjà en base — scraping ignoré
2026-03-11 14:14:54.577 | INFO     | __main__:scraper_ligue:44 - ⏭️  Ligue 1 déjà en base — scraping ignoré
2026-03-11 14:14:54.578 | INFO     | __main__:scraper_ligue:44 - ⏭️  Bundesliga déjà en base — scraping ignoré
2026-03-11 14:14:54.579 | INFO     | __main__:main:81 - Téléchargement des images joueurs...
2026-03-11 14:14:54.585 | INFO     | images:telecharger_toutes_images:138 - 175 images à télécharger
2026-03-11 14:14:54.586 | INFO     | images:recuperer_cookies_fbref:26 - Récupération des cookies FBref via Playwright...
2026-03-11 14:14:57.236 | INFO     | images:recuperer_cookies_fbref:46 - Attente passage Cloudflare (30s)...
2026-03-11 14:15:27.676 | SUCCESS  | images:recuperer_cookies_fbref:56 - 10 cookies récupérés
2026-03-11 14:15:28.123 | WARNING  | images:telecharger_image:109 - Tentative 1/3 échouée pour Alfie Pond : HTTPSConnectionPool(host='fbref.com', port=443): Max retries exceeded with url: /req/202302030/images/headshots/039c3d96_2022.jpg (Caused by NameResolutionError("HTTPSConnection(host='fbref.com', port=443): Failed to resolve 'fbref.com' ([Errno 11002] getaddrinfo failed)"))
2026-03-11 14:15:28.124 | WARNING  | images:telecharger_image:109 - Tentative 1/3 échouée pour Florian Micheler : HTTPSConnectionPool(host='fbref.com', port=443): Max retries exceeded with url: /req/202302030/images/headshots/0024cb81_2022.jpg (Caused by NameResolutionError("HTTPSConnection(host='fbref.com', port=443): Failed to resolve 'fbref.com' ([Errno 11002] getaddrinfo failed)"))
2026-03-11 14:15:28.124 | WARNING  | images:telecharger_image:109 - Tentative 1/3 échouée pour Chuky san jose : HTTPSConnectionPool(host='fbref.com', port=443): Max retries exceeded with url: /req/202302030/images/headshots/0525a80f_2022.jpg (Caused by NameResolutionError("HTTPSConnection(host='fbref.com', port=443): Failed to resolve 'fbref.com' ([Errno 11002] getaddrinfo failed)"))
2026-03-11 14:15:28.159 | WARNING  | images:telecharger_image:109 - Tentative 1/3 échouée pour Mikey Moore : HTTPSConnectionPool(host='fbref.com', port=443): Max retries exceeded with url: /req/202302030/images/headshots/00953a9d_2022.jpg (Caused by NameResolutionError("HTTPSConnection(host='fbref.com', port=443): Failed to resolve 'fbref.com' ([Errno 11002] getaddrinfo failed)"))
2026-03-11 14:15:28.181 | WARNING  | images:telecharger_image:109 - Tentative 1/3 échouée pour David Zec : HTTPSConnectionPool(host='fbref.com', port=443): Max retries exceeded with url: /req/202302030/images/headshots/050cd03c_2022.jpg (Caused by NameResolutionError("HTTPSConnection(host='fbref.com', port=443): Failed to resolve 'fbref.com' ([Errno 11002] getaddrinfo failed)"))
2026-03-11 14:16:03.324 | INFO     | __main__:main:70 - Initialisation de la base de données...
2026-03-11 14:16:03.326 | SUCCESS  | db:init_db:113 - Base de données initialisée avec succès
2026-03-11 14:16:03.327 | INFO     | __main__:scraper_ligue:44 - ⏭️  Premier League déjà en base — scraping ignoré
2026-03-11 14:16:03.328 | INFO     | __main__:scraper_ligue:44 - ⏭️  La Liga déjà en base — scraping ignoré
2026-03-11 14:16:03.328 | INFO     | __main__:scraper_ligue:44 - ⏭️  Serie A déjà en base — scraping ignoré
2026-03-11 14:16:03.329 | INFO     | __main__:scraper_ligue:44 - ⏭️  Ligue 1 déjà en base — scraping ignoré
2026-03-11 14:16:03.330 | INFO     | __main__:scraper_ligue:44 - ⏭️  Bundesliga déjà en base — scraping ignoré
2026-03-11 14:16:03.330 | INFO     | __main__:main:81 - Téléchargement des images joueurs...
2026-03-11 14:16:03.335 | INFO     | images:telecharger_toutes_images:138 - 175 images à télécharger
2026-03-11 14:16:03.336 | INFO     | images:recuperer_cookies_fbref:26 - Récupération des cookies FBref via Playwright...
2026-03-11 14:16:06.270 | INFO     | images:recuperer_cookies_fbref:46 - Attente passage Cloudflare (30s)...
2026-03-11 14:16:36.884 | SUCCESS  | images:recuperer_cookies_fbref:56 - 9 cookies récupérés
2026-03-11 14:17:08.121 | WARNING  | images:telecharger_toutes_images:173 - [1/175] pas de photo sur ce joueur David Zec
2026-03-11 14:17:08.236 | WARNING  | images:telecharger_toutes_images:173 - [2/175] pas de photo sur ce joueur Florian Micheler
2026-03-11 14:17:08.253 | WARNING  | images:telecharger_toutes_images:173 - [3/175] pas de photo sur ce joueur Alfie Pond
2026-03-11 14:17:08.316 | WARNING  | images:telecharger_toutes_images:173 - [4/175] pas de photo sur ce joueur Chuky san jose
2026-03-11 14:17:08.427 | WARNING  | images:telecharger_toutes_images:173 - [5/175] pas de photo sur ce joueur Mikey Moore
2026-03-11 14:17:40.055 | WARNING  | images:telecharger_toutes_images:173 - [6/175] pas de photo sur ce joueur Marco Sala
2026-03-11 14:17:40.075 | WARNING  | images:telecharger_toutes_images:173 - [7/175] pas de photo sur ce joueur Arnau Rafús
2026-03-11 14:17:40.103 | WARNING  | images:telecharger_toutes_images:173 - [8/175] pas de photo sur ce joueur Valentín Pezzolesi
2026-03-11 14:17:40.113 | WARNING  | images:telecharger_toutes_images:173 - [9/175] pas de photo sur ce joueur Alessio Iovine
2026-03-11 14:17:40.123 | WARNING  | images:telecharger_toutes_images:173 - [10/175] pas de photo sur ce joueur Thiago Ojeda
2026-03-11 14:18:11.453 | WARNING  | images:telecharger_toutes_images:173 - [11/175] pas de photo sur ce joueur Seydouba Cissé
2026-03-11 14:18:11.464 | WARNING  | images:telecharger_toutes_images:173 - [12/175] pas de photo sur ce joueur Eros Maddy
2026-03-11 14:18:11.472 | WARNING  | images:telecharger_toutes_images:173 - [13/175] pas de photo sur ce joueur Yael Mouanga
2026-03-11 14:18:11.668 | WARNING  | images:telecharger_toutes_images:173 - [14/175] pas de photo sur ce joueur Olabade Aluko
2026-03-11 14:18:11.669 | WARNING  | images:telecharger_toutes_images:173 - [15/175] pas de photo sur ce joueur Abdoulaye Keita
2026-03-11 14:19:00.972 | INFO     | __main__:main:70 - Initialisation de la base de données...
2026-03-11 14:19:00.974 | SUCCESS  | db:init_db:113 - Base de données initialisée avec succès
2026-03-11 14:19:00.975 | INFO     | __main__:scraper_ligue:44 - ⏭️  Premier League déjà en base — scraping ignoré
2026-03-11 14:19:00.977 | INFO     | __main__:scraper_ligue:44 - ⏭️  La Liga déjà en base — scraping ignoré
2026-03-11 14:19:00.978 | INFO     | __main__:scraper_ligue:44 - ⏭️  Serie A déjà en base — scraping ignoré
2026-03-11 14:19:00.979 | INFO     | __main__:scraper_ligue:44 - ⏭️  Ligue 1 déjà en base — scraping ignoré
2026-03-11 14:19:00.980 | INFO     | __main__:scraper_ligue:44 - ⏭️  Bundesliga déjà en base — scraping ignoré
2026-03-11 14:19:00.980 | INFO     | __main__:main:81 - Téléchargement des images joueurs...
2026-03-11 14:19:00.986 | INFO     | images:telecharger_toutes_images:138 - 175 images à télécharger
2026-03-11 14:19:00.987 | INFO     | images:recuperer_cookies_fbref:26 - Récupération des cookies FBref via Playwright...
2026-03-11 14:19:04.480 | INFO     | images:recuperer_cookies_fbref:46 - Attente passage Cloudflare (30s)...
2026-03-11 14:19:35.091 | SUCCESS  | images:recuperer_cookies_fbref:56 - 9 cookies récupérés
2026-03-11 14:20:07.694 | WARNING  | images:telecharger_toutes_images:173 - [1/175] pas de photo sur ce joueur Mikey Moore
2026-03-11 14:20:07.707 | WARNING  | images:telecharger_toutes_images:173 - [2/175] pas de photo sur ce joueur Alfie Pond
2026-03-11 14:20:07.730 | WARNING  | images:telecharger_toutes_images:173 - [3/175] pas de photo sur ce joueur Chuky san jose
2026-03-11 14:20:07.743 | WARNING  | images:telecharger_toutes_images:173 - [4/175] pas de photo sur ce joueur David Zec
2026-03-11 14:20:07.745 | WARNING  | images:telecharger_toutes_images:173 - [5/175] pas de photo sur ce joueur Florian Micheler
2026-03-11 14:20:38.949 | WARNING  | images:telecharger_toutes_images:173 - [6/175] pas de photo sur ce joueur Valentín Pezzolesi
2026-03-11 14:20:38.996 | WARNING  | images:telecharger_toutes_images:173 - [7/175] pas de photo sur ce joueur Alessio Iovine
2026-03-11 14:20:39.000 | WARNING  | images:telecharger_toutes_images:173 - [8/175] pas de photo sur ce joueur Thiago Ojeda
2026-03-11 14:20:39.100 | WARNING  | images:telecharger_toutes_images:173 - [9/175] pas de photo sur ce joueur Arnau Rafús
2026-03-11 14:20:39.163 | WARNING  | images:telecharger_toutes_images:173 - [10/175] pas de photo sur ce joueur Marco Sala
2026-03-11 14:22:41.011 | INFO     | __main__:main:70 - Initialisation de la base de données...
2026-03-11 14:22:41.014 | SUCCESS  | db:init_db:113 - Base de données initialisée avec succès
2026-03-11 14:22:41.015 | INFO     | __main__:scraper_ligue:44 - ⏭️  Premier League déjà en base — scraping ignoré
2026-03-11 14:22:41.017 | INFO     | __main__:scraper_ligue:44 - ⏭️  La Liga déjà en base — scraping ignoré
2026-03-11 14:22:41.019 | INFO     | __main__:scraper_ligue:44 - ⏭️  Serie A déjà en base — scraping ignoré
2026-03-11 14:22:41.020 | INFO     | __main__:scraper_ligue:44 - ⏭️  Ligue 1 déjà en base — scraping ignoré
2026-03-11 14:22:41.020 | INFO     | __main__:scraper_ligue:44 - ⏭️  Bundesliga déjà en base — scraping ignoré
2026-03-11 14:22:41.021 | INFO     | __main__:main:81 - Téléchargement des images joueurs...
2026-03-11 14:22:41.028 | INFO     | images:telecharger_toutes_images:137 - 175 images à télécharger
2026-03-11 14:22:41.029 | INFO     | images:recuperer_cookies_fbref:26 - Récupération des cookies FBref via Playwright...
2026-03-11 14:22:46.362 | INFO     | images:recuperer_cookies_fbref:46 - Attente passage Cloudflare (30s)...
2026-03-11 14:23:16.965 | SUCCESS  | images:recuperer_cookies_fbref:55 - ✅ 10 cookies récupérés
2026-03-11 14:23:49.087 | WARNING  | images:telecharger_toutes_images:172 - [1/175] ❌ Mikey Moore
2026-03-11 14:23:49.109 | WARNING  | images:telecharger_toutes_images:172 - [2/175] ❌ David Zec
2026-03-11 14:23:49.130 | WARNING  | images:telecharger_toutes_images:172 - [3/175] ❌ Florian Micheler
2026-03-11 14:23:49.131 | WARNING  | images:telecharger_toutes_images:172 - [4/175] ❌ Alfie Pond
2026-03-11 14:23:49.132 | WARNING  | images:telecharger_toutes_images:172 - [5/175] ❌ Chuky san jose
2026-03-11 14:24:20.381 | WARNING  | images:telecharger_toutes_images:172 - [6/175] ❌ Marco Sala
2026-03-11 14:24:20.384 | WARNING  | images:telecharger_toutes_images:172 - [7/175] ❌ Arnau Rafús
2026-03-11 14:24:20.436 | WARNING  | images:telecharger_toutes_images:172 - [8/175] ❌ Valentín Pezzolesi
2026-03-11 14:24:20.638 | WARNING  | images:telecharger_toutes_images:172 - [9/175] ❌ Thiago Ojeda
2026-03-11 14:24:20.751 | WARNING  | images:telecharger_toutes_images:172 - [10/175] ❌ Alessio Iovine
2026-03-11 14:24:52.469 | WARNING  | images:telecharger_toutes_images:172 - [11/175] ❌ Seydouba Cissé
2026-03-11 14:24:52.494 | WARNING  | images:telecharger_toutes_images:172 - [12/175] ❌ Olabade Aluko
2026-03-11 14:24:52.495 | WARNING  | images:telecharger_toutes_images:172 - [13/175] ❌ Abdoulaye Keita
2026-03-11 14:24:52.552 | WARNING  | images:telecharger_toutes_images:172 - [14/175] ❌ Yael Mouanga
2026-03-11 14:24:52.587 | WARNING  | images:telecharger_toutes_images:172 - [15/175] ❌ Eros Maddy
2026-03-11 14:34:30.037 | INFO     | __main__:main:70 - Initialisation de la base de données...
2026-03-11 14:34:30.057 | SUCCESS  | db:init_db:113 - Base de données initialisée avec succès
2026-03-11 14:34:30.060 | INFO     | __main__:scraper_ligue:44 - ⏭️  Premier League déjà en base — scraping ignoré
2026-03-11 14:34:30.064 | INFO     | __main__:scraper_ligue:44 - ⏭️  La Liga déjà en base — scraping ignoré
2026-03-11 14:34:30.067 | INFO     | __main__:scraper_ligue:44 - ⏭️  Serie A déjà en base — scraping ignoré
2026-03-11 14:34:30.072 | INFO     | __main__:scraper_ligue:44 - ⏭️  Ligue 1 déjà en base — scraping ignoré
2026-03-11 14:34:30.077 | INFO     | __main__:scraper_ligue:44 - ⏭️  Bundesliga déjà en base — scraping ignoré
2026-03-11 14:34:30.081 | INFO     | __main__:main:81 - Téléchargement des images joueurs...
2026-03-11 14:34:30.138 | INFO     | images:telecharger_toutes_images:138 - 175 images à télécharger
2026-03-11 14:34:30.148 | INFO     | images:recuperer_cookies_fbref:26 - Récupération des cookies FBref via Playwright...
2026-03-11 14:34:35.315 | INFO     | images:recuperer_cookies_fbref:46 - Attente passage Cloudflare (30s)...
2026-03-11 14:35:05.974 | SUCCESS  | images:recuperer_cookies_fbref:55 - ✅ 9 cookies récupérés
2026-03-11 14:35:07.723 | WARNING  | images:telecharger_toutes_images:182 - [1/175] ❌ Alfie Pond — marqué sans photo
2026-03-11 14:35:07.732 | WARNING  | images:telecharger_toutes_images:182 - [2/175] ❌ Mikey Moore — marqué sans photo
2026-03-11 14:35:07.752 | WARNING  | images:telecharger_toutes_images:182 - [3/175] ❌ David Zec — marqué sans photo
2026-03-11 14:35:07.820 | WARNING  | images:telecharger_toutes_images:182 - [4/175] ❌ Florian Micheler — marqué sans photo
2026-03-11 14:35:07.851 | WARNING  | images:telecharger_toutes_images:182 - [5/175] ❌ Chuky san jose — marqué sans photo
2026-03-11 14:35:09.617 | WARNING  | images:telecharger_toutes_images:182 - [6/175] ❌ Marco Sala — marqué sans photo
2026-03-11 14:35:09.661 | WARNING  | images:telecharger_toutes_images:182 - [7/175] ❌ Arnau Rafús — marqué sans photo
2026-03-11 14:35:09.703 | WARNING  | images:telecharger_toutes_images:182 - [8/175] ❌ Thiago Ojeda — marqué sans photo
2026-03-11 14:35:09.714 | WARNING  | images:telecharger_toutes_images:182 - [9/175] ❌ Alessio Iovine — marqué sans photo
2026-03-11 14:35:09.724 | WARNING  | images:telecharger_toutes_images:182 - [10/175] ❌ Valentín Pezzolesi — marqué sans photo
2026-03-11 14:35:11.236 | WARNING  | images:telecharger_toutes_images:182 - [11/175] ❌ Seydouba Cissé — marqué sans photo
2026-03-11 14:35:11.569 | WARNING  | images:telecharger_toutes_images:182 - [12/175] ❌ Yael Mouanga — marqué sans photo
2026-03-11 14:35:11.617 | WARNING  | images:telecharger_toutes_images:182 - [13/175] ❌ Olabade Aluko — marqué sans photo
2026-03-11 14:35:11.628 | WARNING  | images:telecharger_toutes_images:182 - [14/175] ❌ Eros Maddy — marqué sans photo
2026-03-11 14:35:11.739 | WARNING  | images:telecharger_toutes_images:182 - [15/175] ❌ Abdoulaye Keita — marqué sans photo
2026-03-11 14:35:13.360 | WARNING  | images:telecharger_toutes_images:182 - [16/175] ❌ Maat Daniel Caprini — marqué sans photo
2026-03-11 14:35:13.370 | WARNING  | images:telecharger_toutes_images:182 - [17/175] ❌ Alessandro Gabrielloni — marqué sans photo
2026-03-11 14:35:13.381 | WARNING  | images:telecharger_toutes_images:182 - [18/175] ❌ Marwann Nzuzi — marqué sans photo
2026-03-11 14:35:13.440 | WARNING  | images:telecharger_toutes_images:182 - [19/175] ❌ Omari Forson — marqué sans photo
2026-03-11 14:35:13.607 | WARNING  | images:telecharger_toutes_images:182 - [20/175] ❌ Roger Hinojo — marqué sans photo
2026-03-11 14:35:15.148 | WARNING  | images:telecharger_toutes_images:182 - [21/175] ❌ Remy Rees-Dottin — marqué sans photo
2026-03-11 14:35:15.159 | WARNING  | images:telecharger_toutes_images:182 - [22/175] ❌ Jacob Greaves — marqué sans photo
2026-03-11 14:35:15.236 | WARNING  | images:telecharger_toutes_images:182 - [23/175] ❌ Peter González — marqué sans photo
2026-03-11 14:35:15.671 | WARNING  | images:telecharger_toutes_images:182 - [24/175] ❌ Alessio Cacciamani — marqué sans photo
2026-03-11 14:35:15.776 | WARNING  | images:telecharger_toutes_images:182 - [25/175] ❌ Aaron Ciammaglichella — marqué sans photo
2026-03-11 14:35:17.301 | WARNING  | images:telecharger_toutes_images:182 - [26/175] ❌ Aboubacar Bassinga — marqué sans photo
2026-03-11 14:35:17.319 | WARNING  | images:telecharger_toutes_images:182 - [27/175] ❌ Adrian Baquerin — marqué sans photo
2026-03-11 14:35:17.377 | WARNING  | images:telecharger_toutes_images:182 - [28/175] ❌ Domen Črnigoj — marqué sans photo
2026-03-11 14:35:17.393 | WARNING  | images:telecharger_toutes_images:182 - [29/175] ❌ Yarek Gasiorowski — marqué sans photo
2026-03-11 14:35:17.606 | WARNING  | images:telecharger_toutes_images:182 - [30/175] ❌ Javi Martón — marqué sans photo
2026-03-11 14:35:19.005 | WARNING  | images:telecharger_toutes_images:182 - [31/175] ❌ Jay Robinson — marqué sans photo
2026-03-11 14:35:19.040 | WARNING  | images:telecharger_toutes_images:182 - [32/175] ❌ Ramón Sosa — marqué sans photo
2026-03-11 14:35:19.096 | WARNING  | images:telecharger_toutes_images:182 - [33/175] ❌ Mats Pannewig — marqué sans photo
2026-03-11 14:35:19.205 | WARNING  | images:telecharger_toutes_images:182 - [34/175] ❌ Tommaso Gabellini — marqué sans photo
2026-03-11 14:35:19.245 | WARNING  | images:telecharger_toutes_images:182 - [35/175] ❌ Zain Silcott-Duberry — marqué sans photo
2026-03-11 14:35:20.367 | WARNING  | images:telecharger_toutes_images:182 - [36/175] ❌ Daniel Requena — marqué sans photo
2026-03-11 14:35:20.978 | WARNING  | images:telecharger_toutes_images:182 - [37/175] ❌ Joël Schingtienne — marqué sans photo
2026-03-11 14:35:21.019 | WARNING  | images:telecharger_toutes_images:182 - [38/175] ❌ Beres Owusu — marqué sans photo
2026-03-11 14:35:21.026 | WARNING  | images:telecharger_toutes_images:182 - [39/175] ❌ Yael Nandjou — marqué sans photo
2026-03-11 14:35:21.038 | WARNING  | images:telecharger_toutes_images:182 - [40/175] ❌ Simon Cara — marqué sans photo
2026-03-11 14:35:21.949 | WARNING  | images:telecharger_toutes_images:182 - [41/175] ❌ Sergio Viera — marqué sans photo
2026-03-11 14:35:22.703 | WARNING  | images:telecharger_toutes_images:182 - [42/175] ❌ Daniel Fila — marqué sans photo
2026-03-11 14:35:22.800 | WARNING  | images:telecharger_toutes_images:182 - [43/175] ❌ David Torres — marqué sans photo
2026-03-11 14:35:22.865 | WARNING  | images:telecharger_toutes_images:182 - [44/175] ❌ Ibrahim Alani — marqué sans photo
2026-03-11 14:35:22.873 | WARNING  | images:telecharger_toutes_images:182 - [45/175] ❌ Stefan Džodić — marqué sans photo
2026-03-11 14:35:23.397 | WARNING  | images:telecharger_toutes_images:182 - [46/175] ❌ Will Alves — marqué sans photo
2026-03-11 14:35:24.820 | WARNING  | images:telecharger_toutes_images:182 - [47/175] ❌ Aristide Zossou — marqué sans photo
2026-03-11 14:35:24.831 | WARNING  | images:telecharger_toutes_images:182 - [48/175] ❌ Jeremy Agbonifo — marqué sans photo
2026-03-11 14:35:24.839 | WARNING  | images:telecharger_toutes_images:182 - [49/175] ❌ Dominik Javorček — marqué sans photo
2026-03-11 14:35:24.855 | WARNING  | images:telecharger_toutes_images:182 - [50/175] ❌ Richie Sagrado — marqué sans photo
2026-03-11 14:35:25.351 | WARNING  | images:telecharger_toutes_images:182 - [51/175] ❌ Adrian Benedyczak — marqué sans photo
2026-03-11 14:35:26.445 | WARNING  | images:telecharger_toutes_images:182 - [52/175] ❌ Lewis Orford — marqué sans photo
2026-03-11 14:35:26.710 | WARNING  | images:telecharger_toutes_images:182 - [53/175] ❌ Nathan Broadhead — marqué sans photo
2026-03-11 14:35:26.727 | WARNING  | images:telecharger_toutes_images:182 - [54/175] ❌ Daniel Díaz — marqué sans photo
2026-03-11 14:35:27.015 | WARNING  | images:telecharger_toutes_images:182 - [55/175] ❌ Enzo Caumont — marqué sans photo
2026-03-11 14:35:27.264 | WARNING  | images:telecharger_toutes_images:182 - [56/175] ❌ Alberto Marí — marqué sans photo
2026-03-11 14:35:27.896 | WARNING  | images:telecharger_toutes_images:182 - [57/175] ❌ Álvaro djaló — marqué sans photo
2026-03-11 14:35:28.322 | WARNING  | images:telecharger_toutes_images:182 - [58/175] ❌ Nathan Wood-Gordon — marqué sans photo
2026-03-11 14:35:28.381 | WARNING  | images:telecharger_toutes_images:182 - [59/175] ❌ Jeremy Monga — marqué sans photo
2026-03-11 14:35:28.857 | WARNING  | images:telecharger_toutes_images:182 - [60/175] ❌ Carlos Guirao — marqué sans photo
2026-03-11 14:35:28.862 | WARNING  | images:telecharger_toutes_images:182 - [61/175] ❌ Jota Silva — marqué sans photo
2026-03-11 14:35:29.138 | WARNING  | images:telecharger_toutes_images:182 - [62/175] ❌ Semuel Pizzignacco — marqué sans photo
2026-03-11 14:35:29.405 | WARNING  | images:telecharger_toutes_images:182 - [63/175] ❌ Toby Collyer — marqué sans photo
2026-03-11 14:35:29.667 | WARNING  | images:telecharger_toutes_images:182 - [64/175] ❌ Lucas Oliveira Rosa — marqué sans photo
2026-03-11 14:35:30.208 | WARNING  | images:telecharger_toutes_images:182 - [65/175] ❌ Gabriel Bares — marqué sans photo
2026-03-11 14:35:30.546 | WARNING  | images:telecharger_toutes_images:182 - [66/175] ❌ Eloge Zabi — marqué sans photo
2026-03-11 14:35:30.781 | WARNING  | images:telecharger_toutes_images:182 - [67/175] ❌ Daniel Bandeira — marqué sans photo
2026-03-11 14:35:31.284 | WARNING  | images:telecharger_toutes_images:182 - [68/175] ❌ Ben Brereton — marqué sans photo
2026-03-11 14:35:31.292 | WARNING  | images:telecharger_toutes_images:182 - [69/175] ❌ Benjamin Bouchouari — marqué sans photo
2026-03-11 14:35:31.894 | WARNING  | images:telecharger_toutes_images:182 - [70/175] ❌ Jan Salas — marqué sans photo
2026-03-11 14:35:32.380 | WARNING  | images:telecharger_toutes_images:182 - [71/175] ❌ Augustine Boakye — marqué sans photo
2026-03-11 14:35:32.628 | WARNING  | images:telecharger_toutes_images:182 - [72/175] ❌ Paul Joly — marqué sans photo
2026-03-11 14:35:32.715 | WARNING  | images:telecharger_toutes_images:182 - [73/175] ❌ Adrian Niño — marqué sans photo
2026-03-11 14:35:32.724 | WARNING  | images:telecharger_toutes_images:182 - [74/175] ❌ Antoine Hainaut — marqué sans photo
2026-03-11 14:35:33.208 | WARNING  | images:telecharger_toutes_images:182 - [75/175] ❌ Alessandro Vogliacco — marqué sans photo
2026-03-11 14:35:33.706 | WARNING  | images:telecharger_toutes_images:182 - [76/175] ❌ Álvaro Pascual — marqué sans photo
2026-03-11 14:35:33.943 | WARNING  | images:telecharger_toutes_images:182 - [77/175] ❌ Roman Dixon — marqué sans photo
2026-03-11 14:35:34.082 | WARNING  | images:telecharger_toutes_images:182 - [78/175] ❌ Kacper Koscierski — marqué sans photo
2026-03-11 14:35:34.259 | WARNING  | images:telecharger_toutes_images:182 - [79/175] ❌ Rodrigo Abajas — marqué sans photo
2026-03-11 14:35:34.506 | WARNING  | images:telecharger_toutes_images:182 - [80/175] ❌ Florian Ayé — marqué sans photo
2026-03-11 14:35:34.946 | WARNING  | images:telecharger_toutes_images:182 - [81/175] ❌ Endika Buján — marqué sans photo
2026-03-11 14:35:35.207 | WARNING  | images:telecharger_toutes_images:182 - [82/175] ❌ Hiroki Sekine — marqué sans photo
2026-03-11 14:35:35.629 | WARNING  | images:telecharger_toutes_images:182 - [83/175] ❌ Ben Lhassine Kone — marqué sans photo
2026-03-11 14:35:35.636 | WARNING  | images:telecharger_toutes_images:182 - [84/175] ❌ Lior Kasa — marqué sans photo
2026-03-11 14:35:35.725 | WARNING  | images:telecharger_toutes_images:182 - [85/175] ❌ José Carlos González — marqué sans photo
2026-03-11 14:35:36.119 | WARNING  | images:telecharger_toutes_images:182 - [86/175] ❌ Harry Amass — marqué sans photo
2026-03-11 14:35:36.526 | WARNING  | images:telecharger_toutes_images:182 - [87/175] ❌ Etienne Eto'o — marqué sans photo
2026-03-11 14:35:36.705 | WARNING  | images:telecharger_toutes_images:182 - [88/175] ❌ Ayman Aiki — marqué sans photo
2026-03-11 14:35:37.078 | WARNING  | images:telecharger_toutes_images:182 - [89/175] ❌ Ryan Manning — marqué sans photo
2026-03-11 14:35:37.347 | WARNING  | images:telecharger_toutes_images:182 - [90/175] ❌ Federico Accornero — marqué sans photo
2026-03-11 14:35:37.387 | WARNING  | images:telecharger_toutes_images:182 - [91/175] ❌ Arturo Rodríguez — marqué sans photo
2026-03-11 14:35:38.390 | WARNING  | images:telecharger_toutes_images:182 - [92/175] ❌ Faik Sakar — marqué sans photo
2026-03-11 14:35:38.397 | WARNING  | images:telecharger_toutes_images:182 - [93/175] ❌ Ben Viadere — marqué sans photo
2026-03-11 14:35:38.501 | WARNING  | images:telecharger_toutes_images:182 - [94/175] ❌ Darío Fuentes — marqué sans photo
2026-03-11 14:35:38.746 | WARNING  | images:telecharger_toutes_images:182 - [95/175] ❌ Michael Svoboda — marqué sans photo
2026-03-11 14:35:38.985 | WARNING  | images:telecharger_toutes_images:182 - [96/175] ❌ Carlos Forbs — marqué sans photo
2026-03-11 14:35:39.758 | WARNING  | images:telecharger_toutes_images:182 - [97/175] ❌ Mateo Pellegrino — marqué sans photo
2026-03-11 14:35:40.204 | WARNING  | images:telecharger_toutes_images:182 - [98/175] ❌ Ivan Jaime Pajuelo — marqué sans photo
2026-03-11 14:35:40.211 | WARNING  | images:telecharger_toutes_images:182 - [99/175] ❌ David Akpan Ankeye — marqué sans photo
2026-03-11 14:35:40.322 | WARNING  | images:telecharger_toutes_images:182 - [100/175] ❌ Malcolm Jeng — marqué sans photo
2026-03-11 14:35:40.428 | WARNING  | images:telecharger_toutes_images:182 - [101/175] ❌ Marcus Harness — marqué sans photo
2026-03-11 14:35:41.400 | WARNING  | images:telecharger_toutes_images:182 - [102/175] ❌ Ilyes Housni — marqué sans photo
2026-03-11 14:35:42.103 | WARNING  | images:telecharger_toutes_images:182 - [103/175] ❌ Raúl Moro — marqué sans photo
2026-03-11 14:35:42.115 | WARNING  | images:telecharger_toutes_images:182 - [104/175] ❌ Will Lankshear — marqué sans photo
2026-03-11 14:35:42.127 | WARNING  | images:telecharger_toutes_images:182 - [105/175] ❌ Paulo Azzi — marqué sans photo
2026-03-11 14:35:42.144 | WARNING  | images:telecharger_toutes_images:182 - [106/175] ❌ Pica — marqué sans photo
2026-03-11 14:35:42.889 | WARNING  | images:telecharger_toutes_images:182 - [107/175] ❌ Gabin Capuano — marqué sans photo
2026-03-11 14:35:44.215 | WARNING  | images:telecharger_toutes_images:182 - [108/175] ❌ Diego Iturralde — marqué sans photo
2026-03-11 14:35:44.227 | WARNING  | images:telecharger_toutes_images:182 - [109/175] ❌ Jacopo Bacci — marqué sans photo
2026-03-11 14:35:44.239 | WARNING  | images:telecharger_toutes_images:182 - [110/175] ❌ Lucas Stassin — marqué sans photo
2026-03-11 14:35:44.250 | WARNING  | images:telecharger_toutes_images:182 - [111/175] ❌ Lucas Bergvall — marqué sans photo
2026-03-11 14:35:44.703 | WARNING  | images:telecharger_toutes_images:182 - [112/175] ❌ Justin Smith — marqué sans photo
2026-03-11 14:35:45.729 | WARNING  | images:telecharger_toutes_images:182 - [113/175] ❌ Harry Clarke — marqué sans photo
2026-03-11 14:35:45.743 | WARNING  | images:telecharger_toutes_images:182 - [114/175] ❌ Lorenzo Tosto — marqué sans photo
2026-03-11 14:35:45.855 | WARNING  | images:telecharger_toutes_images:182 - [115/175] ❌ Mickael Nade — marqué sans photo
2026-03-11 14:35:45.969 | WARNING  | images:telecharger_toutes_images:182 - [116/175] ❌ Welington — marqué sans photo
2026-03-11 14:35:46.190 | WARNING  | images:telecharger_toutes_images:182 - [117/175] ❌ Mateo Mejía — marqué sans photo
2026-03-11 14:35:47.025 | WARNING  | images:telecharger_toutes_images:182 - [118/175] ❌ Giorgio Altare — marqué sans photo
2026-03-11 14:35:47.627 | WARNING  | images:telecharger_toutes_images:182 - [119/175] ❌ Alfie Dorrington — marqué sans photo
2026-03-11 14:35:47.643 | WARNING  | images:telecharger_toutes_images:182 - [120/175] ❌ Mory Gbane — marqué sans photo
2026-03-11 14:35:47.654 | WARNING  | images:telecharger_toutes_images:182 - [121/175] ❌ Plamedi Nsingi — marqué sans photo
2026-03-11 14:35:47.751 | WARNING  | images:telecharger_toutes_images:182 - [122/175] ❌ Bob Murphy Omoregbe — marqué sans photo
2026-03-11 14:35:48.920 | WARNING  | images:telecharger_toutes_images:182 - [123/175] ❌ Milos Lukovic — marqué sans photo
2026-03-11 14:35:49.411 | WARNING  | images:telecharger_toutes_images:182 - [124/175] ❌ Jailson Siqueira — marqué sans photo
2026-03-11 14:35:49.679 | WARNING  | images:telecharger_toutes_images:182 - [125/175] ❌ Mario Maroto — marqué sans photo
2026-03-11 14:35:49.727 | WARNING  | images:telecharger_toutes_images:182 - [126/175] ❌ Loïc N'Gatta — marqué sans photo
2026-03-11 14:35:49.792 | WARNING  | images:telecharger_toutes_images:182 - [127/175] ❌ Issa Doumbia — marqué sans photo
2026-03-11 14:35:50.224 | WARNING  | images:telecharger_toutes_images:182 - [128/175] ❌ Xavier Moreno — marqué sans photo
2026-03-11 14:35:51.285 | WARNING  | images:telecharger_toutes_images:182 - [129/175] ❌ Aingeru Olabarrieta — marqué sans photo
2026-03-11 14:35:51.393 | WARNING  | images:telecharger_toutes_images:182 - [130/175] ❌ Nicolas Pays — marqué sans photo
2026-03-11 14:35:51.405 | WARNING  | images:telecharger_toutes_images:182 - [131/175] ❌ Diego — marqué sans photo
2026-03-11 14:35:51.421 | WARNING  | images:telecharger_toutes_images:182 - [132/175] ❌ Ben Winterburn — marqué sans photo
2026-03-11 14:35:51.908 | WARNING  | images:telecharger_toutes_images:182 - [133/175] ❌ Kembo Diliwidi — marqué sans photo
2026-03-11 14:35:52.890 | WARNING  | images:telecharger_toutes_images:182 - [134/175] ❌ Kevin Martins — marqué sans photo
2026-03-11 14:35:53.264 | WARNING  | images:telecharger_toutes_images:182 - [135/175] ❌ Nunzio Lella — marqué sans photo
2026-03-11 14:35:53.273 | WARNING  | images:telecharger_toutes_images:182 - [136/175] ❌ Abdoul Koné — marqué sans photo
2026-03-11 14:35:53.447 | WARNING  | images:telecharger_toutes_images:182 - [137/175] ❌ Mateus Mane — marqué sans photo
2026-03-11 14:35:53.763 | WARNING  | images:telecharger_toutes_images:182 - [138/175] ❌ Enzo Sternal — marqué sans photo
2026-03-11 14:35:54.432 | WARNING  | images:telecharger_toutes_images:182 - [139/175] ❌ Gabriel Charpentier — marqué sans photo
2026-03-11 14:35:55.165 | WARNING  | images:telecharger_toutes_images:182 - [140/175] ❌ Rafael Bauza — marqué sans photo
2026-03-11 14:35:55.666 | WARNING  | images:telecharger_toutes_images:182 - [141/175] ❌ Iago Parente — marqué sans photo
2026-03-11 14:35:55.763 | WARNING  | images:telecharger_toutes_images:182 - [142/175] ❌ Fellipe Jack — marqué sans photo
2026-03-11 14:35:55.795 | WARNING  | images:telecharger_toutes_images:182 - [143/175] ❌ Nabil Aberdin — marqué sans photo
2026-03-11 14:35:56.319 | WARNING  | images:telecharger_toutes_images:182 - [144/175] ❌ Emmanuel Koum Mbondo — marqué sans photo
2026-03-11 14:35:56.845 | WARNING  | images:telecharger_toutes_images:182 - [145/175] ❌ Jake Evans — marqué sans photo
2026-03-11 14:35:57.355 | WARNING  | images:telecharger_toutes_images:182 - [146/175] ❌ Thomas Campaniello — marqué sans photo
2026-03-11 14:35:57.464 | WARNING  | images:telecharger_toutes_images:182 - [147/175] ❌ Victor Orakpo — marqué sans photo
2026-03-11 14:35:57.724 | WARNING  | images:telecharger_toutes_images:182 - [148/175] ❌ Kingstone Mutandwa — marqué sans photo
2026-03-11 14:35:58.083 | WARNING  | images:telecharger_toutes_images:182 - [149/175] ❌ Kaelan Casey — marqué sans photo
2026-03-11 14:35:58.633 | WARNING  | images:telecharger_toutes_images:182 - [150/175] ❌ Pelayo Fernandez — marqué sans photo
2026-03-11 14:35:59.139 | WARNING  | images:telecharger_toutes_images:182 - [151/175] ❌ Tommaso Rubino — marqué sans photo
2026-03-11 14:35:59.323 | WARNING  | images:telecharger_toutes_images:182 - [152/175] ❌ Alphadjo Cissè — marqué sans photo
2026-03-11 14:35:59.554 | WARNING  | images:telecharger_toutes_images:182 - [153/175] ❌ Israel Domínguez — marqué sans photo
2026-03-11 14:35:59.632 | WARNING  | images:telecharger_toutes_images:182 - [154/175] ❌ Mateusz Kowalski — marqué sans photo
2026-03-11 14:36:00.309 | WARNING  | images:telecharger_toutes_images:182 - [155/175] ❌ Niama Sissoko — marqué sans photo
2026-03-11 14:36:00.796 | WARNING  | images:telecharger_toutes_images:182 - [156/175] ❌ Ümit Akdag — marqué sans photo
2026-03-11 14:36:01.267 | WARNING  | images:telecharger_toutes_images:182 - [157/175] ❌ Harry Howell — marqué sans photo
2026-03-11 14:36:01.520 | WARNING  | images:telecharger_toutes_images:182 - [158/175] ❌ Diego Martín — marqué sans photo
2026-03-11 14:36:01.551 | WARNING  | images:telecharger_toutes_images:182 - [159/175] ❌ Harrison Armstrong — marqué sans photo
2026-03-11 14:36:01.733 | WARNING  | images:telecharger_toutes_images:182 - [160/175] ❌ Luke Woolfenden — marqué sans photo
2026-03-11 14:36:02.200 | WARNING  | images:telecharger_toutes_images:182 - [161/175] ❌ Diego Pugno — marqué sans photo
2026-03-11 14:36:02.864 | WARNING  | images:telecharger_toutes_images:182 - [162/175] ❌ Alen Sherri — marqué sans photo
2026-03-11 14:36:02.990 | WARNING  | images:telecharger_toutes_images:182 - [163/175] ❌ Mohamed Haj — marqué sans photo
2026-03-11 14:36:02.999 | WARNING  | images:telecharger_toutes_images:182 - [164/175] ❌ Wilfried Ndollo — marqué sans photo
2026-03-11 14:36:03.046 | WARNING  | images:telecharger_toutes_images:182 - [165/175] ❌ Iker Córdoba — marqué sans photo
2026-03-11 14:36:03.710 | WARNING  | images:telecharger_toutes_images:182 - [166/175] ❌ Antoine Makoumbou — marqué sans photo
2026-03-11 14:36:04.557 | WARNING  | images:telecharger_toutes_images:182 - [167/175] ❌ Daniel Rodriguez — marqué sans photo
2026-03-11 14:36:04.653 | WARNING  | images:telecharger_toutes_images:182 - [168/175] ❌ Andrea Mazza — marqué sans photo
2026-03-11 14:36:04.665 | WARNING  | images:telecharger_toutes_images:182 - [169/175] ❌ Hafiz Ibrahim — marqué sans photo
2026-03-11 14:36:04.674 | WARNING  | images:telecharger_toutes_images:182 - [170/175] ❌ Martín Tejón — marqué sans photo
2026-03-11 14:36:05.506 | WARNING  | images:telecharger_toutes_images:182 - [171/175] ❌ Yoann Cissé — marqué sans photo
2026-03-11 14:36:05.786 | WARNING  | images:telecharger_toutes_images:182 - [172/175] ❌ Sergio Arribas — marqué sans photo
2026-03-11 14:36:06.092 | WARNING  | images:telecharger_toutes_images:182 - [173/175] ❌ Paul Hennrich — marqué sans photo
2026-03-11 14:36:06.248 | WARNING  | images:telecharger_toutes_images:182 - [174/175] ❌ Kévin Pedro — marqué sans photo
2026-03-11 14:36:06.302 | WARNING  | images:telecharger_toutes_images:182 - [175/175] ❌ Casper Tengstedt — marqué sans photo
2026-03-11 14:36:06.305 | SUCCESS  | images:telecharger_toutes_images:184 - 0/175 images téléchargées avec succès
2026-03-11 14:36:06.305 | INFO     | __main__:main:85 - Téléchargement des logos des clubs...
2026-03-11 14:36:06.306 | INFO     | logos:recuperer_cookies_fbref:27 - Récupération des cookies FBref via Playwright...
2026-03-11 14:36:08.814 | INFO     | logos:recuperer_cookies_fbref:47 - Attente passage Cloudflare (30s)...
2026-03-11 14:36:40.462 | SUCCESS  | logos:recuperer_cookies_fbref:57 - ✅ 9 cookies récupérés
2026-03-11 14:36:40.467 | INFO     | logos:telecharger_tous_logos:211 - Scraping logos : Premier League
2026-03-11 14:36:42.344 | INFO     | logos:scraper_logos_depuis_page:116 - Logo trouvé : Liverpool → https://cdn.ssref.net/req/202602161/tlogo/fb/mini.822bd0ba.png
2026-03-11 14:36:42.345 | INFO     | logos:scraper_logos_depuis_page:116 - Logo trouvé : Arsenal → https://cdn.ssref.net/req/202602161/tlogo/fb/mini.18bb7c10.png
2026-03-11 14:36:42.347 | INFO     | logos:scraper_logos_depuis_page:116 - Logo trouvé : Manchester City → https://cdn.ssref.net/req/202602161/tlogo/fb/mini.b8fd03ef.png
2026-03-11 14:36:42.347 | INFO     | logos:scraper_logos_depuis_page:116 - Logo trouvé : Chelsea → https://cdn.ssref.net/req/202602161/tlogo/fb/mini.cff3d9bb.png
2026-03-11 14:36:42.348 | INFO     | logos:scraper_logos_depuis_page:116 - Logo trouvé : Newcastle United → https://cdn.ssref.net/req/202602161/tlogo/fb/mini.b2b47a98.png
2026-03-11 14:36:42.349 | INFO     | logos:scraper_logos_depuis_page:116 - Logo trouvé : Aston Villa → https://cdn.ssref.net/req/202602161/tlogo/fb/mini.8602292d.png
2026-03-11 14:36:42.353 | INFO     | logos:scraper_logos_depuis_page:116 - Logo trouvé : Nottingham Forest → https://cdn.ssref.net/req/202602161/tlogo/fb/mini.e4a775cb.png
2026-03-11 14:36:42.354 | INFO     | logos:scraper_logos_depuis_page:116 - Logo trouvé : Brighton → https://cdn.ssref.net/req/202602161/tlogo/fb/mini.d07537b9.png
2026-03-11 14:36:42.355 | INFO     | logos:scraper_logos_depuis_page:116 - Logo trouvé : Bournemouth → https://cdn.ssref.net/req/202602161/tlogo/fb/mini.4ba7cbea.png
2026-03-11 14:36:42.356 | INFO     | logos:scraper_logos_depuis_page:116 - Logo trouvé : Brentford → https://cdn.ssref.net/req/202602161/tlogo/fb/mini.cd051869.png
2026-03-11 14:36:42.357 | INFO     | logos:scraper_logos_depuis_page:116 - Logo trouvé : Fulham → https://cdn.ssref.net/req/202602161/tlogo/fb/mini.fd962109.png
2026-03-11 14:36:42.358 | INFO     | logos:scraper_logos_depuis_page:116 - Logo trouvé : Crystal Palace → https://cdn.ssref.net/req/202602161/tlogo/fb/mini.47c64c55.png
2026-03-11 14:36:42.359 | INFO     | logos:scraper_logos_depuis_page:116 - Logo trouvé : Everton → https://cdn.ssref.net/req/202602161/tlogo/fb/mini.d3fd31cc.png
2026-03-11 14:36:42.361 | INFO     | logos:scraper_logos_depuis_page:116 - Logo trouvé : West Ham United → https://cdn.ssref.net/req/202602161/tlogo/fb/mini.7c21e445.png
2026-03-11 14:36:42.362 | INFO     | logos:scraper_logos_depuis_page:116 - Logo trouvé : Manchester Utd → https://cdn.ssref.net/req/202602161/tlogo/fb/mini.19538871.png
2026-03-11 14:36:42.364 | INFO     | logos:scraper_logos_depuis_page:116 - Logo trouvé : Wolves → https://cdn.ssref.net/req/202602161/tlogo/fb/mini.8cec06e1.png
2026-03-11 14:36:42.366 | INFO     | logos:scraper_logos_depuis_page:116 - Logo trouvé : Tottenham Hotspur → https://cdn.ssref.net/req/202602161/tlogo/fb/mini.361ca564.png
2026-03-11 14:36:42.371 | INFO     | logos:scraper_logos_depuis_page:116 - Logo trouvé : Leicester City → https://cdn.ssref.net/req/202602161/tlogo/fb/mini.a2d435b3.png
2026-03-11 14:36:42.374 | INFO     | logos:scraper_logos_depuis_page:116 - Logo trouvé : Ipswich Town → https://cdn.ssref.net/req/202602161/tlogo/fb/mini.b74092de.png
2026-03-11 14:36:42.375 | INFO     | logos:scraper_logos_depuis_page:116 - Logo trouvé : Southampton → https://cdn.ssref.net/req/202602161/tlogo/fb/mini.33c895d4.png
2026-03-11 14:36:42.384 | SUCCESS  | logos:scraper_logos_depuis_page:118 - Premier League : 20 logos trouvés
2026-03-11 14:36:46.120 | INFO     | logos:telecharger_tous_logos:211 - Scraping logos : La Liga
2026-03-11 14:36:47.553 | INFO     | logos:scraper_logos_depuis_page:116 - Logo trouvé : Barcelona → https://cdn.ssref.net/req/202602161/tlogo/fb/mini.206d90db.png
2026-03-11 14:36:47.554 | INFO     | logos:scraper_logos_depuis_page:116 - Logo trouvé : Real Madrid → https://cdn.ssref.net/req/202602161/tlogo/fb/mini.53a2f082.png
2026-03-11 14:36:47.555 | INFO     | logos:scraper_logos_depuis_page:116 - Logo trouvé : Atlético Madrid → https://cdn.ssref.net/req/202602161/tlogo/fb/mini.db3b9613.png
2026-03-11 14:36:47.555 | INFO     | logos:scraper_logos_depuis_page:116 - Logo trouvé : Athletic Club → https://cdn.ssref.net/req/202602161/tlogo/fb/mini.2b390eca.png
2026-03-11 14:36:47.556 | INFO     | logos:scraper_logos_depuis_page:116 - Logo trouvé : Villarreal → https://cdn.ssref.net/req/202602161/tlogo/fb/mini.2a8183b3.png
2026-03-11 14:36:47.556 | INFO     | logos:scraper_logos_depuis_page:116 - Logo trouvé : Real Betis → https://cdn.ssref.net/req/202602161/tlogo/fb/mini.fc536746.png
2026-03-11 14:36:47.557 | INFO     | logos:scraper_logos_depuis_page:116 - Logo trouvé : Celta Vigo → https://cdn.ssref.net/req/202602161/tlogo/fb/mini.f25da7fb.png
2026-03-11 14:36:47.558 | INFO     | logos:scraper_logos_depuis_page:116 - Logo trouvé : Rayo Vallecano → https://cdn.ssref.net/req/202602161/tlogo/fb/mini.98e8af82.png
2026-03-11 14:36:47.558 | INFO     | logos:scraper_logos_depuis_page:116 - Logo trouvé : Osasuna → https://cdn.ssref.net/req/202602161/tlogo/fb/mini.03c57e2b.png
2026-03-11 14:36:47.559 | INFO     | logos:scraper_logos_depuis_page:116 - Logo trouvé : Mallorca → https://cdn.ssref.net/req/202602161/tlogo/fb/mini.2aa12281.png
2026-03-11 14:36:47.559 | INFO     | logos:scraper_logos_depuis_page:116 - Logo trouvé : Real Sociedad → https://cdn.ssref.net/req/202602161/tlogo/fb/mini.e31d1cd9.png
2026-03-11 14:36:47.561 | INFO     | logos:scraper_logos_depuis_page:116 - Logo trouvé : Valencia → https://cdn.ssref.net/req/202602161/tlogo/fb/mini.dcc91a7b.png
2026-03-11 14:36:47.566 | INFO     | logos:scraper_logos_depuis_page:116 - Logo trouvé : Getafe → https://cdn.ssref.net/req/202602161/tlogo/fb/mini.7848bd64.png
2026-03-11 14:36:47.567 | INFO     | logos:scraper_logos_depuis_page:116 - Logo trouvé : Espanyol → https://cdn.ssref.net/req/202602161/tlogo/fb/mini.a8661628.png
2026-03-11 14:36:47.568 | INFO     | logos:scraper_logos_depuis_page:116 - Logo trouvé : Alavés → https://cdn.ssref.net/req/202602161/tlogo/fb/mini.8d6fd021.png
2026-03-11 14:36:47.568 | INFO     | logos:scraper_logos_depuis_page:116 - Logo trouvé : Girona → https://cdn.ssref.net/req/202602161/tlogo/fb/mini.9024a00a.png
2026-03-11 14:36:47.569 | INFO     | logos:scraper_logos_depuis_page:116 - Logo trouvé : Sevilla → https://cdn.ssref.net/req/202602161/tlogo/fb/mini.ad2be733.png
2026-03-11 14:36:47.570 | INFO     | logos:scraper_logos_depuis_page:116 - Logo trouvé : Leganés → https://cdn.ssref.net/req/202602161/tlogo/fb/mini.7c6f2c78.png
2026-03-11 14:36:47.571 | INFO     | logos:scraper_logos_depuis_page:116 - Logo trouvé : Las Palmas → https://cdn.ssref.net/req/202602161/tlogo/fb/mini.0049d422.png
2026-03-11 14:36:47.574 | INFO     | logos:scraper_logos_depuis_page:116 - Logo trouvé : Valladolid → https://cdn.ssref.net/req/202602161/tlogo/fb/mini.17859612.png
2026-03-11 14:36:47.577 | SUCCESS  | logos:scraper_logos_depuis_page:118 - La Liga : 20 logos trouvés
2026-03-11 14:36:51.503 | INFO     | logos:telecharger_tous_logos:211 - Scraping logos : Serie A
2026-03-11 14:36:52.891 | INFO     | logos:scraper_logos_depuis_page:116 - Logo trouvé : Napoli → https://cdn.ssref.net/req/202602161/tlogo/fb/mini.d48ad4ff.png
2026-03-11 14:36:52.891 | INFO     | logos:scraper_logos_depuis_page:116 - Logo trouvé : Inter → https://cdn.ssref.net/req/202602161/tlogo/fb/mini.d609edc0.png
2026-03-11 14:36:52.892 | INFO     | logos:scraper_logos_depuis_page:116 - Logo trouvé : Atalanta → https://cdn.ssref.net/req/202602161/tlogo/fb/mini.922493f3.png
2026-03-11 14:36:52.893 | INFO     | logos:scraper_logos_depuis_page:116 - Logo trouvé : Juventus → https://cdn.ssref.net/req/202602161/tlogo/fb/mini.e0652b02.png
2026-03-11 14:36:52.893 | INFO     | logos:scraper_logos_depuis_page:116 - Logo trouvé : Roma → https://cdn.ssref.net/req/202602161/tlogo/fb/mini.cf74a709.png
2026-03-11 14:36:52.894 | INFO     | logos:scraper_logos_depuis_page:116 - Logo trouvé : Fiorentina → https://cdn.ssref.net/req/202602161/tlogo/fb/mini.421387cf.png
2026-03-11 14:36:52.894 | INFO     | logos:scraper_logos_depuis_page:116 - Logo trouvé : Lazio → https://cdn.ssref.net/req/202602161/tlogo/fb/mini.7213da33.png
2026-03-11 14:36:52.895 | INFO     | logos:scraper_logos_depuis_page:116 - Logo trouvé : Milan → https://cdn.ssref.net/req/202602161/tlogo/fb/mini.dc56fe14.png
2026-03-11 14:36:52.895 | INFO     | logos:scraper_logos_depuis_page:116 - Logo trouvé : Bologna → https://cdn.ssref.net/req/202602161/tlogo/fb/mini.1d8099f8.png
2026-03-11 14:36:52.896 | INFO     | logos:scraper_logos_depuis_page:116 - Logo trouvé : Como → https://cdn.ssref.net/req/202602161/tlogo/fb/mini.28c9c3cd.png
2026-03-11 14:36:52.896 | INFO     | logos:scraper_logos_depuis_page:116 - Logo trouvé : Torino → https://cdn.ssref.net/req/202602161/tlogo/fb/mini.105360fe.png
2026-03-11 14:36:52.897 | INFO     | logos:scraper_logos_depuis_page:116 - Logo trouvé : Udinese → https://cdn.ssref.net/req/202602161/tlogo/fb/mini.04eea015.png
2026-03-11 14:36:52.898 | INFO     | logos:scraper_logos_depuis_page:116 - Logo trouvé : Genoa → https://cdn.ssref.net/req/202602161/tlogo/fb/mini.658bf2de.png
2026-03-11 14:36:52.899 | INFO     | logos:scraper_logos_depuis_page:116 - Logo trouvé : Hellas Verona → https://cdn.ssref.net/req/202602161/tlogo/fb/mini.0e72edf2.png
2026-03-11 14:36:52.899 | INFO     | logos:scraper_logos_depuis_page:116 - Logo trouvé : Cagliari → https://cdn.ssref.net/req/202602161/tlogo/fb/mini.c4260e09.png
2026-03-11 14:36:52.900 | INFO     | logos:scraper_logos_depuis_page:116 - Logo trouvé : Parma → https://cdn.ssref.net/req/202602161/tlogo/fb/mini.eab4234c.png
2026-03-11 14:36:52.900 | INFO     | logos:scraper_logos_depuis_page:116 - Logo trouvé : Lecce → https://cdn.ssref.net/req/202602161/tlogo/fb/mini.ffcbe334.png
2026-03-11 14:36:52.901 | INFO     | logos:scraper_logos_depuis_page:116 - Logo trouvé : Empoli → https://cdn.ssref.net/req/202602161/tlogo/fb/mini.a3d88bd8.png
2026-03-11 14:36:52.901 | INFO     | logos:scraper_logos_depuis_page:116 - Logo trouvé : Venezia → https://cdn.ssref.net/req/202602161/tlogo/fb/mini.af5d5982.png
2026-03-11 14:36:52.902 | INFO     | logos:scraper_logos_depuis_page:116 - Logo trouvé : Monza → https://cdn.ssref.net/req/202602161/tlogo/fb/mini.21680aa4.png
2026-03-11 14:36:52.902 | SUCCESS  | logos:scraper_logos_depuis_page:118 - Serie A : 20 logos trouvés
2026-03-11 14:36:56.497 | INFO     | logos:telecharger_tous_logos:211 - Scraping logos : Ligue 1
2026-03-11 14:36:58.155 | INFO     | logos:scraper_logos_depuis_page:116 - Logo trouvé : Paris Saint-Germain → https://cdn.ssref.net/req/202602161/tlogo/fb/mini.e2d8892c.png
2026-03-11 14:36:58.156 | INFO     | logos:scraper_logos_depuis_page:116 - Logo trouvé : Marseille → https://cdn.ssref.net/req/202602161/tlogo/fb/mini.5725cc7b.png
2026-03-11 14:36:58.157 | INFO     | logos:scraper_logos_depuis_page:116 - Logo trouvé : Monaco → https://cdn.ssref.net/req/202602161/tlogo/fb/mini.fd6114db.png
2026-03-11 14:36:58.157 | INFO     | logos:scraper_logos_depuis_page:116 - Logo trouvé : Nice → https://cdn.ssref.net/req/202602161/tlogo/fb/mini.132ebc33.png
2026-03-11 14:36:58.158 | INFO     | logos:scraper_logos_depuis_page:116 - Logo trouvé : Lille → https://cdn.ssref.net/req/202602161/tlogo/fb/mini.cb188c0c.png
2026-03-11 14:36:58.159 | INFO     | logos:scraper_logos_depuis_page:116 - Logo trouvé : Lyon → https://cdn.ssref.net/req/202602161/tlogo/fb/mini.d53c0b06.png
2026-03-11 14:36:58.159 | INFO     | logos:scraper_logos_depuis_page:116 - Logo trouvé : Strasbourg → https://cdn.ssref.net/req/202602161/tlogo/fb/mini.c0d3eab4.png
2026-03-11 14:36:58.160 | INFO     | logos:scraper_logos_depuis_page:116 - Logo trouvé : Lens → https://cdn.ssref.net/req/202602161/tlogo/fb/mini.fd4e0f7d.png
2026-03-11 14:36:58.160 | INFO     | logos:scraper_logos_depuis_page:116 - Logo trouvé : Brest → https://cdn.ssref.net/req/202602161/tlogo/fb/mini.fb08dbb3.png
2026-03-11 14:36:58.163 | INFO     | logos:scraper_logos_depuis_page:116 - Logo trouvé : Toulouse → https://cdn.ssref.net/req/202602161/tlogo/fb/mini.3f8c4b5f.png
2026-03-11 14:36:58.165 | INFO     | logos:scraper_logos_depuis_page:116 - Logo trouvé : Auxerre → https://cdn.ssref.net/req/202602161/tlogo/fb/mini.5ae09109.png
2026-03-11 14:36:58.167 | INFO     | logos:scraper_logos_depuis_page:116 - Logo trouvé : Rennes → https://cdn.ssref.net/req/202602161/tlogo/fb/mini.b3072e00.png
2026-03-11 14:36:58.168 | INFO     | logos:scraper_logos_depuis_page:116 - Logo trouvé : Nantes → https://cdn.ssref.net/req/202602161/tlogo/fb/mini.d7a486cd.png
2026-03-11 14:36:58.169 | INFO     | logos:scraper_logos_depuis_page:116 - Logo trouvé : Angers → https://cdn.ssref.net/req/202602161/tlogo/fb/mini.69236f98.png
2026-03-11 14:36:58.171 | INFO     | logos:scraper_logos_depuis_page:116 - Logo trouvé : Le Havre → https://cdn.ssref.net/req/202602161/tlogo/fb/mini.5c2737db.png
2026-03-11 14:36:58.176 | INFO     | logos:scraper_logos_depuis_page:116 - Logo trouvé : Reims → https://cdn.ssref.net/req/202602161/tlogo/fb/mini.7fdd64e0.png
2026-03-11 14:36:58.179 | INFO     | logos:scraper_logos_depuis_page:116 - Logo trouvé : Saint-Étienne → https://cdn.ssref.net/req/202602161/tlogo/fb/mini.d298ef2c.png
2026-03-11 14:36:58.182 | INFO     | logos:scraper_logos_depuis_page:116 - Logo trouvé : Montpellier → https://cdn.ssref.net/req/202602161/tlogo/fb/mini.281b0e73.png
2026-03-11 14:36:58.183 | SUCCESS  | logos:scraper_logos_depuis_page:118 - Ligue 1 : 18 logos trouvés
2026-03-11 14:37:01.458 | INFO     | logos:telecharger_tous_logos:211 - Scraping logos : Bundesliga
2026-03-11 14:37:02.795 | INFO     | logos:scraper_logos_depuis_page:116 - Logo trouvé : Bayern Munich → https://cdn.ssref.net/req/202602161/tlogo/fb/mini.054efa67.png
2026-03-11 14:37:02.796 | INFO     | logos:scraper_logos_depuis_page:116 - Logo trouvé : Leverkusen → https://cdn.ssref.net/req/202602161/tlogo/fb/mini.c7a9f859.png
2026-03-11 14:37:02.796 | INFO     | logos:scraper_logos_depuis_page:116 - Logo trouvé : Eintracht Frankfurt → https://cdn.ssref.net/req/202602161/tlogo/fb/mini.f0ac8ee6.png
2026-03-11 14:37:02.797 | INFO     | logos:scraper_logos_depuis_page:116 - Logo trouvé : Dortmund → https://cdn.ssref.net/req/202602161/tlogo/fb/mini.add600ae.png
2026-03-11 14:37:02.797 | INFO     | logos:scraper_logos_depuis_page:116 - Logo trouvé : Freiburg → https://cdn.ssref.net/req/202602161/tlogo/fb/mini.a486e511.png
2026-03-11 14:37:02.798 | INFO     | logos:scraper_logos_depuis_page:116 - Logo trouvé : Mainz 05 → https://cdn.ssref.net/req/202602161/tlogo/fb/mini.a224b06a.png
2026-03-11 14:37:02.798 | INFO     | logos:scraper_logos_depuis_page:116 - Logo trouvé : RB Leipzig → https://cdn.ssref.net/req/202602161/tlogo/fb/mini.acbb6a5b.png
2026-03-11 14:37:02.798 | INFO     | logos:scraper_logos_depuis_page:116 - Logo trouvé : Werder Bremen → https://cdn.ssref.net/req/202602161/tlogo/fb/mini.62add3bf.png
2026-03-11 14:37:02.799 | INFO     | logos:scraper_logos_depuis_page:116 - Logo trouvé : Stuttgart → https://cdn.ssref.net/req/202602161/tlogo/fb/mini.598bc722.png
2026-03-11 14:37:02.799 | INFO     | logos:scraper_logos_depuis_page:116 - Logo trouvé : Gladbach → https://cdn.ssref.net/req/202602161/tlogo/fb/mini.32f3ee20.png
2026-03-11 14:37:02.800 | INFO     | logos:scraper_logos_depuis_page:116 - Logo trouvé : Wolfsburg → https://cdn.ssref.net/req/202602161/tlogo/fb/mini.4eaa11d7.png
2026-03-11 14:37:02.800 | INFO     | logos:scraper_logos_depuis_page:116 - Logo trouvé : Augsburg → https://cdn.ssref.net/req/202602161/tlogo/fb/mini.0cdc4311.png
2026-03-11 14:37:02.800 | INFO     | logos:scraper_logos_depuis_page:116 - Logo trouvé : Union Berlin → https://cdn.ssref.net/req/202602161/tlogo/fb/mini.7a41008f.png
2026-03-11 14:37:02.801 | INFO     | logos:scraper_logos_depuis_page:116 - Logo trouvé : St Pauli → https://cdn.ssref.net/req/202602161/tlogo/fb/mini.54864664.png
2026-03-11 14:37:02.801 | INFO     | logos:scraper_logos_depuis_page:116 - Logo trouvé : Hoffenheim → https://cdn.ssref.net/req/202602161/tlogo/fb/mini.033ea6b8.png
2026-03-11 14:37:02.802 | INFO     | logos:scraper_logos_depuis_page:116 - Logo trouvé : Heidenheim → https://cdn.ssref.net/req/202602161/tlogo/fb/mini.18d9d2a7.png
2026-03-11 14:37:02.802 | INFO     | logos:scraper_logos_depuis_page:116 - Logo trouvé : Holstein Kiel → https://cdn.ssref.net/req/202602161/tlogo/fb/mini.2ac661d9.png
2026-03-11 14:37:02.802 | INFO     | logos:scraper_logos_depuis_page:116 - Logo trouvé : Bochum → https://cdn.ssref.net/req/202602161/tlogo/fb/mini.b42c6323.png
2026-03-11 14:37:02.803 | SUCCESS  | logos:scraper_logos_depuis_page:118 - Bundesliga : 18 logos trouvés
2026-03-11 14:37:06.758 | INFO     | logos:telecharger_tous_logos:218 - 96 logos à télécharger
2026-03-11 14:37:08.585 | SUCCESS  | logos:telecharger_tous_logos:243 - [1/96] ✅ Chelsea (Premier League)
2026-03-11 14:37:08.593 | SUCCESS  | logos:telecharger_tous_logos:243 - [2/96] ✅ Arsenal (Premier League)
2026-03-11 14:37:08.605 | SUCCESS  | logos:telecharger_tous_logos:243 - [3/96] ✅ Newcastle United (Premier League)
2026-03-11 14:37:08.617 | SUCCESS  | logos:telecharger_tous_logos:243 - [4/96] ✅ Manchester City (Premier League)
2026-03-11 14:37:08.629 | SUCCESS  | logos:telecharger_tous_logos:243 - [5/96] ✅ Liverpool (Premier League)
2026-03-11 14:37:09.850 | SUCCESS  | logos:telecharger_tous_logos:243 - [6/96] ✅ Nottingham Forest (Premier League)
2026-03-11 14:37:10.082 | SUCCESS  | logos:telecharger_tous_logos:243 - [7/96] ✅ Aston Villa (Premier League)
2026-03-11 14:37:10.097 | SUCCESS  | logos:telecharger_tous_logos:243 - [8/96] ✅ Brentford (Premier League)
2026-03-11 14:37:10.130 | SUCCESS  | logos:telecharger_tous_logos:243 - [9/96] ✅ Bournemouth (Premier League)
2026-03-11 14:37:10.219 | SUCCESS  | logos:telecharger_tous_logos:243 - [10/96] ✅ Brighton (Premier League)
2026-03-11 14:37:11.174 | SUCCESS  | logos:telecharger_tous_logos:243 - [11/96] ✅ Crystal Palace (Premier League)
2026-03-11 14:37:11.529 | SUCCESS  | logos:telecharger_tous_logos:243 - [12/96] ✅ Fulham (Premier League)
2026-03-11 14:37:11.782 | SUCCESS  | logos:telecharger_tous_logos:243 - [13/96] ✅ West Ham United (Premier League)
2026-03-11 14:37:11.870 | SUCCESS  | logos:telecharger_tous_logos:243 - [14/96] ✅ Everton (Premier League)
2026-03-11 14:37:11.978 | SUCCESS  | logos:telecharger_tous_logos:243 - [15/96] ✅ Manchester Utd (Premier League)
2026-03-11 14:37:12.713 | SUCCESS  | logos:telecharger_tous_logos:243 - [16/96] ✅ Wolves (Premier League)
2026-03-11 14:37:12.883 | SUCCESS  | logos:telecharger_tous_logos:243 - [17/96] ✅ Tottenham Hotspur (Premier League)
2026-03-11 14:37:13.091 | SUCCESS  | logos:telecharger_tous_logos:243 - [18/96] ✅ Ipswich Town (Premier League)
2026-03-11 14:37:13.324 | SUCCESS  | logos:telecharger_tous_logos:243 - [19/96] ✅ Leicester City (Premier League)
2026-03-11 14:37:13.352 | SUCCESS  | logos:telecharger_tous_logos:243 - [20/96] ✅ Southampton (Premier League)
2026-03-11 14:37:13.978 | SUCCESS  | logos:telecharger_tous_logos:243 - [21/96] ✅ Barcelona (La Liga)
2026-03-11 14:37:13.998 | SUCCESS  | logos:telecharger_tous_logos:243 - [22/96] ✅ Real Madrid (La Liga)
2026-03-11 14:37:14.622 | SUCCESS  | logos:telecharger_tous_logos:243 - [23/96] ✅ Atlético Madrid (La Liga)
2026-03-11 14:37:14.632 | SUCCESS  | logos:telecharger_tous_logos:243 - [24/96] ✅ Villarreal (La Liga)
2026-03-11 14:37:14.768 | SUCCESS  | logos:telecharger_tous_logos:243 - [25/96] ✅ Athletic Club (La Liga)
2026-03-11 14:37:15.261 | SUCCESS  | logos:telecharger_tous_logos:243 - [26/96] ✅ Real Betis (La Liga)
2026-03-11 14:37:15.669 | SUCCESS  | logos:telecharger_tous_logos:243 - [27/96] ✅ Celta Vigo (La Liga)
2026-03-11 14:37:15.973 | SUCCESS  | logos:telecharger_tous_logos:243 - [28/96] ✅ Rayo Vallecano (La Liga)
2026-03-11 14:37:16.401 | SUCCESS  | logos:telecharger_tous_logos:243 - [29/96] ✅ Osasuna (La Liga)
2026-03-11 14:37:16.465 | SUCCESS  | logos:telecharger_tous_logos:243 - [30/96] ✅ Mallorca (La Liga)
2026-03-11 14:37:16.702 | SUCCESS  | logos:telecharger_tous_logos:243 - [31/96] ✅ Real Sociedad (La Liga)
2026-03-11 14:37:17.266 | SUCCESS  | logos:telecharger_tous_logos:243 - [32/96] ✅ Valencia (La Liga)
2026-03-11 14:37:17.690 | SUCCESS  | logos:telecharger_tous_logos:243 - [33/96] ✅ Getafe (La Liga)
2026-03-11 14:37:17.798 | SUCCESS  | logos:telecharger_tous_logos:243 - [34/96] ✅ Alavés (La Liga)
2026-03-11 14:37:17.900 | SUCCESS  | logos:telecharger_tous_logos:243 - [35/96] ✅ Espanyol (La Liga)
2026-03-11 14:37:18.451 | SUCCESS  | logos:telecharger_tous_logos:243 - [36/96] ✅ Girona (La Liga)
2026-03-11 14:37:18.644 | SUCCESS  | logos:telecharger_tous_logos:243 - [37/96] ✅ Sevilla (La Liga)
2026-03-11 14:37:19.434 | SUCCESS  | logos:telecharger_tous_logos:243 - [38/96] ✅ Valladolid (La Liga)
2026-03-11 14:37:19.571 | SUCCESS  | logos:telecharger_tous_logos:243 - [39/96] ✅ Las Palmas (La Liga)
2026-03-11 14:37:19.612 | SUCCESS  | logos:telecharger_tous_logos:243 - [40/96] ✅ Leganés (La Liga)
2026-03-11 14:37:19.761 | SUCCESS  | logos:telecharger_tous_logos:243 - [41/96] ✅ Napoli (Serie A)
2026-03-11 14:37:20.182 | SUCCESS  | logos:telecharger_tous_logos:243 - [42/96] ✅ Inter (Serie A)
2026-03-11 14:37:21.148 | SUCCESS  | logos:telecharger_tous_logos:243 - [43/96] ✅ Atalanta (Serie A)
2026-03-11 14:37:21.160 | SUCCESS  | logos:telecharger_tous_logos:243 - [44/96] ✅ Roma (Serie A)
2026-03-11 14:37:21.170 | SUCCESS  | logos:telecharger_tous_logos:243 - [45/96] ✅ Juventus (Serie A)
2026-03-11 14:37:21.766 | SUCCESS  | logos:telecharger_tous_logos:243 - [46/96] ✅ Lazio (Serie A)
2026-03-11 14:37:21.832 | SUCCESS  | logos:telecharger_tous_logos:243 - [47/96] ✅ Fiorentina (Serie A)
2026-03-11 14:37:22.465 | SUCCESS  | logos:telecharger_tous_logos:243 - [48/96] ✅ Como (Serie A)
2026-03-11 14:37:22.587 | SUCCESS  | logos:telecharger_tous_logos:243 - [49/96] ✅ Bologna (Serie A)
2026-03-11 14:37:22.639 | SUCCESS  | logos:telecharger_tous_logos:243 - [50/96] ✅ Milan (Serie A)
2026-03-11 14:37:23.169 | SUCCESS  | logos:telecharger_tous_logos:243 - [51/96] ✅ Torino (Serie A)
2026-03-11 14:37:23.445 | SUCCESS  | logos:telecharger_tous_logos:243 - [52/96] ✅ Udinese (Serie A)
2026-03-11 14:37:24.076 | SUCCESS  | logos:telecharger_tous_logos:243 - [53/96] ✅ Cagliari (Serie A)
2026-03-11 14:37:24.160 | SUCCESS  | logos:telecharger_tous_logos:243 - [54/96] ✅ Genoa (Serie A)
2026-03-11 14:37:24.230 | SUCCESS  | logos:telecharger_tous_logos:243 - [55/96] ✅ Hellas Verona (Serie A)
2026-03-11 14:37:24.745 | SUCCESS  | logos:telecharger_tous_logos:243 - [56/96] ✅ Parma (Serie A)
2026-03-11 14:37:25.093 | SUCCESS  | logos:telecharger_tous_logos:243 - [57/96] ✅ Lecce (Serie A)
2026-03-11 14:37:25.425 | SUCCESS  | logos:telecharger_tous_logos:243 - [58/96] ✅ Empoli (Serie A)
2026-03-11 14:37:25.793 | SUCCESS  | logos:telecharger_tous_logos:243 - [59/96] ✅ Venezia (Serie A)
2026-03-11 14:37:26.085 | SUCCESS  | logos:telecharger_tous_logos:243 - [60/96] ✅ Monza (Serie A)
2026-03-11 14:37:26.097 | SUCCESS  | logos:telecharger_tous_logos:243 - [61/96] ✅ Paris Saint-Germain (Ligue 1)
2026-03-11 14:37:26.618 | SUCCESS  | logos:telecharger_tous_logos:243 - [62/96] ✅ Marseille (Ligue 1)
2026-03-11 14:37:27.041 | SUCCESS  | logos:telecharger_tous_logos:243 - [63/96] ✅ Monaco (Ligue 1)
2026-03-11 14:37:27.359 | SUCCESS  | logos:telecharger_tous_logos:243 - [64/96] ✅ Nice (Ligue 1)
2026-03-11 14:37:27.661 | SUCCESS  | logos:telecharger_tous_logos:243 - [65/96] ✅ Lille (Ligue 1)
2026-03-11 14:37:27.811 | SUCCESS  | logos:telecharger_tous_logos:243 - [66/96] ✅ Lyon (Ligue 1)
2026-03-11 14:37:27.960 | SUCCESS  | logos:telecharger_tous_logos:243 - [67/96] ✅ Strasbourg (Ligue 1)
2026-03-11 14:37:28.400 | SUCCESS  | logos:telecharger_tous_logos:243 - [68/96] ✅ Lens (Ligue 1)
2026-03-11 14:37:28.584 | SUCCESS  | logos:telecharger_tous_logos:243 - [69/96] ✅ Brest (Ligue 1)
2026-03-11 14:37:29.182 | SUCCESS  | logos:telecharger_tous_logos:243 - [70/96] ✅ Rennes (Ligue 1)
2026-03-11 14:37:29.241 | SUCCESS  | logos:telecharger_tous_logos:243 - [71/96] ✅ Toulouse (Ligue 1)
2026-03-11 14:37:29.410 | SUCCESS  | logos:telecharger_tous_logos:243 - [72/96] ✅ Auxerre (Ligue 1)
2026-03-11 14:37:29.669 | SUCCESS  | logos:telecharger_tous_logos:243 - [73/96] ✅ Nantes (Ligue 1)
2026-03-11 14:37:29.766 | SUCCESS  | logos:telecharger_tous_logos:243 - [74/96] ✅ Angers (Ligue 1)
2026-03-11 14:37:30.681 | SUCCESS  | logos:telecharger_tous_logos:243 - [75/96] ✅ Le Havre (Ligue 1)
2026-03-11 14:37:31.310 | SUCCESS  | logos:telecharger_tous_logos:243 - [76/96] ✅ Reims (Ligue 1)
2026-03-11 14:37:31.318 | SUCCESS  | logos:telecharger_tous_logos:243 - [77/96] ✅ Saint-Étienne (Ligue 1)
2026-03-11 14:37:31.349 | SUCCESS  | logos:telecharger_tous_logos:243 - [78/96] ✅ Montpellier (Ligue 1)
2026-03-11 14:37:31.370 | SUCCESS  | logos:telecharger_tous_logos:243 - [79/96] ✅ Bayern Munich (Bundesliga)
2026-03-11 14:37:31.923 | SUCCESS  | logos:telecharger_tous_logos:243 - [80/96] ✅ Leverkusen (Bundesliga)
2026-03-11 14:37:32.503 | SUCCESS  | logos:telecharger_tous_logos:243 - [81/96] ✅ Freiburg (Bundesliga)
2026-03-11 14:37:32.812 | SUCCESS  | logos:telecharger_tous_logos:243 - [82/96] ✅ Dortmund (Bundesliga)
2026-03-11 14:37:32.895 | SUCCESS  | logos:telecharger_tous_logos:243 - [83/96] ✅ Eintracht Frankfurt (Bundesliga)
2026-03-11 14:37:32.937 | SUCCESS  | logos:telecharger_tous_logos:243 - [84/96] ✅ Mainz 05 (Bundesliga)
2026-03-11 14:37:33.083 | SUCCESS  | logos:telecharger_tous_logos:243 - [85/96] ✅ RB Leipzig (Bundesliga)
2026-03-11 14:37:33.692 | SUCCESS  | logos:telecharger_tous_logos:243 - [86/96] ✅ Werder Bremen (Bundesliga)
2026-03-11 14:37:34.365 | SUCCESS  | logos:telecharger_tous_logos:243 - [87/96] ✅ Stuttgart (Bundesliga)
2026-03-11 14:37:34.377 | SUCCESS  | logos:telecharger_tous_logos:243 - [88/96] ✅ Gladbach (Bundesliga)
2026-03-11 14:37:34.386 | SUCCESS  | logos:telecharger_tous_logos:243 - [89/96] ✅ Wolfsburg (Bundesliga)
2026-03-11 14:37:34.750 | SUCCESS  | logos:telecharger_tous_logos:243 - [90/96] ✅ Augsburg (Bundesliga)
2026-03-11 14:37:34.820 | SUCCESS  | logos:telecharger_tous_logos:243 - [91/96] ✅ Union Berlin (Bundesliga)
2026-03-11 14:37:35.950 | SUCCESS  | logos:telecharger_tous_logos:243 - [92/96] ✅ Heidenheim (Bundesliga)
2026-03-11 14:37:36.153 | SUCCESS  | logos:telecharger_tous_logos:243 - [93/96] ✅ Hoffenheim (Bundesliga)
2026-03-11 14:37:36.163 | SUCCESS  | logos:telecharger_tous_logos:243 - [94/96] ✅ Holstein Kiel (Bundesliga)
2026-03-11 14:37:36.196 | SUCCESS  | logos:telecharger_tous_logos:243 - [95/96] ✅ St Pauli (Bundesliga)
2026-03-11 14:37:36.360 | SUCCESS  | logos:telecharger_tous_logos:243 - [96/96] ✅ Bochum (Bundesliga)
2026-03-11 14:37:36.361 | SUCCESS  | logos:telecharger_tous_logos:247 - 96/96 logos téléchargés avec succès
2026-03-11 14:37:36.363 | SUCCESS  | __main__:main:88 - Scraping complet terminé. Base de données prête.
